d50a97533a55426936dcaecc799f94a7,/V1/AN/$.mp3
aac1b12bd2ae45c790e72b2f92d82873,/V1/AN/&.mp3
27deba60772bbcf9e0de9ca6826d24f5,/V1/AN/1.mp3
7b902a2d24bff0b03728e24144ea2ce0,/V1/AN/2.mp3
78db7c2b45ba176355fb008ea51faa09,/V1/AN/3.mp3
f605723a0423700faae05657835455a0,/V1/AN/@.mp3
cc1e47d81c4aee3dd091ddfb8e319244,/V1/AN/A.mp3
319d30ced0256a92019f217517302846,/V1/AN/B.mp3
f551f40bdf710cf060ff0270dc476633,/V1/AN/C.mp3
9edcd958e0bc11c79f64dc629181fa8d,/V1/AN/D.mp3
29e85fc3977e11893828eab9e30509bf,/V1/AN/E.mp3
b924dbd6d768ec24618e7eaee2e15ba7,/V1/AN/F.mp3
4864beb81aa9e0f5b91db05c89a4b3e6,/V1/AN/G.mp3
550d22e0bbab2fbc98fef3fbe6ace4c0,/V1/AN/M.mp3
aa919f99a1980b9ce2264d1a5cfb2bbd,/V1/AN/MS.mp3
c199188e426d06f1d655f514a87e658b,/V1/AN/N.mp3
6acb146ffab654af051c97c37513936a,/V1/AN/O.mp3
91d2da26acb27705761ece19dcdf80a0,/V1/AN/P.mp3
e69476bea9775b8dd6fdd555db011ad7,/V1/AN/R.mp3
18d8aa4fcb7cdf01640ed87863573157,/V1/AN/S.mp3
b98be0a888022a2188c962f44d0252ea,/V1/AN/T.mp3
1a228b4e048055c6e7ff60cb6c6e5be5,/V1/AN/V.mp3
650a95c4cf6d7b4e54b15da517ee1b81,/V1/AN/W.mp3
5a19b9ab18e986cfba320a30d6a520b8,/V1/AN/X.mp3
43fa15926890ec37ca8b0c48cd328868,/V1/AN/Y.mp3
dec028c210ba9a595cfbb20f5895f045,/V1/NU/0.mp3
546f02878a3ab4335a2bc33ce23694f2,/V1/NU/00.mp3
d1424db6df5049fca26c576fbadf7a6f,/V1/NU/01.mp3
9cb8dc2ab2f7dd283a06774c4f28ada5,/V1/NU/02.mp3
a35c6dee138ffb1ca852f8ac2f2e93f4,/V1/NU/03.mp3
0f37099c511075a73f7fa70a00289699,/V1/NU/04.mp3
62e983d1dabab3b2744df8a72bcc5a05,/V1/NU/05.mp3
a1853127730decf2e5416502c470c13d,/V1/NU/06.mp3
d922f11ed2e9a5058a0e2eb5bd586b41,/V1/NU/07.mp3
30c89168640ed7e755d740c50a09fc60,/V1/NU/08.mp3
e297c8c4d1813d7fbcacbe99a5eda8ad,/V1/NU/09.mp3
071477b122eeac97a4d3a440205163e9,/V1/NU/0A.mp3
cce239c5f1929106a37ddfa07fff0fca,/V1/NU/0B.mp3
29d0fb3c5278b95e50f75eef4f92c466,/V1/NU/0C.mp3
c35afab00747100875cc7e2016591f78,/V1/NU/0D.mp3
e65e86e2daf858e90fc5757565c27c7c,/V1/NU/1.mp3
a56bea3c0c9e3850b5a152c483590ada,/V1/NU/10.mp3
495a5343313fd16e79fe0ec7cad4c68a,/V1/NU/10A.mp3
003d75195092948568c8acdb513822e1,/V1/NU/10B.mp3
bf7818746dcf7effb8c1393792157692,/V1/NU/10F.mp3
2951cd7b68423d17f7586e5031da3bf2,/V1/NU/10R.mp3
1d1fe31e8ac8febdf5f699ac2d584d41,/V1/NU/11.mp3
b532e6b34f307e28ae84bfad909b2d7a,/V1/NU/11A.mp3
47a1e6e7038801841880344c5c0a98d0,/V1/NU/11B.mp3
33f3fd58c405a67dfe3169d1f8eca8a7,/V1/NU/11C.mp3
990eaaca47a992eaf09305114dabb518,/V1/NU/11D.mp3
5184a34b7934bd40471738cf03b7f730,/V1/NU/11F.mp3
a2db6bfd0d98497acc6537ba1debaa3f,/V1/NU/11R.mp3
8d20621350cf1f56fe99a6df64664cc8,/V1/NU/12.mp3
a8fd8e8786de1d4d4ed5e7b6cf5c6cf1,/V1/NU/12A.mp3
70f9509772d44274e322cff22d3bdb46,/V1/NU/12B.mp3
353491e5271b0db8723b12ef628123ad,/V1/NU/12C.mp3
ce1ab4cceb6c81a6edd8eecefbcfec13,/V1/NU/12D.mp3
b9b141348e2671360f1886324533c869,/V1/NU/12F.mp3
17f339d8c676981d209d0a74b4e29171,/V1/NU/12R.mp3
46cf3c991a473c78e8f1560490f59252,/V1/NU/13.mp3
7565eed68bbe544c36aeb0ec499aad05,/V1/NU/13A.mp3
33fbe392e3e76e81880296352bef0c49,/V1/NU/13B.mp3
c7fd463ca1431edabab5d77d6b11f109,/V1/NU/13F.mp3
05fa371c1175ef8af54c16a0e2cf4561,/V1/NU/13R.mp3
3e1297f072bfdeeb5c59acee3d1fd94a,/V1/NU/14.mp3
65e4840c51bf067b391811fcaf686755,/V1/NU/14A.mp3
af62fc8c0da7e92c1419608861d3d2d3,/V1/NU/14B.mp3
5aad0d1c494b843515514f98a134916b,/V1/NU/14F.mp3
58a411391d8894f4f8f2a98112283d63,/V1/NU/14R.mp3
be619fe9853e073a440b0cebfdd27937,/V1/NU/15.mp3
03c186e6c15bc3dbe703eca68b084bf5,/V1/NU/15A.mp3
6a6da35aee31adfb705933527f075752,/V1/NU/15B.mp3
89408ed43a441a0e64821915e53ce6af,/V1/NU/15F.mp3
b293244b13342fc4c39722c8efca838a,/V1/NU/15R.mp3
ab17284d755041c9b41b25f7f48ed8ac,/V1/NU/16.mp3
4f6f4d8813b9c05921d0ee7c96171c29,/V1/NU/16A.mp3
1634bb47ad347eedf5093fcdaa24270c,/V1/NU/16B.mp3
f04230ced10449b28042338096e1b159,/V1/NU/16F.mp3
31ab93f0ec320eb92c8114923e8df6a3,/V1/NU/17.mp3
00f4b67777d6bb87ceac1a9fe0431079,/V1/NU/17A.mp3
e736307b4da0f5801527ce30fa922691,/V1/NU/17B.mp3
4a80db76bf2a7360fd7d26854d806648,/V1/NU/17F.mp3
fc6da283ce0149be07b4f8752cd35923,/V1/NU/18.mp3
419dc3aa5043ad2c5850fff24cdb0d09,/V1/NU/18F.mp3
6089b60f9aa73370ba9be701286fc41c,/V1/NU/19.mp3
adc344f669f3b7c401d1481bbc794a67,/V1/NU/19F.mp3
7b0d284f386af723fc85ca94fd69ead3,/V1/NU/1A.mp3
95df608f7f5099415a40efd8e6300659,/V1/NU/1B.mp3
101addebe1278b12d5c48143f663d95c,/V1/NU/1C.mp3
27b7481e8bb1c8850e87e664500aa85f,/V1/NU/1D.mp3
d1801275fc5b612d64e02489bf52ff75,/V1/NU/1F.mp3
cef614eca8806ed1f89f99ca0266333d,/V1/NU/1R.mp3
aab009029d2656b085235ad7b06112d5,/V1/NU/2.mp3
8b1cccb77ee4573aa222d8878c319d86,/V1/NU/20.mp3
b3eebc423d839de7c82cf5691a3ac677,/V1/NU/21.mp3
71e4e83813aa9eb6fc7ff0ae4264ddcb,/V1/NU/22.mp3
391bb8b662afe17686df03a46d1be2d6,/V1/NU/23.mp3
c81365e09198f2a6d3931dc75ca566db,/V1/NU/24.mp3
3524a5390763cbe253e3f89e35290fca,/V1/NU/25.mp3
a106cc1bab290318c433e7a420f1c3b9,/V1/NU/26.mp3
1eed45d9211f1a21c1b3f6bd36703fb7,/V1/NU/27.mp3
b4364bbe1336e3c0397bfa61b93f4837,/V1/NU/28.mp3
94b223296c4ae831cdd532e8325db1c3,/V1/NU/29.mp3
a18465291de0a0bbd18b14c76b65e3fc,/V1/NU/2A.mp3
1d17a7f36917b0b1c19a0cc25fe45bea,/V1/NU/2B.mp3
d04d40ef669c1941f4c8fa3e3d3f2a7c,/V1/NU/2C.mp3
87953626d481971f87b2da8afe2c1782,/V1/NU/2D.mp3
a4617d1d1d05ff182e9fa44ca6454e11,/V1/NU/2F.mp3
df82badf108b6153f55419cbfb6a48e2,/V1/NU/2R.mp3
b98d1e02abe8334888d53ed696380638,/V1/NU/3.mp3
34dca84ee625ff74d9d1ca6e18443796,/V1/NU/30.mp3
9fe64ff055ba68387ae49ef880263901,/V1/NU/31.mp3
60ac89f9c4572060b8272ca3eb364e55,/V1/NU/32.mp3
8ae8fedc7c2854b156a38ac09cddb4e3,/V1/NU/33.mp3
5ec137b71d1f6544166760962ba202fd,/V1/NU/34.mp3
8cf22b06da814a014679d5b836a60985,/V1/NU/35.mp3
c7b0e6e0d2034bde53589b2c48fa8e3f,/V1/NU/36.mp3
6ec05d821a52fcedbe626644403d12d7,/V1/NU/37.mp3
f0152b0f719ef5eeb6c7516f855e1caa,/V1/NU/38.mp3
fdb77335ccb26b30c6c246004d4de1f8,/V1/NU/39.mp3
d1653e5bb386750f32df37e3cbaccf53,/V1/NU/3A.mp3
243781dee243898e59cdd294a42588e8,/V1/NU/3B.mp3
d89e4e8e2f3b5b53180f811f332f1fd4,/V1/NU/3C.mp3
16169e7329bdacc1cb29689f716a824e,/V1/NU/3D.mp3
76e04dd2b0450cfc28fa3e180f5d11e1,/V1/NU/3F.mp3
92b5dddb2e7cae9dfa7f5b0de61a1a7b,/V1/NU/3R.mp3
398579b7b3925fe2f24024d4969be16c,/V1/NU/3T.mp3
16f5e113b3dc3dc77f155ee75c23b0cc,/V1/NU/4.mp3
5de95bc8cd9fed2362345d3f69044793,/V1/NU/40.mp3
29ca5b904e43efd9da92ad62895f5f72,/V1/NU/41.mp3
031b42ffc30b6f52524a7c1a128c4396,/V1/NU/42.mp3
5268380c00a33ea79f59bc50106ae96d,/V1/NU/43.mp3
815805bea807026d81934ca5a583c80c,/V1/NU/44.mp3
e9844e9a77c3cc3fe7e0b391998374a8,/V1/NU/45.mp3
4389969c820473e2fddb4d75061133a4,/V1/NU/46.mp3
6e68f25d905d53db8241e9c4287d15a5,/V1/NU/47.mp3
a8d2ee623c7379bcd7bd56203ebcff5b,/V1/NU/48.mp3
a0858b09a5eef7bf281a7103fc9772fc,/V1/NU/49.mp3
fb258991fb4841c6ef053ae90c8baef7,/V1/NU/4A.mp3
52ff2077d5011891009aee895a97ab58,/V1/NU/4B.mp3
38e8955dbb75123f7c1a5896882fff03,/V1/NU/4C.mp3
4e19c55f8046e35bcc7863e19675181b,/V1/NU/4D.mp3
d15f1e8b93c920f5c9ddb1d55696355b,/V1/NU/4E.mp3
2ecf7608684b67489aa7b27354bb8546,/V1/NU/4F.mp3
ea89d176464d8d8fd765a171b3b26bdc,/V1/NU/4R.mp3
ec151a7ed2bfd03b9e3ed4a87cc23cf5,/V1/NU/4T.mp3
cb7d59aa0d5da4a1a4ae70ec052b2b99,/V1/NU/4W.mp3
dea840b1357222f083981b6c87ce4fde,/V1/NU/5.mp3
6b4b920e01632ba062c169fc7d65d535,/V1/NU/50.mp3
aa19b28c306d4bc43bf183a96e34e716,/V1/NU/51.mp3
77a99973e4b59232cb0f9cb1f58d76ba,/V1/NU/52.mp3
89c6114553be5990231cf9e7a6da0fbe,/V1/NU/53.mp3
2f884a71ae81ae118d718934ef19d133,/V1/NU/54.mp3
0df2647699cbf581ba80802e66aa93bd,/V1/NU/55.mp3
6c2a4072ac39c46679203db1028c984d,/V1/NU/56.mp3
be24edd560bf29a6362f275d82d4217d,/V1/NU/57.mp3
b622a3e630618146b61546df9b657498,/V1/NU/58.mp3
fe79449b0fdaec423ea2707bb6abe4a3,/V1/NU/59.mp3
4538e5149d584646ad4e1a79700ceafa,/V1/NU/5A.mp3
e61faa775b8177d6bd60b68712c7e489,/V1/NU/5B.mp3
8d338712c2364716ce9942efebe6e34f,/V1/NU/5C.mp3
e06f9a3e71f598566b8236694a7ee295,/V1/NU/5D.mp3
434583e62a430020bd36758dbbfa3706,/V1/NU/5F.mp3
fc776ccd5600610856b6f43502fbf886,/V1/NU/5R.mp3
a9a684a993e6b2a6c2b831c4f1e80e5a,/V1/NU/6.mp3
e1addd72355c5eb0a94e89a2fee11280,/V1/NU/60.mp3
01e247064359dca1047636aa390da411,/V1/NU/6A.mp3
d57c8c4f04907194daf086dd7ab60ef9,/V1/NU/6B.mp3
baf100db0028b491b61756dca5354b24,/V1/NU/6C.mp3
8573a9cbcc423010a8e03a2a13729f0c,/V1/NU/6D.mp3
87323273e9d01f988c6565bf9db9e4b5,/V1/NU/6F.mp3
2ccc409cb915303e543c57151c1a3b10,/V1/NU/6N.mp3
ab948e156eb058c1e26dc04de1a7e173,/V1/NU/6R.mp3
8a3a8f2c71b538164fb3177038a2fc54,/V1/NU/6S.mp3
aa6b189ccfd123c74d7d4f5af84ab7ff,/V1/NU/7.mp3
087ef57ef86e80e5deb8d356848af8cb,/V1/NU/70.mp3
f6bb855bd6c77cc79290f0c89791a034,/V1/NU/7A.mp3
cf96929b736b37e91b61e499205d2303,/V1/NU/7B.mp3
3b97d42db307b1a302d992fb4aad92f3,/V1/NU/7C.mp3
193b142eacfa06018224b05b1c705a07,/V1/NU/7D.mp3
1ed971fd67f79d52dc169e7b689c3ad2,/V1/NU/7F.mp3
15798e1e26cf8b191acb5ed12662d890,/V1/NU/7N.mp3
479a7cd0e1ba6135b4f21463d3628cdb,/V1/NU/7R.mp3
392a29f4d698c5e4ed213a9d37401120,/V1/NU/7S.mp3
5eb1ba2fcccad72cad4be3c093cee5e3,/V1/NU/8.mp3
7906d029df77d0f7626da2a5170f8bf6,/V1/NU/80.mp3
d7c5fb48e3e5b6576ba1fe211a891015,/V1/NU/8A.mp3
9165d4721de5beee100c80cd959e06a5,/V1/NU/8B.mp3
3a9ce4f9b4a18a1287d51b38d5beb7f8,/V1/NU/8C.mp3
56007cd8f4a46f4cbcc729e7d817466d,/V1/NU/8D.mp3
f9116416df3145129fb0a6f2d01dbb07,/V1/NU/8E.mp3
9d53f6f3fed2130d6a91b841e152a168,/V1/NU/8F.mp3
456e213080139258d86cba6b48ca9d49,/V1/NU/8R.mp3
c459e663be611483ab5fdf0fffa837a6,/V1/NU/8W.mp3
c8d6ca6e47cb63878980f88155e7bec7,/V1/NU/9.mp3
332c2ba9a008861d4abf4b0a9094710c,/V1/NU/90.mp3
aea52471091441691cc6761e979c9e2b,/V1/NU/9A.mp3
1ead18b575e27fdaf51933ff744d06d5,/V1/NU/9B.mp3
ef890d49b206c9ed65acfe0c417f8489,/V1/NU/9C.mp3
0b8db9bee7175dfbb2585a10e69dea9a,/V1/NU/9D.mp3
5fcee03e509e81775cde049426e75db2,/V1/NU/9E.mp3
d3b01bc333295afa909f5e9b1b137e1c,/V1/NU/9F.mp3
a6780e21b36b30075fe0c31603421d4d,/V1/NU/9R.mp3
501d933c2d4a1b1f044b3f38d9a33a83,/V1/NU/9W.mp3
d5cdc563208211ab9f9c9daee083fad7,/V1/NU/A.mp3
da118d2d3d8db57dbc96844d3ce0e5d5,/V1/NU/B.mp3
21612fcebe22c81ba111978f0c32e3bb,/V1/NU/C.mp3
09dd073aa68ed8175562e0015ae556cd,/V1/NU/D.mp3
6156defc6801940621543c4f8477bf99,/V1/NU/ZO.mp3
c9256b41d764c43608dee0cad1197bd9,/V1/OP/AW$.mp3
397099423201d109644905b8760d6e33,/V1/OP/AW.mp3
ac9549e22526d303e0a19d8c338c3e6a,/V1/OP/CC$.mp3
d65ae61cd568ba612c7544d63a3ba403,/V1/OP/CC.mp3
9a17d498a2131d85d8968fc760ba2716,/V1/OP/CH$.mp3
a7837959c4ac70ea1b13dc997854ab22,/V1/OP/CH.mp3
a1671eba28ac76bbd4d6abd551d95472,/V1/OP/CS$.mp3
c5c5ecc6dba913029cd5b49a291263dc,/V1/OP/CS.mp3
28089a173c1ccd925f99688db8a44be1,/V1/OP/EM$.mp3
9a473d346488ebd8db2ad50c36d2de92,/V1/OP/EM.mp3
1d9418a5177f66ebacc221a9dda5ce62,/V1/OP/ES$.mp3
bc2992beb21f958e51ce5edf8ce2ad36,/V1/OP/ES.mp3
d20bf0128d5076a4bf5d7d5ac97bf802,/V1/OP/GC$.mp3
894f63ff3a131f578cf1ad11fcb3e414,/V1/OP/GC.mp3
77dc9a7381f13c7b69feaab688cdb4d1,/V1/OP/GN$.mp3
8bbe93aafb960f4f96d7bd3106606928,/V1/OP/GN.mp3
f07688766f2f7727d1fe9321e0355bf3,/V1/OP/GR$.mp3
f0e1b976ae1a153ea98f04cbfcb53f6e,/V1/OP/GR.mp3
fe4eb9c3fe8b942fe4ad505ad9d48942,/V1/OP/GW$.mp3
145e89e9087a4785eb010887dd722646,/V1/OP/GW.mp3
e365994f077461230787eea8ab0d0add,/V1/OP/GX$.mp3
7fa7d9c4c4edea62452b9b9070a7ce87,/V1/OP/GX.mp3
a5c9abab08ffdfbc0f785d36b3acfc0d,/V1/OP/HT$.mp3
2b579ee6fb6365b9f2ecd216c72d9240,/V1/OP/HT.mp3
9ba91004c0e68ea782434c5f811f204c,/V1/OP/HX$.mp3
9a1be9c04a8f0064a0a369613286187d,/V1/OP/HX.mp3
7bb44d1bd15d4fde7bd0f8bfe1328175,/V1/OP/IL$.mp3
ed528d812f36dd8f673134ac02277ad7,/V1/OP/IL.mp3
ad31bfe421e7685e8dbf5a21b4622dbf,/V1/OP/LD$.mp3
89afedbc6a5abfd2e9e3e154f3451099,/V1/OP/LD.mp3
a011aa457a0e6cfa6a0548b526309eb0,/V1/OP/LE$.mp3
60ec3550cd929f5930af4dbbc1fcfad4,/V1/OP/LE.mp3
dd48a0efc14029173c2f58b33069eecf,/V1/OP/LM$.mp3
56b00e216215e41dbc84f7a2d47c78c5,/V1/OP/LM.mp3
06ab2958e9f4d188f97865d182f74530,/V1/OP/LO$.mp3
8e37c1835d4b0d2e26fea1a7d21c224b,/V1/OP/LO.mp3
c63a76e87eff50f1f1f39aca0d5a7bc1,/V1/OP/ME$.mp3
9c2fed47999e4668debb45518ff91e71,/V1/OP/ME.mp3
6c159ede6d0350dee72a29392cbef5c7,/V1/OP/NT$.mp3
02ae0b4cf65359e7737e7171c6b1adbb,/V1/OP/NT.mp3
f613065ad3147ce8e541477a72f6d2c8,/V1/OP/SE$.mp3
2703f34da5544c71d09cb7025e8957dd,/V1/OP/SE.mp3
ef785e29bc2894f96c9b77c61e7c9437,/V1/OP/SN$.mp3
2411b4de92c499dcaef7abca02ee28c9,/V1/OP/SN.mp3
d5c3a9c75ce829cddf5013e17e9a9d0f,/V1/OP/SR$.mp3
668643c93f04f60f989312b1781d9bf2,/V1/OP/SR.mp3
afc72d6a6bb0939f4797387cc1d3ffc0,/V1/OP/SW$.mp3
77836377f22d40efba8a91008f0a3d15,/V1/OP/SW.mp3
6f955dcdb2c4e766d8203cae19170301,/V1/OP/TL$.mp3
d5cbc3efa692bc35633363a25df020a4,/V1/OP/TL.mp3
fcd7491591156b774e746b4f82c509f2,/V1/OP/TP$.mp3
4eb0e69f23b29ea47fc0cda22dc1a51d,/V1/OP/TP.mp3
a87b3a3ef891b2930739bac8c1c57af0,/V1/OP/VT$.mp3
22b96e6cadec07e6300d37828f13a85a,/V1/OP/VT.mp3
407d86b93817038879c9b5d86be738e4,/V1/OP/XC$.mp3
c7f6b55216aa04ca3d74dab123c1b48c,/V1/OP/XC.mp3
d2e2f90c551815cbb8fa38b687835efe,/V1/OP/XR$.mp3
0a6d98c68736e35aec51109c9629d82c,/V1/OP/XR.mp3
b82246af661f62ace1a4cc411cd7f651,/V1/RE/C00.mp3
4831acf4b421e42456cd936557fc51fb,/V1/RE/C01.mp3
ea01b172d206186a9305f98898dbdd42,/V1/RE/C02.mp3
dbeb68004c1a1b34107ac4b6fed621dd,/V1/RE/C03.mp3
9c695b2bc744b5425c50521fc919541d,/V1/RE/C04.mp3
29ce73f2f47ae3a49091de3b8449d9b8,/V1/RE/C05.mp3
36c940314616db1f9121a62d76e12139,/V1/RE/C06.mp3
2be2dfdcf9d1ae37fd35c3657cfa5097,/V1/RE/C07.mp3
f586960f993415064122bd62ad2fe2fa,/V1/RE/C08.mp3
57208b502c6756555fc82b72e07ffb17,/V1/RE/C09.mp3
eb754213e96059fd7bff79de21ae8289,/V1/RE/C10.mp3
bca29f875fe5fe316ccf19aef5150647,/V1/RE/C11.mp3
ef602c3407c93eb752023123fa783ad0,/V1/RE/C12.mp3
fe5c09f658eb6ba0e98b16b483c23780,/V1/RE/C13.mp3
111b85995aade3478af7b7aa21344b51,/V1/RE/C14.mp3
cfac91b00544e8b642c46ce89cd55d8e,/V1/RE/C15.mp3
5f515901a6dd1d924417d5b4b6f0e67d,/V1/RE/C16.mp3
276d4ec652c390585444a3f4de3b7776,/V1/RE/C17.mp3
1225032d3c3ad52ac10ecf20ac199d85,/V1/RE/C18.mp3
19ae9add3ec2014b6c98387a8eeee4b0,/V1/RE/C19.mp3
5352ab7f8a937fe22defeff654275f07,/V1/RE/C20.mp3
d18d4d4d575142141301d2858dd54dc7,/V1/RE/C21.mp3
4bd102bfd25ab81bfdd3a98c9ed10675,/V1/RE/C22.mp3
e5bae3af0e532d8833f698b5cf799236,/V1/RE/C23.mp3
adf7eca070047ec68493f0563e441504,/V1/RE/C24.mp3
b34fee4e65e32a00d828a422e5d10e36,/V1/RE/C25.mp3
afcccdca41e8062d9225ea8935e21bb6,/V1/RE/C26.mp3
a4b4904380cf7c5cb4e9a9398e00521e,/V1/RE/C27.mp3
6c29163131d209fdb6cd4af9b690f872,/V1/RE/C28.mp3
1b2b9fdb3aab4bcb9fa35a664f945d06,/V1/RE/C29.mp3
d88a85ce0eccdd59738187aa5ac9795e,/V1/RE/C30.mp3
fc3712f0cdb77c58979b34cc1843612a,/V1/RE/C31.mp3
bdb4a814ba3f57d51610014248505629,/V1/RE/C32.mp3
531e1f2019bd56c0a2fa83b5d9dd54d1,/V1/RE/C33.mp3
d464a11b2a4feb64b213fa2013369048,/V1/RE/C34.mp3
49f3fb9bb520af1bbce8f9379d8a4273,/V1/RE/C35.mp3
94152e1774cac8d3ab3848f4d6d8a2ab,/V1/RE/C36.mp3
1b6a2355aaa25dc037a30fa9ea4759b7,/V1/RE/C37.mp3
c6bd67a0346a6df200b70c6f360e3cdf,/V1/SN/A/AAP.mp3
1ea25aec0e63a2d5f59d36eb0307c6e9,/V1/SN/A/AAT.mp3
71c0bdbfcc1076188d1d9e2953f1b0d7,/V1/SN/A/ABA.mp3
0ce295e7ce70f9becb4735b4ba6638c8,/V1/SN/A/ABC.mp3
3bd06efc8192b18b6ef7ebe2a672f147,/V1/SN/A/ABD.mp3
c43d06c7a449225f23ec7787bef696d9,/V1/SN/A/ABE.mp3
6c6afe23ba4925d4acf08378d7a93f49,/V1/SN/A/ABH.mp3
1c2bfa417d384591f0a6432b3d296c62,/V1/SN/A/ABW.mp3
eab50726a1ba2cb82c5624a0a14a0fcc,/V1/SN/A/ABY.mp3
e9645eb366544189337fb7b11877e120,/V1/SN/A/ACB.mp3
1630e604c32ff9b55c55a2ae4c062c53,/V1/SN/A/ACC.mp3
1c62fae90241febc1945aa06121ffd23,/V1/SN/A/ACG.mp3
c1ad77c9b94c5f2687dff2ae4e654af7,/V1/SN/A/ACH.mp3
88f183532992535711e1e82be96f0755,/V1/SN/A/ACK.mp3
aaf9b3ee92c36e3a0435f11efe387710,/V1/SN/A/ACL.mp3
2d89ac8af9ce1915660439a3b13ad714,/V1/SN/A/ACN.mp3
74922503442227d87253545a27cdfe69,/V1/SN/A/ACR.mp3
746e6084215ed2b8bb30410e92f5aca1,/V1/SN/A/ACT.mp3
5617d533328f899aa05fe16f547b3699,/V1/SN/A/ACY.mp3
1d27f2227050ca305d093c8db16a66c4,/V1/SN/A/ADC.mp3
edd4357b1257083077d72c8cc2271615,/V1/SN/A/ADD.mp3
07e5c9eb89f9e55f1d9d9e7c29a679ec,/V1/SN/A/ADK.mp3
b58adb7bb0004ac4860cc9993fa41c22,/V1/SN/A/ADL.mp3
ce462c07852b70881c3def2d6a077a90,/V1/SN/A/ADM.mp3
4ec1d2a76191bea4edb27259f975501d,/V1/SN/A/ADN.mp3
1bed5081d40c9feded963b12a1a66052,/V1/SN/A/ADR.mp3
74be6775565f0cc13594fcade14b6bc3,/V1/SN/A/ADS.mp3
e62d6aee28bdf33c65ba9fa032d1a19b,/V1/SN/A/ADV.mp3
59fc661edeee56f9c3cdc19544024dc1,/V1/SN/A/ADW.mp3
8564f5e6d8cc16f1c49a2ef06b5cadb8,/V1/SN/A/AFK.mp3
3cddd318efd894df5c07d0b7791d2fd9,/V1/SN/A/AFS.mp3
d424fbe7f75df7a4d0b9e7c8f391fcfa,/V1/SN/A/AFV.mp3
27191901034ca8ab802b5062e2a86e39,/V1/SN/A/AGL.mp3
bef0daac9c416831faf1c1d2c136f6a0,/V1/SN/A/AGS.mp3
6f70269310e9dcee1c125184eda72464,/V1/SN/A/AGT.mp3
d70fc013c55cca97b6deedb91732c269,/V1/SN/A/AGV.mp3
377998e9eb0704da9b218d93f5df8da6,/V1/SN/A/AHD.mp3
ccbcbc44b515ec7e1481a4e141577e10,/V1/SN/A/AHN.mp3
423137931dc15fb7ea8c5c1e8b145113,/V1/SN/A/AHS.mp3
2011b611ef507f2e01c63cad5e377bc0,/V1/SN/A/AHT.mp3
bc14549d123a758f5806c826c38c5ff7,/V1/SN/A/AHV.mp3
f6d62ab2f42b80447b2515864652704f,/V1/SN/A/AIG.mp3
53d2cb27832e957ea3fd136a3e42a8c2,/V1/SN/A/AIN.mp3
9fab3bc56c93b6750287592b2449d491,/V1/SN/A/AIR.mp3
70ee777f7999400fcb1c39d211c55077,/V1/SN/A/ALB.mp3
da5e5503b4d7dbe6d402ac74fb41a5f9,/V1/SN/A/ALD.mp3
4278aece6289624abcbd5233ea452582,/V1/SN/A/ALF.mp3
657561c810adceaa01f7a052096518c1,/V1/SN/A/ALK.mp3
6ca750ec219ba0bcdb83709ed867af14,/V1/SN/A/ALM.mp3
3900e344e4f67cc02a0be613fff22955,/V1/SN/A/ALN.mp3
d2aa3a8aa5b43b213bd9d7b2cb1f42a5,/V1/SN/A/ALO.mp3
b281df9731fc807ad9ff4542b91ff9d4,/V1/SN/A/ALP.mp3
ba593415feb275b61f18c3bd054a3fe0,/V1/SN/A/ALR.mp3
f37b8f30b9b3bc489a0bfe560fee89da,/V1/SN/A/ALT.mp3
8c6f17f624cd3de107577d983d887f30,/V1/SN/A/ALV.mp3
0730d4347d8df9a993619d9aeaf587e7,/V1/SN/A/ALW.mp3
34d388ff5ea00876b4078f571e95eef5,/V1/SN/A/ALX.mp3
65e56a8d2d1c3b94acc4c6d21bcfe3f7,/V1/SN/A/AMB.mp3
1f081f01ae69df5d7702681f07ce24d5,/V1/SN/A/AMF.mp3
7ea8197f5bde460e7519d08dc9ab0006,/V1/SN/A/AML.mp3
2f928b95f14df7b0762f20938c3e7363,/V1/SN/A/AMR.mp3
822734d819f4674c987612cab7d46123,/V1/SN/A/AMS.mp3
2b0c85646d4b2c6e9a6cf3e72ac84749,/V1/SN/A/AMT.mp3
8b568491681d5d922d9640db5ee78003,/V1/SN/A/AMY.mp3
604938ef82fa03d7a118346f680fbb57,/V1/SN/A/ANC.mp3
de3320854a07d7ca88db06521114e340,/V1/SN/A/AND.mp3
08be34c6d539f0e35c3fa124a99d0cda,/V1/SN/A/ANF.mp3
4e27c14e0ff796d7f46a8e91468ddb5b,/V1/SN/A/ANG.mp3
d06dfb30ddf79d93606203ddddd57a36,/V1/SN/A/ANL.mp3
4a545ed309fef4405591fd3797e5d916,/V1/SN/A/ANN.mp3
6918bffa0f13f566d71099ab4fe967b5,/V1/SN/A/ANS.mp3
02edab73447049cfef320be2911449a9,/V1/SN/A/ANZ.mp3
f0333ab3305cc317401142155d1035d2,/V1/SN/A/AON.mp3
f0efb20f10208736b51044912250c3d5,/V1/SN/A/APB.mp3
655cf80ca49d92751003ff2b12a8e3a9,/V1/SN/A/APD.mp3
91e5e10b83cc1dd4a1b4e7a5fb0dad90,/V1/SN/A/APF.mp3
1b0f3947513ee13e38caee0568d9ade1,/V1/SN/A/APG.mp3
32d4c2109768afb64c31261ffb2afd0b,/V1/SN/A/APP.mp3
b65608a8fbca9c52709b84429096c166,/V1/SN/A/APS.mp3
7808c7b211dc7e2978a033141ace7eed,/V1/SN/A/APY.mp3
64346f184089c86ed69a54c63cd08bc6,/V1/SN/A/ARB.mp3
1eb5581601a937a7f5c1e9ad50bce24f,/V1/SN/A/ARD.mp3
a7e54af39c580cf4f07ab83251225d23,/V1/SN/A/ARG.mp3
16fe9425ed204500cf1b7e6f84d9a2cf,/V1/SN/A/ARL.mp3
9a868e088a248fe5eb38b2ae61b5d782,/V1/SN/A/ARM.mp3
af2e65aa1ed051bf0c4910ebc2764484,/V1/SN/A/ARN.mp3
891e25dffe6fefbcb2462628e62eb9a7,/V1/SN/A/ARR.mp3
bf0b3fd58ea737f09223da1415452286,/V1/SN/A/ART.mp3
c5e3024724ed3a25af1a23a0badade56,/V1/SN/A/ARU.mp3
5e4327032496efceea63143eca810f2d,/V1/SN/A/ASB.mp3
33b2659f36c661dcf18353a42b0e90af,/V1/SN/A/ASC.mp3
c1618bfa733833d881924185d0167cc9,/V1/SN/A/ASD.mp3
38c4153816f4fb798bcad959e442db9d,/V1/SN/A/ASF.mp3
b9a9d20fa3dd97eb032fd9000ffae61d,/V1/SN/A/ASG.mp3
4957cbb9bfd4a4ff4ac59388cf90b627,/V1/SN/A/ASH.mp3
75b49dc3a780c145a5d5f8ed401b310c,/V1/SN/A/ASK.mp3
4a70fa48b64beae819b4313a37df3a95,/V1/SN/A/ASL.mp3
05cb3f4444f024d4877f9b6c74affbdc,/V1/SN/A/ASN.mp3
adcbf86934b399beb79ba07794e7db6f,/V1/SN/A/ASP.mp3
4b6ac99626499c5329779e5b86b5749b,/V1/SN/A/ASS.mp3
8f5dd85f0165c788407fec397ae31dc8,/V1/SN/A/AST.mp3
6a613a099cbfad566b7fedab272ed22b,/V1/SN/A/ASY.mp3
a699ff524a53d6dc8c90119eb4903ee2,/V1/SN/A/ATB.mp3
83ad9eb8cfe46474cb74fc329f26dc7b,/V1/SN/A/ATH.mp3
1455a48cdad492403d4234eaa3ffa218,/V1/SN/A/ATL.mp3
32650a42258b04be571590f74d61acbe,/V1/SN/A/ATN.mp3
42eee966e6c808c9e8d745d7465def7e,/V1/SN/A/ATT.mp3
791f933983be138129a012f06ddc2752,/V1/SN/A/AUD.mp3
3d13ea254c0c9c1a73f0c8fda1ce464a,/V1/SN/A/AUG.mp3
243235bece3172b7df991b395aaea0fc,/V1/SN/A/AUI.mp3
380b85e7cd4060f9b3fead9d35b93135,/V1/SN/A/AUK.mp3
a4d14f3156b123f13402894c63e5e7a4,/V1/SN/A/AUR.mp3
7af7b8b78390f7af8c600543ba6d92f1,/V1/SN/A/AUW.mp3
51bceec0f43a73c34090c5837cd00445,/V1/SN/A/AVF.mp3
bae0afe817a3caee2d79c6a10396e303,/V1/SN/A/AVM.mp3
6b229613da34bad505eaf12aa24703df,/V1/SN/A/AVN.mp3
5710b83aaf992978e7f924acdc86cd86,/V1/SN/A/AVP.mp3
9d9f2f002d8720b582ce23bf1549e73d,/V1/SN/A/AVY.mp3
5aa96fabd3b9afabb62cebe4ab8b5ecf,/V1/SN/A/AWK.mp3
b8b71557ff22f1c8843479544efb5449,/V1/SN/A/AWM.mp3
9c6cc936a9fea35729964cd3dc5d4bc6,/V1/SN/A/AWT.mp3
d336027eba1970362bd6f944051a396f,/V1/SN/A/AXM.mp3
83195b6c2dca402a8cdb96be8a218409,/V1/SN/A/AXP.mp3
9beae546e2fe2d43c41ebbfa4829d1aa,/V1/SN/A/AYH.mp3
b24268238f8b646a253c5ed7bc0657cd,/V1/SN/A/AYL.mp3
0f43e3b8a8affc2fb9adee6aa7c6f10b,/V1/SN/A/AYP.mp3
84120f65e5b7a2ea0e3a33c3efdc1604,/V1/SN/A/AYR.mp3
9099451836e55531a4d1330cef9a57ee,/V1/SN/A/AYS.mp3
cd1474bd45c34394a4b93c0348811aa5,/V1/SN/A/AYW.mp3
e5267831621065b8b3e72cffc9c5ec52,/V1/SN/B/BAA.mp3
abe7045901c32397742ca0e177e778c2,/V1/SN/B/BAB.mp3
a5e3999349ec414ab5d166fb7c0226f5,/V1/SN/B/BAC.mp3
23ed8b4e885dea8b3780cfde275a66ae,/V1/SN/B/BAD.mp3
2190c631b917eb4f18bd649f6b0348ad,/V1/SN/B/BAG.mp3
71407586a82db65f87aef380b17aa955,/V1/SN/B/BAH.mp3
807afff6267194dd89d264ba16b6e299,/V1/SN/B/BAI.mp3
c22dbf7cd705036db2146e0d88fb23b1,/V1/SN/B/BAJ.mp3
7c369af2e3d81deee674b977685df0fb,/V1/SN/B/BAK.mp3
773fb5e9513dd44fa3e00d071ec5c73b,/V1/SN/B/BAL.mp3
ea5ba95c2469d7d12922a32522b503d4,/V1/SN/B/BAM.mp3
ce6a48cc61dc812038c9bfad95b3ff36,/V1/SN/B/BAN.mp3
773802333b2863b5fed647ab3b1a4065,/V1/SN/B/BAR.mp3
70b715869c176b3631b5b388d5b730ad,/V1/SN/B/BAS.mp3
133a2e5667b851d77e95f4125a82f31f,/V1/SN/B/BAT.mp3
e7515d94f6ad0f3931859294b0602ca0,/V1/SN/B/BAU.mp3
7b91e3ffb2252cc7070bbebc296d6483,/V1/SN/B/BAV.mp3
a43611de15d7eef46687e6c01e170eff,/V1/SN/B/BAW.mp3
7830ef4452eb659673be937a5041fbbd,/V1/SN/B/BAY.mp3
72897ffaf388a05573953becf577e7fd,/V1/SN/B/BBG.mp3
acdb309e223270dc732a88ea5983709f,/V1/SN/B/BBK.mp3
c5117194ce6f396a65803651826e833f,/V1/SN/B/BBL.mp3
8fd484190a912cff0a76874ddf4123b5,/V1/SN/B/BBN.mp3
195d4988ce4ce5daf9552f281c9e8369,/V1/SN/B/BBS.mp3
2d26e4069528080e757d3d8bb59d8829,/V1/SN/B/BBW.mp3
4320068fb694a14f6aab265e38da6cdb,/V1/SN/B/BBZ.mp3
ff7c19cf475929cd9e18ae2176fd122c,/V1/SN/B/BCB.mp3
86b0df1d086e541a4ee101cdfb218cd9,/V1/SN/B/BCC.mp3
58f7ea58826febb4b5416aef8242c5e0,/V1/SN/B/BCE.mp3
b4a5de1fea444cebe17bdea67d4069d5,/V1/SN/B/BCF.mp3
e501453dd155b4c8469051e47bd3912a,/V1/SN/B/BCG.mp3
0d3bad3fddfb2c07cb2856ec552fec4c,/V1/SN/B/BCH.mp3
f278c427f5a1aaeb106bad417cc78726,/V1/SN/B/BCJ.mp3
4b39565a870030c6d1811ad62f0e6fd6,/V1/SN/B/BCK.mp3
91ecc22d5b06a079d28a33ad889792bb,/V1/SN/B/BCN.mp3
69b18520c90ccfd1725dd19d678e3d22,/V1/SN/B/BCS.mp3
2fad2f8c30196e393f22f7e1e0da3c45,/V1/SN/B/BCU.mp3
1660f7fb9f88f0b8ef256d068645183d,/V1/SN/B/BCV.mp3
9347ac0a1834b66f7ec3263d9153b150,/V1/SN/B/BCY.mp3
2456abd8b3e1370ef29a21104793d977,/V1/SN/B/BCZ.mp3
04e9444726101e324668714f6f313149,/V1/SN/B/BDA.mp3
da22dd6b583837090e4d558fe18b7f1b,/V1/SN/B/BDB.mp3
4cd524ac62c45efe25caf7216a09faf9,/V1/SN/B/BDG.mp3
8a60d05a179e76a3a2eae0a6a787ad35,/V1/SN/B/BDH.mp3
241502938e84de7ddf06908e9647708b,/V1/SN/B/BDI.mp3
d2de3339edd76cee578762283be021c4,/V1/SN/B/BDK.mp3
4078543cdc5229e2cb81484a8b280dc4,/V1/SN/B/BDL.mp3
002c1ff1af2e619db336f285a9c33429,/V1/SN/B/BDM.mp3
90bec6865c28533c7929ad33eed6337d,/V1/SN/B/BDN.mp3
ef04fbea2b38c90538fcf76dc2dbf920,/V1/SN/B/BDQ.mp3
26ecc851aae62c5b636283d71a8d4220,/V1/SN/B/BDS.mp3
3033db782a8c240911d22782ad3ccda3,/V1/SN/B/BDT.mp3
b5c4681165c6b045980c9d725c588d66,/V1/SN/B/BDW.mp3
7faf0799404a5772e5fe2de5dac99ff1,/V1/SN/B/BDY.mp3
1bd00d46ca3706f7ae34e6cc78295ce0,/V1/SN/B/BEA.mp3
348896063126762e770dd01e39993903,/V1/SN/B/BEB.mp3
ecaf909d9845f80efd7da531c986cd39,/V1/SN/B/BEC.mp3
688af06298366dc6cee67b330467f5cc,/V1/SN/B/BEE.mp3
9e1650ddc6fa1909642f0fbdf00c642c,/V1/SN/B/BEF.mp3
c29d7b31e0128e11910c80e4d666351b,/V1/SN/B/BEG.mp3
a735143dede90df9aac8174f8a4045c9,/V1/SN/B/BEH.mp3
d42203f401f840ac277a31d851196b2e,/V1/SN/B/BEJ.mp3
c1d4b1991f55c7f42864beac5bc16147,/V1/SN/B/BEL.mp3
82a186d47b891a77472c88b18d40b23b,/V1/SN/B/BEM.mp3
132b56f2e3f9ac877b3c781b84de046d,/V1/SN/B/BEN.mp3
6101e9bfb7a65a334b26e5b64d50ea33,/V1/SN/B/BEP.mp3
230d8bc85a3f51827df8200fc7cc5767,/V1/SN/B/BER.mp3
e2513561ddc213f16ee49e71f2e5baa9,/V1/SN/B/BES.mp3
3f90009524d129f3c03e851de8f08a48,/V1/SN/B/BET.mp3
39fb0b1296b9c5ded7fa8e4b398bf9d9,/V1/SN/B/BEU.mp3
52ec46bf6f2bd7e59541153b74665f01,/V1/SN/B/BEV.mp3
a897f9d298790a88eb82388d1e2b61bf,/V1/SN/B/BEX.mp3
5f88ce218364c96e52f773f82f7fd27f,/V1/SN/B/BEY.mp3
01a63250a18ffab18054f8043afa42fa,/V1/SN/B/BFD.mp3
6982e88bef83f3fd769d742c01bc0dbe,/V1/SN/B/BFE.mp3
f9559f90d4d3dc5f48a93ab21b88299c,/V1/SN/B/BFF.mp3
7924cd326459664f33924f291417b989,/V1/SN/B/BFN.mp3
13f7833cb170f51581241344b1761a4b,/V1/SN/B/BFR.mp3
f763d07f5b4f949fbb2f8d43b98a7f6c,/V1/SN/B/BGA.mp3
9e927a0752912d044cea7d44f81a054a,/V1/SN/B/BGD.mp3
4c46c4d62f19aacfbe955b882a83018e,/V1/SN/B/BGE.mp3
6f564ba5321e9befbb9ded13abfe5d50,/V1/SN/B/BGG.mp3
1eed145228137a19435629e319ba32c6,/V1/SN/B/BGH.mp3
c323abf038851001ec8af9c89be92960,/V1/SN/B/BGI.mp3
142a1f8970d8eda8cee9b91bda2730d2,/V1/SN/B/BGL.mp3
249505e1faa9cad0a2bc31d426741e81,/V1/SN/B/BGM.mp3
e29c27d308421de87f3aefe3fabde0c2,/V1/SN/B/BGN.mp3
8d8bda86c8fce4aaef4897e06d360597,/V1/SN/B/BGS.mp3
85c7a49b606bf9eaf96f96c3b77e8e71,/V1/SN/B/BGV.mp3
e5553356f9d190ca8e8363bf4967d8a0,/V1/SN/B/BGY.mp3
36b19c1b27608705b4014f7569cbe572,/V1/SN/B/BHC.mp3
9fc9377b206ecff21c28faf67b987d93,/V1/SN/B/BHD.mp3
6187ea037e3d437a7ffc78c1a19a4a8c,/V1/SN/B/BHG.mp3
7348dd4e599d78048f7596209c70d450,/V1/SN/B/BHI.mp3
a24618d7dae8f73f2ef26c6bb81026d1,/V1/SN/B/BHK.mp3
b603980a47e7bd498422ac18baac2d56,/V1/SN/B/BHM.mp3
c4a56cff5c6f91d123a718cb40c1faad,/V1/SN/B/BHO.mp3
eaf060403733486be91479d908110740,/V1/SN/B/BHR.mp3
7413efe1cb5962c6c599d162b3df436d,/V1/SN/B/BHS.mp3
9b6c222cca800c00fe552d09697a986b,/V1/SN/B/BIA.mp3
444790dab773143e1ba23c9fecfd9d65,/V1/SN/B/BIC.mp3
a5a62ec6295ec6a1bd1ae99819aec866,/V1/SN/B/BID.mp3
2e1c493abaeed19f1da87ca96ae91ff2,/V1/SN/B/BIF.mp3
4e9c63cbe0268399a3030f30cf664285,/V1/SN/B/BIG.mp3
ff90317604b4e634b3c11674ef677afc,/V1/SN/B/BIK.mp3
e81d27c2535089d1be392ff36c116018,/V1/SN/B/BIL.mp3
caf46e555f2d91e4ddda13e7dc43fc00,/V1/SN/B/BIN.mp3
dc606bfd5710b5bd0fdafb4ae07d366c,/V1/SN/B/BIO.mp3
94b6a420da6ef706687e55ec97a34752,/V1/SN/B/BIP.mp3
f76a287cbbfd1a661e10af5d16d6fd6e,/V1/SN/B/BIS.mp3
fa6a1dec84367e4efb24bed846f1c336,/V1/SN/B/BIT.mp3
8f777f872d6f57a4421abbb5a50f497e,/V1/SN/B/BIW.mp3
39664c527821e19cb9e482774f2ce150,/V1/SN/B/BIY.mp3
f07fd0ab3cf36b1a55c68f30cf55f065,/V1/SN/B/BKA.mp3
9f9f3c37ceeb76bfe060412d04074f09,/V1/SN/B/BKC.mp3
c7f7a2733ae5c9e00e618f61f984afc2,/V1/SN/B/BKD.mp3
af7c32e474925ea35577cb97af03fe44,/V1/SN/B/BKG.mp3
80032ed30713e5962ffa5ac49b537bc0,/V1/SN/B/BKH.mp3
9972b27b706a0d3924e621d915ec229d,/V1/SN/B/BKJ.mp3
96fbd43be082df92baff754bead2655d,/V1/SN/B/BKL.mp3
f424d3a1e69491ef9ecf6dc693679b07,/V1/SN/B/BKM.mp3
4eb89ce50763614bb09cb9d8029ce80d,/V1/SN/B/BKN.mp3
6c3b77bece02c4b016b3ec5e5118b32b,/V1/SN/B/BKO.mp3
8c759f66b76725fcb5a510518af1d277,/V1/SN/B/BKP.mp3
17a61280af90133d603c3f3517fcee3f,/V1/SN/B/BKQ.mp3
4de6e9a6013e54320ffbae0893b0420f,/V1/SN/B/BKR.mp3
c3193cd9adcd01c050cd4a1a04efebfd,/V1/SN/B/BKS.mp3
cd399ca00442375ef615378e29c8323a,/V1/SN/B/BKT.mp3
5128ee94c86d1f538ff3a32966bb119f,/V1/SN/B/BKW.mp3
c36c72b304a37551f855d3b75b22accb,/V1/SN/B/BLA.mp3
1e23dcac5caa96a4b9af286645df7b27,/V1/SN/B/BLB.mp3
b7fcf10c38b6959f413b64c319bcb77f,/V1/SN/B/BLD.mp3
4ec642ae410a367a9fc7a9343c508646,/V1/SN/B/BLE.mp3
8d12830aa51f5db49b411812fe01ced4,/V1/SN/B/BLG.mp3
de39766ef1078085fbb567282f86e67f,/V1/SN/B/BLH.mp3
6998c99a0d8872bb6f8a36bcf97601fc,/V1/SN/B/BLI.mp3
7c7fb3d828cab5023280a067adcab40b,/V1/SN/B/BLK.mp3
f9057a9941ecf3e8572d05db9e7780fb,/V1/SN/B/BLL.mp3
e2664db26ebc16b46d28f277182b1c9b,/V1/SN/B/BLM.mp3
490d8e23c5fc7be038fc06adb3b19741,/V1/SN/B/BLN.mp3
0d88a446a8c2b027cb468a49f7e33b76,/V1/SN/B/BLO.mp3
75cb9d4fa9bb84f4caad620e3b916465,/V1/SN/B/BLP.mp3
fc34280a4ee3d7c259f5a78110e61438,/V1/SN/B/BLT.mp3
aaaa97221eb5338aa39a90f4d2e85801,/V1/SN/B/BLV.mp3
4ef9debe3a475a78c30fcc80c7fc615f,/V1/SN/B/BLW.mp3
d4d7013fe2588f768535d9d7471fdfc7,/V1/SN/B/BLX.mp3
b6e7dcf54238d47bfb05847f520b4782,/V1/SN/B/BLY.mp3
7e92011ddf272bcc091a9c391e2f882e,/V1/SN/B/BMB.mp3
8bb2dd0a92725be3b12eae8f5974b36f,/V1/SN/B/BMC.mp3
5db4c624bf848088829104d1d759d483,/V1/SN/B/BMD.mp3
d8b6e6d47afa7f3c163620987835a286,/V1/SN/B/BME.mp3
6a98fc8f887dd3ed01c46165a5887d44,/V1/SN/B/BMF.mp3
397aad472166734ae402acb46c9c06db,/V1/SN/B/BMG.mp3
3eeaf95bffa0cf85bc288410f62502de,/V1/SN/B/BMH.mp3
1b9005e520d144fb11c8cf8bd09b3a25,/V1/SN/B/BML.mp3
38af9ae359f74c4d73f8b3a9277ca9cc,/V1/SN/B/BMN.mp3
af1c33fb5b1d15f9f2814c489064b6e6,/V1/SN/B/BMO.mp3
a109c67d3187a670784facba67d6ddda,/V1/SN/B/BMP.mp3
6e6ad6f348d08994cda411d9e1895447,/V1/SN/B/BMR.mp3
9c6fcf7a3a781a8c9e290346d309b486,/V1/SN/B/BMS.mp3
887292062b0d833127690ac28aa28fd3,/V1/SN/B/BMT.mp3
c13b8b2e117cd43d2d9449a2a65e875f,/V1/SN/B/BMV.mp3
cd58e30b8ea4e001b3cd811c4ca823e0,/V1/SN/B/BMY.mp3
adda1bf668a04555fdc57bbb0ec33abb,/V1/SN/B/BNA.mp3
a8d7dfc7ba557618b4d0ddf6f6812dc6,/V1/SN/B/BNC.mp3
3fccf8db37822e42cfc2eb0c6bb98540,/V1/SN/B/BND.mp3
7491bc042a211350f5cb8eb6357625d1,/V1/SN/B/BNE.mp3
2b4ef21e739130d0cc0daa434bfeb23c,/V1/SN/B/BNF.mp3
3ab54744891d25ae119cfa0e357ae2d2,/V1/SN/B/BNG.mp3
d3af32a205f75aee7831f0c613b8c3e6,/V1/SN/B/BNH.mp3
70d1f12ec547f17e3bb4863ee98173a4,/V1/SN/B/BNI.mp3
091352f1feb6136fc6037a81006d346d,/V1/SN/B/BNL.mp3
46f2a94521715322bde7f92b13698d03,/V1/SN/B/BNM.mp3
a6a6761971497f96c882a3a62f723d8c,/V1/SN/B/BNP.mp3
28c5e978aee065b51eef7c4658dc9c76,/V1/SN/B/BNR.mp3
f5386a9d29c48c5d80f0a2f265906aad,/V1/SN/B/BNS.mp3
67d3b1a042da031706a1b8cb01df8e0b,/V1/SN/B/BNT.mp3
d8b2ce3a6bad75304120ab3f09d00886,/V1/SN/B/BNV.mp3
0304ab76698c7443d3f0688b3cc25717,/V1/SN/B/BNW.mp3
a74d3e8c04209a2618c9b62a12a56bf7,/V1/SN/B/BNY.mp3
9d8a196c40d33bb3cdd578d13a990def,/V1/SN/B/BOA.mp3
df2c8d820b3b9b50a6a31d78b93b9e09,/V1/SN/B/BOC.mp3
7271c99d0ce3343c4cbed15d90631ebf,/V1/SN/B/BOD.mp3
93db9ab1f45cf5ebe540cf30a3d4b3d8,/V1/SN/B/BOE.mp3
21785c5c795736b08305d33505a1765d,/V1/SN/B/BOG.mp3
49669607b6d6a2ef9742d98c7d30bb26,/V1/SN/B/BOH.mp3
dc49cb34032f6e73c4bbec1aa7eba656,/V1/SN/B/BOM.mp3
4f5416927ab373c153b1cfec4de58123,/V1/SN/B/BON.mp3
f50fcb672f2be17204e901307a158dfa,/V1/SN/B/BOP.mp3
027298fe44384a4eaaad65e51e87790f,/V1/SN/B/BOR.mp3
ee81340b19bf70136a647a12159116cc,/V1/SN/B/BOT.mp3
c2dd1fbbdd405cd666f834763883f8ab,/V1/SN/B/BOW.mp3
7ea45b3f2768607453081f0e89fc47b6,/V1/SN/B/BPA.mp3
9a4c0250d1cf061a15990abddaeb72c9,/V1/SN/B/BPB.mp3
fcd578b54e96ea2f36ea1462074abb97,/V1/SN/B/BPK.mp3
bb1d3eae094b724c67e136bdad69428d,/V1/SN/B/BPN.mp3
d3d652c6e366c0fae3fe093b75909379,/V1/SN/B/BPS.mp3
f3ee1954ca238cc8255c8cf00acadc28,/V1/SN/B/BPT.mp3
5122deb6fa24d791740bc5493be9894a,/V1/SN/B/BPW.mp3
4c94d185c8f911cd7fd6efafabe87c5b,/V1/SN/B/BRA.mp3
157d01978814c2cf559ece31d9851f1a,/V1/SN/B/BRC.mp3
6a03beb29229c201699154cb2d6e42ac,/V1/SN/B/BRE.mp3
977a0260bdb61461ca211b74dbfbad5c,/V1/SN/B/BRF.mp3
360ba685b9b774b22eabbdb1061e0819,/V1/SN/B/BRG.mp3
fb39af2a63cc0fa64c9bc73704d6048b,/V1/SN/B/BRH.mp3
4e31c5bb476296482a123865115f2cc4,/V1/SN/B/BRI.mp3
10a650fab5f9aac9fcfe28e1e6db7128,/V1/SN/B/BRK.mp3
6ce8835d689e524ee62eb28feba83083,/V1/SN/B/BRL.mp3
b80e20bf20ce16255f8dfe1f81254d7b,/V1/SN/B/BRM.mp3
9e2ea335a6bf6d1b1106f8764678e17b,/V1/SN/B/BRN.mp3
5c44a8a4250937be1fef0b245ec338cd,/V1/SN/B/BRO.mp3
6760b40bdbe20d5c166bb58808d9859c,/V1/SN/B/BRP.mp3
2608c67a2e9cc96089d78327cfd67504,/V1/SN/B/BRR.mp3
9cff4823bb678e783e467893737c9437,/V1/SN/B/BRS.mp3
ce08780b294c04e0a5e790c1e37d3ac3,/V1/SN/B/BRT.mp3
3e07073a94f7eb83a9974b188066c7d6,/V1/SN/B/BRU.mp3
51d9e1b5a891e3c238ba8e56a915b79d,/V1/SN/B/BRV.mp3
09e97a45ad20d1a04819b05ab3d6f00d,/V1/SN/B/BRW.mp3
5ce8ba69313dfa064d7ecce7d728444b,/V1/SN/B/BRX.mp3
63e19481bd53cee9a4d8e99cd6c81cff,/V1/SN/B/BRY.mp3
02fa14527d257b7f024d4ea40f3dd7db,/V1/SN/B/BSB.mp3
ca15ed41d06053683ecd68e22519cb1d,/V1/SN/B/BSC.mp3
1a8871b33c456530d1bee0dba66fc641,/V1/SN/B/BSD.mp3
63c7d4e7c4d8d984df40b5cf2d286ccf,/V1/SN/B/BSE.mp3
a9fabfcd9f6ce1fd72a084cda3c3d31d,/V1/SN/B/BSH.mp3
480b7701e27a3ad8047a72437330060a,/V1/SN/B/BSI.mp3
d9673667b350d08b3412ff3db5332b3c,/V1/SN/B/BSJ.mp3
f1f2116a7c3b54492fe06f233b5787c4,/V1/SN/B/BSK.mp3
26a0b6ea4546da0fec6a902bff9a7b84,/V1/SN/B/BSL.mp3
469595faec8962e512487ef2eb78f13d,/V1/SN/B/BSM.mp3
5baadec4af4b2bf114450aaf6579dbf2,/V1/SN/B/BSN.mp3
5b97aa927e4257c927bf6ca14babee77,/V1/SN/B/BSO.mp3
c204d768e465854f68b96f93c6b4e8ea,/V1/SN/B/BSP.mp3
f93762bd483cbcb0bc55c3d146a66b42,/V1/SN/B/BSR.mp3
2fd1260dcb4452537f0790953d03af9c,/V1/SN/B/BSS.mp3
e8eab07982d574b472eb4dd5e21aa1e5,/V1/SN/B/BSU.mp3
12aa53dca34535e0f563c7c32c3edacc,/V1/SN/B/BSV.mp3
746b51a07699881be1581260527a917c,/V1/SN/B/BSW.mp3
9e6a0f35b10e4c0561925228668c1410,/V1/SN/B/BSY.mp3
4e631b56901fe405319f6424084f357e,/V1/SN/B/BTB.mp3
b24fbf9f824996c205912b5b367f68b7,/V1/SN/B/BTD.mp3
d68e158d6cf59bd581dad395fcef8ca7,/V1/SN/B/BTE.mp3
c845c2b10cca6909ef15b1c4aea17a1d,/V1/SN/B/BTF.mp3
c921ddca7a50f3b0c595727a7e895212,/V1/SN/B/BTG.mp3
6202847c37f2e37ab51abd765dd870ca,/V1/SN/B/BTH.mp3
c78746c4726fd11da6bdca81a577282f,/V1/SN/B/BTL.mp3
018fdbdb87cb726da2d9bf27002ed212,/V1/SN/B/BTN.mp3
05aac562882831ea881c92eb5b5efc1e,/V1/SN/B/BTO.mp3
e064e7be7f3475adc092d2ba90599306,/V1/SN/B/BTP.mp3
50f1c3ef34160221f68c92dd25b62695,/V1/SN/B/BTR.mp3
21a154baa1baa10d8a9ec47fcd27d944,/V1/SN/B/BTS.mp3
61fb0f3399bb2ca7c135c0545bdd45ea,/V1/SN/B/BTT.mp3
884530094f92093421cd618c65dbd526,/V1/SN/B/BTY.mp3
1e6c275d11c506abfd4630a873645871,/V1/SN/B/BUB.mp3
cd268bb7a77bc8024f40758fe80255fe,/V1/SN/B/BUC.mp3
f3c228f5f92353a884d6263a1686b9e1,/V1/SN/B/BUD.mp3
caae199086152bca65912a9f250c16bc,/V1/SN/B/BUE.mp3
d87e8726e64a666362bc0f3589d1f830,/V1/SN/B/BUG.mp3
82f1ceaadfd6b6251c2d83ca2445effb,/V1/SN/B/BUH.mp3
dbd03bb3abdb11f1801d8e9ab34f5e75,/V1/SN/B/BUI.mp3
fbb71dcc1c03f9b3ce2d31017cbfa955,/V1/SN/B/BUJ.mp3
22349b9dc9c16c10e2e7b3c6aed80a18,/V1/SN/B/BUK.mp3
31bb77d7a387aafee5032f8ee9a2a047,/V1/SN/B/BUL.mp3
ee58922d772130659c46461ccabdd3f7,/V1/SN/B/BUN.mp3
4e19c273d3a63cff3e1b1d284eb3a4ea,/V1/SN/B/BUO.mp3
b6494442f587077c46acd576a04f6ecb,/V1/SN/B/BUS.mp3
da0e1ceebe6cfc43efd2ee78f13940c0,/V1/SN/B/BUT.mp3
75a8ad582f41d35ae0d776999d614b61,/V1/SN/B/BUU.mp3
ec5f274853b32930c6c64a4ac0eb092b,/V1/SN/B/BUW.mp3
fcd7bed0df95f4228a987e3b2a4ad3ac,/V1/SN/B/BUX.mp3
cb9bf8b91becabea050ae3b0c1d1284a,/V1/SN/B/BUY.mp3
56199782565d68170e0fb2efeb453890,/V1/SN/B/BVD.mp3
84bed8e187f361ecd3eabf006d70aa20,/V1/SN/B/BWB.mp3
9f48410c2734075ced154c83af19b685,/V1/SN/B/BWD.mp3
48e638202bc4b2766344805f140edc68,/V1/SN/B/BWG.mp3
e2e26d8bcb016249d32319894741926f,/V1/SN/B/BWK.mp3
1c39920639fc67f68912b04a5a8ac748,/V1/SN/B/BWN.mp3
2ca7d73288b62a72ba8322f98baff305,/V1/SN/B/BWO.mp3
00ca7a13a3c35e2332974533be456010,/V1/SN/B/BWS.mp3
751a0a4d9e26eb1a9f7205d955d25f1c,/V1/SN/B/BWT.mp3
ee182de635dd63c56fc973aefccdb431,/V1/SN/B/BXB.mp3
0c30c5d076ab3834df2f7c5933c1f506,/V1/SN/B/BXD.mp3
dd12fd2b78e272f70a361396c6d119c2,/V1/SN/B/BXH.mp3
9e37d79c90f4b866c43c9479fb60c174,/V1/SN/B/BXS.mp3
270e9c0c4f5aea2bac66a6ea1a58a6c4,/V1/SN/B/BXW.mp3
4123201f203ced16f73101dc187556d2,/V1/SN/B/BXY.mp3
b2003c4ea502c1469b5569328c0d7504,/V1/SN/B/BYA.mp3
ca5ac19006a6dd3bd59046732d813d98,/V1/SN/B/BYB.mp3
8a89ddb240c5c2e1de9a7c6f2d17680c,/V1/SN/B/BYC.mp3
762322f52cdcf01ca1b5463364819deb,/V1/SN/B/BYD.mp3
d76aadadd22a69a1b1d1d6aeebe1668f,/V1/SN/B/BYE.mp3
b6a0a603548fdaf4c39c3851010fb77c,/V1/SN/B/BYF.mp3
27a059eb178b29f804b7cb078ad7ee9a,/V1/SN/B/BYI.mp3
71f0ef1d7917d22910c01e54f219a8d0,/V1/SN/B/BYK.mp3
c96de1e20221f22c33d387301a7ca575,/V1/SN/B/BYL.mp3
b4f0b0f8c76a3760ca1f3b585955ae6f,/V1/SN/B/BYM.mp3
4474750fb392fe796af27af4f281d33a,/V1/SN/B/BYN.mp3
55c4168c27ec6c80fbe84b269d140f40,/V1/SN/B/BYS.mp3
8b0cd13d1732a81a5b47fc02bcc1b166,/V1/SN/C/CAA.mp3
596dd1027026b88024719bab5ee426ee,/V1/SN/C/CAC.mp3
37d52d981c32f6f053e061fe62e86c87,/V1/SN/C/CAD.mp3
c84fbdb8430420066f1d2c8cbf580257,/V1/SN/C/CAG.mp3
57e3eae8ce09e263da5b39355504d6c5,/V1/SN/C/CAK.mp3
b05d5cf3083851d8acd78fb670aa144e,/V1/SN/C/CAM.mp3
48df4ae7ae2081163999329c3bf60bf6,/V1/SN/C/CAN.mp3
b7eaa12cc7446ac1a54f943a0f22f967,/V1/SN/C/CAO.mp3
dfd3f9c1167d588914af7ff35b597903,/V1/SN/C/CAR.mp3
9d7def6b1b2e72262acaeebe6318541c,/V1/SN/C/CAS.mp3
c21df2d452f91af5b059321f18a3f21d,/V1/SN/C/CAT.mp3
a10685440b4bfcc51659c43e543e511c,/V1/SN/C/CAU.mp3
6a4e3b1054b7ec049b8ddd77080868ee,/V1/SN/C/CAY.mp3
afa0a094c5ce26aa62494d8063758214,/V1/SN/C/CBB.mp3
1d1d9a22d9cc87d7be0e745edc7d8661,/V1/SN/C/CBC.mp3
febddb1146da4d410b6062de35099b48,/V1/SN/C/CBD.mp3
aa11f8a4a64bf5ce116fa82c4a435cbf,/V1/SN/C/CBE.mp3
18c6e17cb5c3da43ef8bd8cb087ce048,/V1/SN/C/CBG.mp3
0dda3b877f6d673f3f49c52b26a6fef7,/V1/SN/C/CBH.mp3
bcb44f385e9b93400c531404c2628237,/V1/SN/C/CBK.mp3
ef152cb4fd89db048ed10b0bc252a81f,/V1/SN/C/CBL.mp3
2277157a33c25819a7397608edc59c38,/V1/SN/C/CBN.mp3
baedf5e0e27dab3acdaad08f3af1273c,/V1/SN/C/CBP.mp3
b94657aa9bee6df39f30870ae7a979fe,/V1/SN/C/CBR.mp3
eb34a49a77687840a9428282cb0a21d9,/V1/SN/C/CBS.mp3
bb5a8254a8a43bfe3d63dc95321ebdae,/V1/SN/C/CBW.mp3
bfee0b86ef0acddc4802e18f1da0b22c,/V1/SN/C/CBX.mp3
e402189c0ba7f419d07b6dd155188748,/V1/SN/C/CBY.mp3
16baf4778bbc6845088e50edce2b5847,/V1/SN/C/CCC.mp3
f6bdd6310660abe527cc135f5fc8258d,/V1/SN/C/CCH.mp3
ae8254305c299116301b47867e164c87,/V1/SN/C/CCT.mp3
2ee93ce8ec931343f43218861537670f,/V1/SN/C/CDB.mp3
146567e1eb3083f7705d0a0aea856109,/V1/SN/C/CDD.mp3
bfe8205ea12ffb1eff0a06324e722bb9,/V1/SN/C/CDF.mp3
c876a5ea1f03bc997b9810bc871037fe,/V1/SN/C/CDI.mp3
c87548393d746570712423bfcae38cdb,/V1/SN/C/CDN.mp3
b9133087d66b28d773498825591120d9,/V1/SN/C/CDO.mp3
4a2bc88759952a4b0bd1ee2eb26f4588,/V1/SN/C/CDQ.mp3
9592e97f6318609735e1a04a9f5a3b98,/V1/SN/C/CDR.mp3
a396c71d4b1503518fb2f4866446ac2b,/V1/SN/C/CDS.mp3
3594a5d8c80870bd9cd240207b0ef475,/V1/SN/C/CDT.mp3
6de2cbb02220edc10887412d1325ae47,/V1/SN/C/CDU.mp3
35b496861280c36216be6f6e8ba59231,/V1/SN/C/CDY.mp3
0504e117d862a9599ad9e2660357ff8c,/V1/SN/C/CEA.mp3
769a4db6167717015dbc0b313318f763,/V1/SN/C/CED.mp3
76056128946c63a88f1bf8b18d80e909,/V1/SN/C/CEF.mp3
222a85be24b326a1fd2102734afa2b66,/V1/SN/C/CEH.mp3
5077bf4209a3652cab0e8c49542b8ae7,/V1/SN/C/CEL.mp3
06de301741f081faa6247a349364b9e9,/V1/SN/C/CES.mp3
dcf712a1c64603f21d90930d64eaac16,/V1/SN/C/CET.mp3
4428da294c63f5f7174223e0c72a2266,/V1/SN/C/CEY.mp3
e50be9e387e9b346859c3be5f60fa90f,/V1/SN/C/CFB.mp3
5b184004c9a591bded39a75c64dbd60d,/V1/SN/C/CFC.mp3
0d5ab8f820e07ccdbae94ede7834a299,/V1/SN/C/CFD.mp3
ed30974ba22b8ea1de5268ea40cdeb24,/V1/SN/C/CFF.mp3
9a4d2c19428ce2c2392656eb19acc62d,/V1/SN/C/CFH.mp3
38797b6fd721f27e18dd4132ba1b7dd8,/V1/SN/C/CFL.mp3
7397b079fd11ee5cbb81f9429aaa9893,/V1/SN/C/CFN.mp3
d93da4b3ae819a7dd9498324a2ead678,/V1/SN/C/CFO.mp3
b3732ac813da66f9feca127b99283447,/V1/SN/C/CFR.mp3
e86ec0ce137a41e0831ffc65b66198c8,/V1/SN/C/CFT.mp3
40c896d9a689d6e4a380ed07225bac19,/V1/SN/C/CGD.mp3
662548521de42a059f5736e84a6ebfd1,/V1/SN/C/CGM.mp3
70222eae8266794226132aab6863eb28,/V1/SN/C/CGN.mp3
b6669e4ad4c5bb34fb7c8aa2e32ac62f,/V1/SN/C/CGW.mp3
ff5846e1f8544a8d9889bb19d2185e00,/V1/SN/C/CHC.mp3
7ab3022c31a9c31fd6138eb82ec55a51,/V1/SN/C/CHD.mp3
2b27d2c7fc8bb63a39b48e4cdd6f5340,/V1/SN/C/CHE.mp3
5ffdeb6a63a70a45733e7c49e585159d,/V1/SN/C/CHF.mp3
c40df5ede45e93365db62275c59ffa8b,/V1/SN/C/CHG.mp3
400c6226dda7c51cc64fed029c6b482e,/V1/SN/C/CHH.mp3
b644d8343bb99a904409776ba8669691,/V1/SN/C/CHI.mp3
9b5f3d4e626b2953d87631d5610a6a8d,/V1/SN/C/CHK.mp3
35735027c9d64be8229eace0299facfd,/V1/SN/C/CHL.mp3
daf5317c1ce618664f3426fc0b5f120b,/V1/SN/C/CHM.mp3
51c83453c04c44d446bbb356f11c5c15,/V1/SN/C/CHN.mp3
25381ce075f15a5e8ddd7b7ed27c9128,/V1/SN/C/CHO.mp3
ad107f9a853555f2afd6aec911f19207,/V1/SN/C/CHP.mp3
2e5c5ae1be69e57e804f7a21199593a4,/V1/SN/C/CHR.mp3
44c73ebe57d6c2c9cb75a6ca31952d87,/V1/SN/C/CHT.mp3
3775fbb64dd82ece20f0282d5dea5292,/V1/SN/C/CHU.mp3
b6c0bd252b59f108963c4b06de052c78,/V1/SN/C/CHW.mp3
81c64109eacbc8ba7b01448a5ceebbfd,/V1/SN/C/CHX.mp3
73badbf5f0c0951594520c8f151aabf6,/V1/SN/C/CHY.mp3
ac65cff939b1f0159dcfa3cd2c6528ed,/V1/SN/C/CIL.mp3
8729acbe6ad4cffe58ab553b306308a9,/V1/SN/C/CIM.mp3
4e033b9910cc41fcbb6d0c6dd66bd42e,/V1/SN/C/CIR.mp3
564e7f02a08c9e82bd54e8fb5cdbcada,/V1/SN/C/CIT.mp3
afdd2516820be98ced0579937a5de393,/V1/SN/C/CKH.mp3
7f55f210055c38af5e08a9d9d2659a2f,/V1/SN/C/CKL.mp3
73069a5e864af4470cd9fb7f1f48189a,/V1/SN/C/CKN.mp3
481db969e7016f78487fac50a82fdc39,/V1/SN/C/CKS.mp3
dcb94f2a0a7aeeed25adc617e90f0bf4,/V1/SN/C/CKT.mp3
7dec56b3398cb884422bed677506bd49,/V1/SN/C/CKY.mp3
b523e82fcd280a7cdbc30b7b675acdd9,/V1/SN/C/CLA.mp3
8ca04e8e3370ad0c33a95bbb561946b4,/V1/SN/C/CLC.mp3
3e9ff379fd02984631f0f99008576f72,/V1/SN/C/CLD.mp3
11e646aa455f9712a6924ba24df54191,/V1/SN/C/CLE.mp3
2a006ca7d18ba4e667febfea0fbe168b,/V1/SN/C/CLG.mp3
8c37e4fea583f18855e5aee13610363e,/V1/SN/C/CLH.mp3
f95ad640d6bf8005f8e809ff49fa10e0,/V1/SN/C/CLI.mp3
22f553112bd7321f0ab796b3a7dac6fb,/V1/SN/C/CLJ.mp3
7262dbcabb70e94ca237101e598fdf4f,/V1/SN/C/CLK.mp3
0b6018c6ea4af08ac6797a092e1c9aee,/V1/SN/C/CLL.mp3
470cf8ee57e707f2b0f1baf6cb072daf,/V1/SN/C/CLM.mp3
63d93a0cc4feba8fda67ca6f620e39be,/V1/SN/C/CLN.mp3
f18927a27174b9d37e8a8238bb6a868b,/V1/SN/C/CLP.mp3
5574c7c955d2604a6464af9bc771d6c4,/V1/SN/C/CLR.mp3
4619cb4695e582d40a89357df8193f56,/V1/SN/C/CLS.mp3
d37976d6e4e1ae6f2370e8a394ba1563,/V1/SN/C/CLT.mp3
2d74884fd31c56386de9f7cc427013b6,/V1/SN/C/CLU.mp3
412bb2586bb51456ed86001f2ce60c57,/V1/SN/C/CLV.mp3
f65a390efae32af8705220060fd1dd43,/V1/SN/C/CLW.mp3
169292683b17561e4b1e7602cd4c4971,/V1/SN/C/CLY.mp3
6b6b17e6033d2058f7b40c08769ea2eb,/V1/SN/C/CMB.mp3
3829bb554c2e9afd00e7aee1f581993e,/V1/SN/C/CMD.mp3
665aa6d151724d7f6b53c5c7b6570938,/V1/SN/C/CME.mp3
1e2d4a02968dc783d1e4ca1762382eea,/V1/SN/C/CMF.mp3
95828213cec9a3b48e0c0968a17f6aa5,/V1/SN/C/CMH.mp3
d562a61b32342a3afb180f5486701ad1,/V1/SN/C/CML.mp3
eafde9fa240b83fe74e1b8e65b39b6af,/V1/SN/C/CMN.mp3
8ad4e049ea7f2c4b1678ea5b1c8220cd,/V1/SN/C/CMO.mp3
b83cabd37a933d71158756d6c3e9b9ac,/V1/SN/C/CMR.mp3
16a076b08ab7497cf78e3c0647116e76,/V1/SN/C/CMS.mp3
f3f813f27d37b721773e4d6257315215,/V1/SN/C/CMY.mp3
b5cc1b07cc96cf551138bdd794da0b61,/V1/SN/C/CNE.mp3
aa07f3125d3ae0653461936a579c88fc,/V1/SN/C/CNF.mp3
f870475131b763c5e990d6ea4512262d,/V1/SN/C/CNG.mp3
03475ad2ea0c21e3eed9953ccd2fb8b6,/V1/SN/C/CNL.mp3
636df20c7be681e27e5c3bbdc0a3ef61,/V1/SN/C/CNM.mp3
576a9018e6e56f4bcc5352ffd05b879c,/V1/SN/C/CNN.mp3
8236083c35104bbfee55bd6b7538adc5,/V1/SN/C/CNO.mp3
6d1a9a5d462790c2f46621045ba4f3bc,/V1/SN/C/CNP.mp3
55e3fdcf7e24b6c338360db277cb90aa,/V1/SN/C/CNR.mp3
f2333a1a0afbaa5a40a95ae1721d3968,/V1/SN/C/CNS.mp3
71875d150c2012c7dcac387d06718838,/V1/SN/C/CNW.mp3
27c4e182921404197b858ae8dc771e3c,/V1/SN/C/CNY.mp3
ac9088566c674ab899b65ae8551e92c9,/V1/SN/C/COA.mp3
49f2b0c365001a17f16ee781c720f344,/V1/SN/C/COB.mp3
f47f8dd7a583235a0dc9fdeae0753268,/V1/SN/C/COE.mp3
47b5816bf382be9e94aa61aa6e9fd063,/V1/SN/C/COH.mp3
0f64349d511a4b123756236448ba701a,/V1/SN/C/COI.mp3
909c44d37712e2b746bb3bcc8d64ab90,/V1/SN/C/COL.mp3
c6751ba56d4f5ac68da5825ae288c4e6,/V1/SN/C/COM.mp3
598912d097aebcffd4552fdac84d9ae8,/V1/SN/C/CON.mp3
02fab782a09732a290b50461dedb2dfe,/V1/SN/C/COO.mp3
771e713008dbc7281c2e8cd3212e79bc,/V1/SN/C/COP.mp3
612b5b00799d0c49a8ee6ac2a0a6a447,/V1/SN/C/COR.mp3
335166d9a81d3332141d2a42f706a99f,/V1/SN/C/COS.mp3
2b12b45cf794733b29a3de80b873a910,/V1/SN/C/COT.mp3
13a67b85b08de8375e9a3ff2b6e7fbf3,/V1/SN/C/COV.mp3
f92f893b1b72f193b538fd2d8a30f06a,/V1/SN/C/COW.mp3
962c7d8fdcd9a8d0c26a9c13d24cce6d,/V1/SN/C/COY.mp3
19280faf5b45d31b41ad4df18a3681f7,/V1/SN/C/CPA.mp3
742f9f425fec4664dbc06c38a5c026fc,/V1/SN/C/CPH.mp3
45a72f212299f8a322336c50a429e10d,/V1/SN/C/CPK.mp3
74f5be5a8bfd03f121b365803fea7b5c,/V1/SN/C/CPM.mp3
94b992497a346c456f9eb8661f8e9027,/V1/SN/C/CPN.mp3
c818e0486ae39ae0221a2c4cd3a86d28,/V1/SN/C/CPT.mp3
31fcb5915b256d6cdb91997d4f6e067c,/V1/SN/C/CPU.mp3
6e953c7ee5fada81a5ddb554698c81e0,/V1/SN/C/CPW.mp3
1863411fdb97dd3f6a35a239a1e1893c,/V1/SN/C/CPY.mp3
7f28607e94aafc5fd27d9de60a8fdf2b,/V1/SN/C/CRA.mp3
e0c5a0f985e62eb94a8360161a72f404,/V1/SN/C/CRB.mp3
c93e9512beec3a4ec4a4edac622eab85,/V1/SN/C/CRD.mp3
a948a02c77c30c806f85cecbc26ffe0c,/V1/SN/C/CRE.mp3
29eff473e7655d5494299661d90afe05,/V1/SN/C/CRF.mp3
667395f59c3f084c5f177dee7d359761,/V1/SN/C/CRG.mp3
717a2dac6d04544cfae33eb39850b3f0,/V1/SN/C/CRH.mp3
06d75e0ceb8e8c194f37f2b639575d30,/V1/SN/C/CRI.mp3
c5577f93aca29c1e9a5df145110ab3c4,/V1/SN/C/CRK.mp3
42cdaa14c6f173101c49349eba78d03d,/V1/SN/C/CRL.mp3
5617ce6115f51d7d1ebc0ea2aae83e35,/V1/SN/C/CRM.mp3
42fbc9831bdf8ef781f67fc4c048e694,/V1/SN/C/CRN.mp3
317e1d15957796d7f3c2e1ae0a4b1dec,/V1/SN/C/CRO.mp3
3764b5c951c407032a00f656892d26b4,/V1/SN/C/CRR.mp3
fc84551395293529690be71cdb04aa68,/V1/SN/C/CRS.mp3
96b27a3e881dfcdda76d88380414db1f,/V1/SN/C/CRT.mp3
ce3e14fd0c03797b9d89eaa90d2b6da4,/V1/SN/C/CRV.mp3
88aec6b66e5154428ede2841afdca808,/V1/SN/C/CRW.mp3
1a0fd64287fcc7846c637bf1b318cf8e,/V1/SN/C/CRY.mp3
b4879850ea898450b2bffe05dae37c3a,/V1/SN/C/CSA.mp3
4468a2df3b92f010bf9b1da2d5982dd2,/V1/SN/C/CSB.mp3
1846dda05a9eed7990538d05cce889cf,/V1/SN/C/CSD.mp3
1c6631da13b84fd4bab17461f62c0778,/V1/SN/C/CSG.mp3
0178845253d385a801745a75547c4f7d,/V1/SN/C/CSH.mp3
45a20847600bfb7248ad502cf414e0ab,/V1/SN/C/CSK.mp3
931133ab407b25d99ccb3b63c5619ab8,/V1/SN/C/CSL.mp3
c6c267c8fa4371f78a16fa00b1418464,/V1/SN/C/CSM.mp3
346d1ff123717253dc92aea11900e6a3,/V1/SN/C/CSN.mp3
8ccc29cd2127f2405ea952608377ecee,/V1/SN/C/CSO.mp3
a1627f0bfab0a98257515d572956c116,/V1/SN/C/CSR.mp3
de466829684cbd2b7f5cfa335f9c79ec,/V1/SN/C/CSS.mp3
8dfd27691662dbd359afad838fe2364b,/V1/SN/C/CST.mp3
b0a7849ae6e830a3da013a03fd5732dc,/V1/SN/C/CSW.mp3
35fdbec5dd1a5196f3a9938f9cf1be0b,/V1/SN/C/CSY.mp3
022d556e82300475534592ccf26bae9b,/V1/SN/C/CTE.mp3
41a5cd90c7a7f517837fce3000f03d8b,/V1/SN/C/CTF.mp3
d6a1fcfb261fe668b9da8e26f7af28a0,/V1/SN/C/CTH.mp3
a4c04a7924bf27048af4c0f6b9234c0d,/V1/SN/C/CTK.mp3
504ee5c90520e612f6986a38b5579605,/V1/SN/C/CTL.mp3
36c8e0dd7d976c7218ae8c17183d8a66,/V1/SN/C/CTM.mp3
2e384e46e2564f176f2815203063d152,/V1/SN/C/CTN.mp3
fe986da24269e6f576817add0466ed6f,/V1/SN/C/CTO.mp3
1be8aa554744eaebf8f8429ccb50c6fd,/V1/SN/C/CTR.mp3
59c645cc39e91df311e1cbe98f096e8f,/V1/SN/C/CTT.mp3
4e6b4e6647d5f8cc690fb698997c16b9,/V1/SN/C/CTW.mp3
12e21ce53d0d21800167d256937a1d5d,/V1/SN/C/CUA.mp3
8919d8c6093d081fb16e9a6d8f5ffb34,/V1/SN/C/CUB.mp3
dacd2f4c1612f4faae6203787de16604,/V1/SN/C/CUD.mp3
00b9440f0599914cba02791efc51d7e9,/V1/SN/C/CUF.mp3
9a28a211c4752b7a14dbdac67e178c4b,/V1/SN/C/CUH.mp3
5be37163cbace3bdd7db732514b58bb3,/V1/SN/C/CUM.mp3
28a7703510e52c5b4e70dbd01bfa2882,/V1/SN/C/CUP.mp3
c5135b8e3532154016dd3663e2c7b19c,/V1/SN/C/CUS.mp3
0ebf5247c1eb710dcf40add132d23899,/V1/SN/C/CUW.mp3
400fd483b5d74da36d6e45fbb13701dc,/V1/SN/C/CUX.mp3
fc5f2ba671d76c057798d53f3c77070e,/V1/SN/C/CWB.mp3
e962edea607caf07014c5ab9fd0f4374,/V1/SN/C/CWC.mp3
c68abb21d844de8fe0a6238fcb81f17b,/V1/SN/C/CWD.mp3
bc247ec8a2104123247d85f96d63e607,/V1/SN/C/CWE.mp3
cb6da7a03d9f25f27207e2814027c312,/V1/SN/C/CWH.mp3
936e21bbb1963fa2ca94d693bba0875a,/V1/SN/C/CWL.mp3
25cb2580e4bbb244d4c4938b12c4c9e1,/V1/SN/C/CWM.mp3
de6cc8c7d57b8fc7a1ded45ff069cb64,/V1/SN/C/CWN.mp3
e76e5a3df375a85b65ecffb32c9c3305,/V1/SN/C/CWS.mp3
de538cbe4010024dfc5325c3390486d8,/V1/SN/C/CWU.mp3
241919096a43a7f71b794e51e764be3e,/V1/SN/C/CWX.mp3
b5e1f6233555a7770853be8c9eec03ec,/V1/SN/C/CYB.mp3
85e61a22cf789578f621b065f533aca4,/V1/SN/C/CYK.mp3
769367d64ba97e196115fca118b345c3,/V1/SN/C/CYN.mp3
dbec67d7df5895f83eb4c19710346fab,/V1/SN/C/CYP.mp3
fe9584e25cad9688d80cef6779694160,/V1/SN/C/CYS.mp3
5ed34e3297a79c78141071a978861f8d,/V1/SN/C/CYT.mp3
12464578fe19c857d5a541ea8dee259c,/V1/SN/D/DAG.mp3
6b361de466206f5a3f1712a67fe4ca4f,/V1/SN/D/DAK.mp3
ce3fe105e08e4950a327d442b98afaf4,/V1/SN/D/DAL.mp3
2ee7bd689e1f89f5bc829359217816d4,/V1/SN/D/DAM.mp3
0a8088f9000923cc5069db60903014aa,/V1/SN/D/DAN.mp3
90b0473b3ba9209947f49440133b302d,/V1/SN/D/DAR.mp3
487fa5240c2bd9daa633a541c19b809c,/V1/SN/D/DAS.mp3
8d897842d505297c3cf22c8515220c0f,/V1/SN/D/DAT.mp3
c3988d5c56f68637a1b58f7920841662,/V1/SN/D/DBC.mp3
f33ef0c463eadf336bda8f40639dcef7,/V1/SN/D/DBD.mp3
4b5d3960e944685764b434f00b403bdc,/V1/SN/D/DBE.mp3
420c64100a350a1e178a26411bf946ee,/V1/SN/D/DBG.mp3
e447251afb2a668309a0a7a70f8d6f68,/V1/SN/D/DBL.mp3
51b37a4ed984e74e99c6f206ef513473,/V1/SN/D/DBR.mp3
7af7268e4bbbb7c2d37c1f4e366349e0,/V1/SN/D/DBY.mp3
e44d5d4a6b8429a3b120dacfcbf842e6,/V1/SN/D/DCG.mp3
95371a80591f452754beaf4f3421e569,/V1/SN/D/DCH.mp3
189567cfc02e4e08e882f2dec9c1243d,/V1/SN/D/DCT.mp3
945c5a39126c518b2432e8b548bd6e9f,/V1/SN/D/DCW.mp3
0751e7f4f259d0ce40f48618bbf8f8c5,/V1/SN/D/DDG.mp3
7d9f9125218e1a7ffb0ba6e7cf11134d,/V1/SN/D/DDK.mp3
134569d2dc4d415dd52c2ef44af09ba9,/V1/SN/D/DDP.mp3
4aa42abd4ab0a7ecde3ff56206c1cfbc,/V1/SN/D/DEA.mp3
13fdb080c55722c5391a5331b29777cb,/V1/SN/D/DEE.mp3
13d10ea17696240e8b9dfdd2b017f212,/V1/SN/D/DEN.mp3
e381364436082313d52c7819be91fb7e,/V1/SN/D/DEP.mp3
77f2afb8dfdabe6f887950dda6c33633,/V1/SN/D/DEW.mp3
82f3a7af3179cba7289d8b6f102b42f6,/V1/SN/D/DFD.mp3
fe8797b1be65d3ff9532d1802aef181a,/V1/SN/D/DFE.mp3
37dd9e82101c1ba3a66df15d23bf4f36,/V1/SN/D/DFI.mp3
932b51e4fdef6463e623615324405721,/V1/SN/D/DFL.mp3
b4ac2cdd318052601c629cc337695396,/V1/SN/D/DFR.mp3
85c00467676be4a2b3d46c062115a1cf,/V1/SN/D/DGC.mp3
45a713628922768bc399d9be7f3bb212,/V1/SN/D/DGL.mp3
ae5a8411c3851e2864f262195fc8a726,/V1/SN/D/DGT.mp3
66f25cf662fb3b5d2cc605164b7a1c24,/V1/SN/D/DGY.mp3
54e795cd6f38365575ef5980791b4d51,/V1/SN/D/DHM.mp3
80e9a93539515c800d389b7b457323f8,/V1/SN/D/DHN.mp3
951cd0e74d07057d6c259640c8971bf1,/V1/SN/D/DID.mp3
79d2a3f7224d0396a10158848efb3ba4,/V1/SN/D/DIG.mp3
2affbf8d865b08cd8e7e4f97ac2bad23,/V1/SN/D/DIN.mp3
758051fe98cfcd9da2244751250ed9c7,/V1/SN/D/DIS.mp3
fb0525ebaa52354f87ffd00ebb92fbfe,/V1/SN/D/DKD.mp3
39c56f40116a2aef82600002887f53bd,/V1/SN/D/DKG.mp3
0924212f4c2ef82bdc28107ebfdd5b2d,/V1/SN/D/DKT.mp3
7a2a3942c9705c516cbb77e919379ec9,/V1/SN/D/DLG.mp3
f5504139f38f0719a2848796b0ca2d33,/V1/SN/D/DLH.mp3
7bba8cbddbd14baac8888d290bb2a392,/V1/SN/D/DLJ.mp3
0aee4e3980baa20f690976fbf81a6d63,/V1/SN/D/DLK.mp3
2ebbc22bef722a8e6a666f5680d01208,/V1/SN/D/DLM.mp3
a49f72e18384be43ea9c34cd8688252a,/V1/SN/D/DLR.mp3
d0f7b190e1b178d3b1b9ecec122cbabf,/V1/SN/D/DLS.mp3
84150722cace57b9c8087e4b455e03bd,/V1/SN/D/DLT.mp3
412fb523d46506213503f7946d194836,/V1/SN/D/DLW.mp3
372707c11ad68bd0790b658d266e1986,/V1/SN/D/DLY.mp3
46e5e53ad7540a66c2aa803bb1787842,/V1/SN/D/DMC.mp3
a04bd0883fcb7afd63ffbf0172c3e7d8,/V1/SN/D/DMF.mp3
9783b1ef341c22156654b6ff3844c782,/V1/SN/D/DMG.mp3
754d2049f7a1e2876f308247534faf31,/V1/SN/D/DMH.mp3
d0a562efa2ebbf5f814b0fb159cebb1b,/V1/SN/D/DMK.mp3
6f46eb61314a6717bfae9821261da6a5,/V1/SN/D/DMP.mp3
69f23ec9ce05d9a00b8f55a8790a4c3f,/V1/SN/D/DMR.mp3
648a504b8d1fe9e0c3cd0361f399e675,/V1/SN/D/DMS.mp3
cee90b1664c74e8f74957c574083c86c,/V1/SN/D/DMY.mp3
c841c8ceaa46f98bc6004b6b73105f76,/V1/SN/D/DND.mp3
3d0c1fddcaef8e37ad7a3315ab8bd1ee,/V1/SN/D/DNG.mp3
22c4aaa13ace4be6d7ad9704225e452a,/V1/SN/D/DNL.mp3
32a43df42eb16963155195ff0633da6c,/V1/SN/D/DNM.mp3
0ad8fdba191f56f2256224762a4810a4,/V1/SN/D/DNO.mp3
9be8381080027bfa9060aecc4f035973,/V1/SN/D/DNS.mp3
8f9cda0d491161e88580de5ebe6cd157,/V1/SN/D/DNT.mp3
49d40533be31e49e61b2b49e06e78799,/V1/SN/D/DNY.mp3
ec6b1d3034df62ceb182e8b6113fd78c,/V1/SN/D/DOC.mp3
9dd615f7a163be63a0877a939027e6be,/V1/SN/D/DOD.mp3
4d8f634d0c0d1eccc9628c8281f1e017,/V1/SN/D/DOL.mp3
044a26b6855e20967272a177e85e7fae,/V1/SN/D/DON.mp3
236369b5308d5d5530f1817dee6e3101,/V1/SN/D/DOR.mp3
ed8884ca116ae6bb8c5bf64a18fb73e0,/V1/SN/D/DOT.mp3
818cbc3ec31acb36aa017f94603587f8,/V1/SN/D/DOW.mp3
9f3d6900648d34280ee8a0ef313df83b,/V1/SN/D/DPD.mp3
9bb5ec1522dd26d7d23857275c3f54fa,/V1/SN/D/DPT.mp3
94db15ea2b82f0997fb5a650fb845a32,/V1/SN/D/DRF.mp3
42aa61c45a6fc86c250bf9b5e6bb4946,/V1/SN/D/DRG.mp3
2459be88a6aa16785539a95d35f2c7ae,/V1/SN/D/DRI.mp3
950810b9d2a08ad1712e127241d1f93c,/V1/SN/D/DRM.mp3
8e9d91567dd0d8fbc5afa32e03344ec4,/V1/SN/D/DRN.mp3
761300540627246d253b9ce3af839df7,/V1/SN/D/DRO.mp3
76e7e40f35fc536de2b1636030502302,/V1/SN/D/DRT.mp3
b1031eabd5a3d1069fdeae329544a0ce,/V1/SN/D/DRU.mp3
9a4240b1ec1cd9ba3ee19858f9c2ef43,/V1/SN/D/DSL.mp3
b2319c94ee132a5639e29f8f8fcab9a4,/V1/SN/D/DSM.mp3
458e9558c87ad95e3bc891ee0c9e6449,/V1/SN/D/DST.mp3
444aaebb207cbe60849699576e24fa74,/V1/SN/D/DSY.mp3
bcb2e788b55056f28c23b907982be599,/V1/SN/D/DTG.mp3
7b02b93dcb5b5c0975cdaab9b2ee9466,/V1/SN/D/DTN.mp3
c874d819bac4b5aee6b5f71a6b711187,/V1/SN/D/DTW.mp3
0e9a947bbd8817e5cfe09bae04e5223b,/V1/SN/D/DUD.mp3
23e8b22597d99404a5e53d57882a15b4,/V1/SN/D/DUL.mp3
d229aae2b9724e36138800b36b470653,/V1/SN/D/DUM.mp3
18fb7f7a74c1751f5162d54574c957b5,/V1/SN/D/DUN.mp3
3cef6d440b90927f590b0969270f104e,/V1/SN/D/DUR.mp3
21068556e1731a7c7401c7df980eef52,/V1/SN/D/DVC.mp3
1990570b30e4f48404235b29e494d6c2,/V1/SN/D/DVH.mp3
6baf9e3599dc6adde6db875c1f62c743,/V1/SN/D/DVN.mp3
ee827f266ccd05b71e294853941a9104,/V1/SN/D/DVP.mp3
b63582f5941af315146b1e1d414822cb,/V1/SN/D/DVY.mp3
0eb3e6eafb4ad2b7e8901cb107929645,/V1/SN/D/DWD.mp3
7194be579a4794dca8114475350be20f,/V1/SN/D/DWL.mp3
a20ac6f4ea6712abc85de9289f31caec,/V1/SN/D/DWN.mp3
b75868f2a2edfdf2c98c3dca98da77c0,/V1/SN/D/DWW.mp3
fff5f33c405f9d6306ca1c885061423a,/V1/SN/D/DYC.mp3
d122f3edd2396241956395017f373be2,/V1/SN/D/DYF.mp3
65567f163dc07258c700cd24cef9035b,/V1/SN/D/DYP.mp3
8b1c65d95b5df12a10ad60feca389d0d,/V1/SN/D/DZY.mp3
66dc50c6c319cb29761e0e03e0332117,/V1/SN/E/EAD.mp3
0b175369bd082ed349b44e22c4f7edb1,/V1/SN/E/EAG.mp3
9b8760b4f4f5dafa89e9d7b1c56ad0ed,/V1/SN/E/EAL.mp3
3016c08997a2ea093546825d2fbcd7cc,/V1/SN/E/EAR.mp3
b002556d4510320619bee33a5407bcfd,/V1/SN/E/EBA.mp3
5d6134303ee51fc2d1647064ab2086b5,/V1/SN/E/EBB.mp3
15e9ac7c8e216ddb3eac9003971dd56e,/V1/SN/E/EBD.mp3
e90e7c4d59a6afe2776010c61a097fa5,/V1/SN/E/EBK.mp3
6a688086d5cbcd71dc4cc603accea0b1,/V1/SN/E/EBL.mp3
e7b98028e51c06343820b15bf18bc5e3,/V1/SN/E/EBN.mp3
35708215c308849de227bbaced7565c8,/V1/SN/E/EBR.mp3
ebe3802381f9f41b956eaee7dc2836b0,/V1/SN/E/EBT.mp3
5263bcf865ef626c698665f4cdf8ebbc,/V1/SN/E/EBV.mp3
ba61b285cb8a2bd49ec37e1296ed6b1e,/V1/SN/E/ECC.mp3
168eecdb05d736f0233139aba6f1015b,/V1/SN/E/ECL.mp3
05d487c77474281d885b314bf8f9a9bc,/V1/SN/E/ECP.mp3
84e6c11d7104d4c0691657011538519c,/V1/SN/E/ECR.mp3
342ae2e0f9ce3c4aa41a751dd729d98f,/V1/SN/E/ECS.mp3
ce632cbc82b1f42ed43f98cde40434ae,/V1/SN/E/EDB.mp3
854b71f88631bc160f0ca37ac474298c,/V1/SN/E/EDG.mp3
f1691fb822742a863086ea75f463219f,/V1/SN/E/EDL.mp3
834e51ac09cd02533522d41f548b1b4a,/V1/SN/E/EDN.mp3
26bfdd493b8f77cf5f90b90ad96a82ef,/V1/SN/E/EDP.mp3
bd622d8217f4b33286d48a5598be8af0,/V1/SN/E/EDR.mp3
de43826dbe18f8c32e8a54f76d761100,/V1/SN/E/EDS.mp3
9ee79229ddd053e797b80aa0fe4f080c,/V1/SN/E/EDW.mp3
faa82b38ec4c3a816a0648b2f578bc68,/V1/SN/E/EDY.mp3
c9c545d0fb52ebeac2ef25dea9c157b1,/V1/SN/E/EFF.mp3
ae40385dd3df88a6ddf5b9a0ea5f1160,/V1/SN/E/EFL.mp3
76738e01f38412c450de6bf9488f28e4,/V1/SN/E/EGF.mp3
8908bba1dcc01337cbb05f51fceef12e,/V1/SN/E/EGG.mp3
c28e277efb6a70d2357422b9319e8b56,/V1/SN/E/EGH.mp3
1daef0dd9dad99047eb4d583d30c3db5,/V1/SN/E/EGN.mp3
bd866c59af30cd7259c4c078825f9deb,/V1/SN/E/EGR.mp3
4ba07a48a242931816a486effb623283,/V1/SN/E/EGT.mp3
24ee10a46219d20778464f54d2ce4bd3,/V1/SN/E/EGY.mp3
ca0980391dcda85a9f692d5a36339fbe,/V1/SN/E/EKB.mp3
329c4054df6ed6244a1a49e8323f293e,/V1/SN/E/EKL.mp3
3369188b22a1490c2e96db604b49224f,/V1/SN/E/ELD.mp3
93f6f998d147914a2ae8143d954a1114,/V1/SN/E/ELE.mp3
44f76f4f22ff703f2576ba00cd02e388,/V1/SN/E/ELG.mp3
c1c36be28454b017d316d6c73ce38cbf,/V1/SN/E/ELO.mp3
7251892160111f0c3400d95cd9b2120f,/V1/SN/E/ELP.mp3
2a987c3f586d32f6815a6506d5c35efa,/V1/SN/E/ELR.mp3
2ed6774cccc8374e7263d5747c8540ea,/V1/SN/E/ELS.mp3
527b75ab54979040da05af98113101fb,/V1/SN/E/ELT.mp3
b14f4310e06bc5f44e8dd97d9f65363b,/V1/SN/E/ELW.mp3
0fe15b76c4dc301e630aad7256638492,/V1/SN/E/ELY.mp3
01084ad32a55ef437220da9c21ede11c,/V1/SN/E/EMA.mp3
29ff5998ee8b3ac6c9ddced1887a10ae,/V1/SN/E/EMD.mp3
a4a2950c5c218a7e60bac2fa6e6240ce,/V1/SN/E/EML.mp3
bf129222cae80458e769d9ce8d129c78,/V1/SN/E/EMP.mp3
b2e668270fdf78d161415148a608916f,/V1/SN/E/EMS.mp3
e2d76012bb6b7743b57e6daa28cd0b2e,/V1/SN/E/ENC.mp3
175e36975c530633f6523387b57676b6,/V1/SN/E/ENF.mp3
063462b763fa40976a6ed5404bbf98e1,/V1/SN/E/ENL.mp3
d0c569cfd456787435921c895de11e9b,/V1/SN/E/ENT.mp3
a66709b026526795363d968f1d1735ee,/V1/SN/E/EPD.mp3
12928b3e5d2aae85dc2e28dab700290f,/V1/SN/E/EPH.mp3
07b3f627f5df4be6668eb8aba3e0e466,/V1/SN/E/EPS.mp3
0c11d44ca5149055c92f1e7fad289f9e,/V1/SN/E/ERA.mp3
30e5d64bbc236ce6669949405ae39d93,/V1/SN/E/ERD.mp3
5883a031b081e4b84a1452dcb7e938af,/V1/SN/E/ERH.mp3
3cccba12eaa8eb366e6b5a2b597b7b69,/V1/SN/E/ERI.mp3
e18ba80da9e12def55b100ec68dbe70d,/V1/SN/E/ERL.mp3
9ac666971cc4f42a74d5c8a558970a69,/V1/SN/E/ESD.mp3
af7a566fbf9844ae6f8bf11ef800191b,/V1/SN/E/ESH.mp3
49a481611e9ed2f55a6050a91c9156e4,/V1/SN/E/ESL.mp3
f7369a625964756ca18e9f0e3a478405,/V1/SN/E/ESM.mp3
8a1e43258570c4da32e6578ef2d8db47,/V1/SN/E/EST.mp3
e5353eaf68797dcc10a7bb508e2f571d,/V1/SN/E/ESW.mp3
544412d906a15492fe75110665bd779c,/V1/SN/E/ETC.mp3
8edb81d4f128003005d307917d6bbca9,/V1/SN/E/ETL.mp3
32a24a10ed2049cd55d6faa2743c3712,/V1/SN/E/EUS.mp3
19ddc6bc86f89ad84477cbe92adf6e24,/V1/SN/E/EVE.mp3
9a484f8798e1c74c295a09a6fa662d4f,/V1/SN/E/EWD.mp3
80057ee4ea8536586affc7ffa0fff3a3,/V1/SN/E/EWE.mp3
159808d083f916df692475de8a49464f,/V1/SN/E/EWR.mp3
c1946d21ffedc8e151c0b0ad72bc3a25,/V1/SN/E/EWW.mp3
317f0d71499af10910c7325dbf9fca85,/V1/SN/E/EXC.mp3
7daa1be9ee2ac9d3fd33645f049ee3de,/V1/SN/E/EXD.mp3
a896758c564de5e432f033a0fc06b5b2,/V1/SN/E/EXG.mp3
2b1a1c32cd73136bf2bb85c8e669b7e1,/V1/SN/E/EXM.mp3
6dea78dde425b40117fc6a287c1a5046,/V1/SN/E/EXN.mp3
2561b5eb01b65ce1bf80d4901a25b9ac,/V1/SN/E/EXR.mp3
f9caee7b183f8d807c286dc895ccb130,/V1/SN/E/EXT.mp3
bb3376c527d8f24872d108d457f5644a,/V1/SN/E/EYN.mp3
65653c2d5c45253b97e69ce7e158b934,/V1/SN/F/FAL.mp3
65a8c8e78742a9271d0b9a97d54469e8,/V1/SN/F/FAV.mp3
d7e1018686efe3d1366f93f9d35f7407,/V1/SN/F/FAZ.mp3
2e759aef5b30dc44ddc023bb893b6338,/V1/SN/F/FBY.mp3
c23d3bdbfc787af2cd2439ed1d2dde3c,/V1/SN/F/FCN.mp3
24246b9155d0ca756ad3e6b38c932dd5,/V1/SN/F/FEA.mp3
c4394f535f512780301c9096351d93ad,/V1/SN/F/FEL.mp3
c0e20595667973bf10a4b82b286df1f0,/V1/SN/F/FEN.mp3
69d2816e4c3127f7d1fac569160c6752,/V1/SN/F/FER.mp3
5748b2d3d9c65bec8818015b0597c86e,/V1/SN/F/FFA.mp3
6ca8daeae2236cd8c77634b8f63666f6,/V1/SN/F/FFD.mp3
d925bd5970233156cec7c03a0bfdbc41,/V1/SN/F/FGH.mp3
b7a0abed34c558d673ac3fb431912231,/V1/SN/F/FGT.mp3
8b801ef0ac33a29f79ea0da064e2a522,/V1/SN/F/FGW.mp3
98ef1b6e310812410f8c73bf45fe302c,/V1/SN/F/FIL.mp3
b637414b15f6e47b1b20d95f87e71b46,/V1/SN/F/FIN.mp3
96acac316b84ec0850450d3807323f67,/V1/SN/F/FIT.mp3
017b8839d09e64aa129acc34492b3fd7,/V1/SN/F/FKC.mp3
deaad67ad9d87409a866a79b166986ac,/V1/SN/F/FKG.mp3
4ce4e0be87fcbfa6c1a09f49ca542fa9,/V1/SN/F/FKK.mp3
9f21cb026f4723b00ceb7f32d5cb34aa,/V1/SN/F/FKW.mp3
a8acedccad386667379e6374bab2820b,/V1/SN/F/FLD.mp3
2ff49e41e74dc145b77757490e90debd,/V1/SN/F/FLE.mp3
9d4c71aa92cf21d96d6c2d00df4bbcf0,/V1/SN/F/FLF.mp3
99029a5452557b4237e6a6185d48083a,/V1/SN/F/FLI.mp3
80b7b8ada3a8659987aecdcf78b7ee01,/V1/SN/F/FLM.mp3
339f7ca0ef5ad60ef58b7f7db47490dc,/V1/SN/F/FLN.mp3
80b5769ba7e0bd88c8af42bfe23a567d,/V1/SN/F/FLT.mp3
6f2ecfd7d07cfb44f8f6c7c807c1a186,/V1/SN/F/FLW.mp3
60ebdb733711e57e599ec237a6fc025e,/V1/SN/F/FLX.mp3
8dde951d66ca98cf223fbaf154a2f0ee,/V1/SN/F/FML.mp3
cbece6643ffa62cb65588edbaa0d9f6c,/V1/SN/F/FMR.mp3
e238589c8701ac5c235e492622d390a6,/V1/SN/F/FMT.mp3
b1b333d14678c3e6087b3fce47a3b466,/V1/SN/F/FNB.mp3
420bae536dde5d36fecff548dc605fdc,/V1/SN/F/FNC.mp3
b65b1fb09edaca7892267e0044e86cd0,/V1/SN/F/FNH.mp3
e078ac65d019d35cedf71d52f42346a1,/V1/SN/F/FNN.mp3
46cb83d6403c98b01746d0df24e78dcd,/V1/SN/F/FNR.mp3
0eb3c4446143fc188f54d3f28bcf6c8e,/V1/SN/F/FNT.mp3
4896e3c3d43a14ab3031a8ab7c37e757,/V1/SN/F/FNV.mp3
a710abdfc47bd7f8904e67dcac8b68e5,/V1/SN/F/FNW.mp3
fc2c635d0fae72eb895c36bf3eb73852,/V1/SN/F/FNY.mp3
e70a8be54044f82259e8e8f18beeca34,/V1/SN/F/FOC.mp3
89935ecfd1b2a67a267fa73c248a6223,/V1/SN/F/FOD.mp3
2725cd7f1b60e8335045c1be22e9ba1a,/V1/SN/F/FOG.mp3
ff9d1575b12006620c6e1e37c4c97021,/V1/SN/F/FOH.mp3
f351261c9f622fb7559ad466c6bcea41,/V1/SN/F/FOK.mp3
b54e043c2a33eff484f9dc2700ef64af,/V1/SN/F/FOR.mp3
9446c3ca8c3aa5907750ffbd51d42e9a,/V1/SN/F/FOX.mp3
7f13a1d11d449c3cc7f7ff65cc463280,/V1/SN/F/FPK.mp3
f137d7c8f32b9e5b675d16b2b2093812,/V1/SN/F/FRB.mp3
219090fe61e573bcd920f5ba696bb7d5,/V1/SN/F/FRD.mp3
71fbae7e1e6b9b3c9c8c714b64de99c9,/V1/SN/F/FRE.mp3
51c31a4ca73ea1fce8a0cd92d3a8546a,/V1/SN/F/FRF.mp3
c7bf7b0d4f99d0edcfd7adc5b6ce40c2,/V1/SN/F/FRI.mp3
7791d2b64dbd9f7eb22ba8c84032bc05,/V1/SN/F/FRL.mp3
697b521705b28077d55264823d71cd7e,/V1/SN/F/FRM.mp3
b51574c98415657a137c55b656d55d1a,/V1/SN/F/FRN.mp3
d42e17c9b4ec9e16dcf56fa51cdc1676,/V1/SN/F/FRO.mp3
3b02924e336d583dc0cac9c565429408,/V1/SN/F/FRS.mp3
6d7097ec30cfa0da00f6a1e93ea97f45,/V1/SN/F/FRT.mp3
5c533032819c18c44dd0c9e6f61565e6,/V1/SN/F/FRW.mp3
7fa6ab690bdcb5116b2eab49a470936d,/V1/SN/F/FRY.mp3
5ccfab5cd7f738812c255f2dc49ecad0,/V1/SN/F/FSB.mp3
4bec977fd3c7fd5cc3b7f39d4ff94a84,/V1/SN/F/FSG.mp3
dafdce159784871fa70f37d3e71cb729,/V1/SN/F/FSK.mp3
8b130906013a9e8456da7a8c181aefce,/V1/SN/F/FST.mp3
c9b4ba20076937adacc8fd9a56dc6eb2,/V1/SN/F/FTM.mp3
a3c820ac9343bf65889e849f532b2e5e,/V1/SN/F/FTN.mp3
14a8243d9166503019c664566a39a189,/V1/SN/F/FTW.mp3
10e349d1584437667d8dd4e05fb08313,/V1/SN/F/FWY.mp3
43ca15cd62f42c4be01db06a416f66d6,/V1/SN/F/FXN.mp3
da900ea60b61bd4209c7f4b529b6f114,/V1/SN/F/FYS.mp3
5600cdf365df09f4da331215a1547aad,/V1/SN/F/FZH.mp3
ef4be49a4b017e762cfce6d4a8828e1c,/V1/SN/F/FZP.mp3
3e6230b2162d4a3c571b98ae23a3fb5e,/V1/SN/F/FZW.mp3
6c6bac7c6f6877b669f106ae4ea74358,/V1/SN/G/GAL.mp3
b3afbae835105735e7b667d8d6db7268,/V1/SN/G/GAR.mp3
e6023874b2836e3a8215764598334118,/V1/SN/G/GBD.mp3
ef31aaf0aec0437919af00cc4b0b34d4,/V1/SN/G/GBG.mp3
a542b7a27f8044cf56ae3728a88d6464,/V1/SN/G/GBK.mp3
8779a73d13fad57fc0188f71a5f48460,/V1/SN/G/GBL.mp3
3e9407b940684f8791880853242a99b9,/V1/SN/G/GBS.mp3
30b193b1621cad02d56b7c4480594184,/V1/SN/G/GCH.mp3
17db86acd7452ebf1b723d9f6080cda8,/V1/SN/G/GCR.mp3
ab94294a45294514555d6b289dcb9317,/V1/SN/G/GCT.mp3
8513d0683e625b36f2e1c3ae0c4fc3ed,/V1/SN/G/GCW.mp3
888f7cb23748bbc588e524099577066b,/V1/SN/G/GDH.mp3
edf213c179beafe3dccac190be94a231,/V1/SN/G/GDL.mp3
98c30838dc53af0447256655f71fd8e0,/V1/SN/G/GDN.mp3
7a25f2ca8dc4b4f5a0efa9dc23fc17ba,/V1/SN/G/GDP.mp3
6a2b445681973e3a1b8a2bc670447ca0,/V1/SN/G/GEA.mp3
47fe5e4ed715cfde289c7a605a8e2201,/V1/SN/G/GER.mp3
1390bc91efa2a23d75d100e7dc22d9ad,/V1/SN/G/GFD.mp3
9d3cb9061fb818213bf31938b522eec9,/V1/SN/G/GFF.mp3
d430a20663b2c8af1ac120cf370a7a39,/V1/SN/G/GFN.mp3
8c46fd9a6642fd85d24a64262ca97ad8,/V1/SN/G/GGJ.mp3
067605227837be8fc3046325ec72cfaf,/V1/SN/G/GGV.mp3
0d2aaf3afc564de4973b018626510fd2,/V1/SN/G/GIG.mp3
20205540367a4cff5fa3c62a51f98f25,/V1/SN/G/GIL.mp3
4505f506ac5fbbad25cdceb3a88a5e14,/V1/SN/G/GIP.mp3
963c0ae5decb090fdf67e792cc691df3,/V1/SN/G/GIR.mp3
b21f849da55e0935ed63464045f9841b,/V1/SN/G/GKC.mp3
064019a0e0a6e665462c919e4b88c220,/V1/SN/G/GKW.mp3
63fb610cdc153891dc1d4e1897e42052,/V1/SN/G/GLC.mp3
915d0c1f1a0611e255d4377f7f66c942,/V1/SN/G/GLD.mp3
d2102673c67cb548b884b43797f7139e,/V1/SN/G/GLE.mp3
3449245db4829617ba4071c433bb1905,/V1/SN/G/GLF.mp3
9a9ff7f31829e8e3760fc3bfb6167e7e,/V1/SN/G/GLG.mp3
3d35ae0b0d5e3307a45db4a6e18d4eb4,/V1/SN/G/GLH.mp3
98331af55f2efad1f6b1d83fd0f68329,/V1/SN/G/GLM.mp3
a97d378f142fae19fff477999fd3e984,/V1/SN/G/GLO.mp3
3f2cfa8ce3e524d96f544e78764212ae,/V1/SN/G/GLQ.mp3
f9260f827e4f120b97b4309a6faec31e,/V1/SN/G/GLS.mp3
8bcdb29542b832ec3d19c34ce7348c23,/V1/SN/G/GLT.mp3
71c8f02aaedc6f7b53317cabb20be77f,/V1/SN/G/GLY.mp3
a8891287d0af45dc97ca85a008aad146,/V1/SN/G/GLZ.mp3
8a1cedea9ade64f0a9e9393671ae676a,/V1/SN/G/GMB.mp3
6f516fc02e190028ca5ead9157779678,/V1/SN/G/GMD.mp3
8cc530fef8c7a2b1edc88dacee24425f,/V1/SN/G/GMG.mp3
af31827eab858b3fd871de7eee324810,/V1/SN/G/GMN.mp3
eeedbc3203fb335c2523d72887511f98,/V1/SN/G/GMT.mp3
de643fa37e3016d5f642d1976efd7e92,/V1/SN/G/GMV.mp3
e382715968839fb38ff292f4c3fc0bad,/V1/SN/G/GMY.mp3
9732dd1a5ee852bd8556f3c08aca9f79,/V1/SN/G/GNB.mp3
5eb6a1bd107c69ead1a25d1444fb7d7f,/V1/SN/G/GNF.mp3
76ec4a3fb8d63983a601b735a3198188,/V1/SN/G/GNH.mp3
0e68db6cab8367376c7293d1d207dd51,/V1/SN/G/GNL.mp3
b978fe6271b2ff242f378c3dfa25e534,/V1/SN/G/GNR.mp3
d6d23627812b4c1232fb983b64d3f9b0,/V1/SN/G/GNT.mp3
f4914af6911af04025a182003e0f978a,/V1/SN/G/GNW.mp3
851aaec7741d9b9c9bfb0fe0501e6bf9,/V1/SN/G/GOB.mp3
7bbba8fc30d0325bf92ac04e1de4419e,/V1/SN/G/GOD.mp3
ba1f4010cf586f9dafedd74000093830,/V1/SN/G/GOE.mp3
b8a91d13dd302cf7b9d7b9eed39c2f76,/V1/SN/G/GOF.mp3
f806273d95e92275d452de20eb65db50,/V1/SN/G/GOL.mp3
573e8af0929c3482a3c9dd5dac0f7c77,/V1/SN/G/GOM.mp3
39ef6aba1fda90310e53ab1d1e19ad16,/V1/SN/G/GOO.mp3
aa4e0d1881325a1a874473172d32d64c,/V1/SN/G/GOR.mp3
aa75bb63b466a1632ae0ade8747fa819,/V1/SN/G/GOS.mp3
334d21aeb8c009e4f17605fef67aa2f7,/V1/SN/G/GOX.mp3
959ebec722476ea40e41309cf669ff2d,/V1/SN/G/GPK.mp3
13f29337f856559d74d573bbfdec59fe,/V1/SN/G/GPO.mp3
a88c5b974f936bc7ae95b8b6c4f2616b,/V1/SN/G/GRA.mp3
b72a380c377fc6f810b741e6fdc6150c,/V1/SN/G/GRB.mp3
91dca438b2a3d3c4e48d444a81f7e4eb,/V1/SN/G/GRC.mp3
905807550af6c4342c70a0b05df64870,/V1/SN/G/GRF.mp3
faf2586c9f000336f0799d978e0a1284,/V1/SN/G/GRH.mp3
0d7018df590a241e9f6730eac28b92df,/V1/SN/G/GRK.mp3
dd70b7ae0982ae66252d36ac4a37d060,/V1/SN/G/GRL.mp3
082774d7cf0371fe0c2bb95c99337898,/V1/SN/G/GRN.mp3
97501c1c7ba5936318d7c7f02e0aad23,/V1/SN/G/GRP.mp3
037f8b06473d560e28c8a9d5f456d420,/V1/SN/G/GRS.mp3
81e6ead93a055f488e668a8349019bc3,/V1/SN/G/GRT.mp3
48232dc8a1659a8ff6fb8350a0b41b17,/V1/SN/G/GRV.mp3
fe89b101836b6622900e235a17bcb55c,/V1/SN/G/GRY.mp3
2fa155ec8d12d6f25bada98ff37c364f,/V1/SN/G/GSC.mp3
59d99a3e206cc8e6c0de4faa80e65a74,/V1/SN/G/GSD.mp3
e894c2d0583e9b95ec5abd83b53ffeca,/V1/SN/G/GSL.mp3
4a2f07d72bb0ebd6f5021bf2fd6f6346,/V1/SN/G/GSN.mp3
03435076967e6327aad8664e88b57632,/V1/SN/G/GST.mp3
0dffdf8657db5c31928019cae5d16161,/V1/SN/G/GSW.mp3
a755621df54dcc413fb286aac938d00f,/V1/SN/G/GSY.mp3
9fcf73d8f34a69a03ad5d5bfa4e87023,/V1/SN/G/GTA.mp3
7f89b9064456848c1958827885234e0d,/V1/SN/G/GTH.mp3
81d76c7364a9fc8bc1088a055727988e,/V1/SN/G/GTN.mp3
e4c00dfcc084ed63859b0779d69b5169,/V1/SN/G/GTO.mp3
e7d41f198586c1842142838485bb5b3d,/V1/SN/G/GTR.mp3
e0699f1220ba8cc6b4f7984f474d36b5,/V1/SN/G/GTW.mp3
5430b2ebaef181f4c260ed8ea412966b,/V1/SN/G/GTY.mp3
9e4623bb67fb060733cddd7ed4c86a23,/V1/SN/G/GUI.mp3
0a7101ce62db9c40ccbc4bca56bcfce1,/V1/SN/G/GUN.mp3
58afa7799f1d36a1a28c50a956f2c666,/V1/SN/G/GVE.mp3
f5832c61375c6eb63f78190dfc6a6e59,/V1/SN/G/GVH.mp3
55509eb5fc4519081964641fc9df83e2,/V1/SN/G/GWE.mp3
20a863ad00efac637f1eb065ffafc265,/V1/SN/G/GWN.mp3
bd3367c50f9e3f819a43bd04996945d1,/V1/SN/G/GYM.mp3
d046e6c88e420223bb22abcfd6cb17d2,/V1/SN/G/GYP.mp3
033d8d12a5c08e30b9b2eff793e795b3,/V1/SN/H/HAB.mp3
4517fcf43f54df2fcdf543b61a6d0a7d,/V1/SN/H/HAC.mp3
7274397d7b3c7544cfb29d6885a07e4b,/V1/SN/H/HAD.mp3
4cb59766ede7666ef1b9eb347e9c82e3,/V1/SN/H/HAF.mp3
5ab99f33f07018045ef447f3ec5975c4,/V1/SN/H/HAG.mp3
02da7b2f8429c052e4de3047a60dc2f0,/V1/SN/H/HAI.mp3
c82cdd2bf861615813db89c4c8dc9569,/V1/SN/H/HAL.mp3
92c94a48ef890c29ebe4d3d2e59cc707,/V1/SN/H/HAM.mp3
bac12a965030cce355d33d837e2dc09f,/V1/SN/H/HAN.mp3
5564cabeb7f28fae4848655bea0e0e89,/V1/SN/H/HAP.mp3
0bf33c11932a5d42d573c6869a29b209,/V1/SN/H/HAS.mp3
3d6790d23c62843ddbf767075787413c,/V1/SN/H/HAT.mp3
d43b24b710f35a450b79c93ab63774d5,/V1/SN/H/HAV.mp3
d219185ef8f7f6ac712b68c6092176c0,/V1/SN/H/HAY.mp3
99d303a3c3200765fe4a1facd8fb6531,/V1/SN/H/HAZ.mp3
d7035a6372b6c314d58073415993f0a1,/V1/SN/H/HBB.mp3
032937fe9db892826378be6a823a2366,/V1/SN/H/HBD.mp3
686fe0c1a7e0943683f1a8763b48e580,/V1/SN/H/HBL.mp3
69b6484a8596005907fb881b9e2fdfab,/V1/SN/H/HBN.mp3
f5837f649be27bb340e66341b1abb55f,/V1/SN/H/HBP.mp3
f959ec84e00898561d99b6a3804a8289,/V1/SN/H/HBY.mp3
0d96a1ad7fe5dc64b4d2b5c8942ae124,/V1/SN/H/HCB.mp3
74e5e3febbaf817cbfffb90acf87d7d3,/V1/SN/H/HCH.mp3
eee988a4d199fae3eebe3b5d9ef95f5e,/V1/SN/H/HCN.mp3
3cdcdab42ef60ea7902ddd00215a108e,/V1/SN/H/HCT.mp3
fca19fe77bcceaa47a7cd4a0e64294b9,/V1/SN/H/HDB.mp3
03b6f5bcf5adefbe295e154e647310b4,/V1/SN/H/HDE.mp3
fbb93c739a5622b2f0769f392dd03aab,/V1/SN/H/HDF.mp3
f0d60fb3c97f132dc4de1e0dbec45f30,/V1/SN/H/HDG.mp3
b9574e8b40a82da74ec0a20216428ff8,/V1/SN/H/HDH.mp3
25510a5639ea8849bd6791eed2ea79b5,/V1/SN/H/HDL.mp3
b626afae15cbf169297f6a55b2024901,/V1/SN/H/HDM.mp3
a714edb9ce77aa5c2a5a28b519f67ed5,/V1/SN/H/HDN.mp3
eae50a9d9efc3cd64a5e080b3eb9119f,/V1/SN/H/HDW.mp3
2a0704d798749b937c0742efd0dfcb45,/V1/SN/H/HDY.mp3
59f194e182f167c1eaf8233f09766ac5,/V1/SN/H/HEC.mp3
a6b65a684663cc1e7def49ab74434659,/V1/SN/H/HED.mp3
c2da227cb0b441a7bd4f448341227f12,/V1/SN/H/HEI.mp3
362b9186513d349a841e1bd4de485fa2,/V1/SN/H/HEL.mp3
7a88816bb2fa20649596095b2eae0770,/V1/SN/H/HEN.mp3
eaa006e523e70c400352deb3500cfd0e,/V1/SN/H/HER.mp3
e8e926bcbd356fe58b87db62ddd42428,/V1/SN/H/HES.mp3
0813abdc73fc581fa7c325a27b7d5dcb,/V1/SN/H/HEV.mp3
12a6b21134e42641caa0b8427e2aefda,/V1/SN/H/HEW.mp3
30c048e272397e021c67b70b62c10977,/V1/SN/H/HEX.mp3
52b58424d599286ddb10fb9e088b0a2e,/V1/SN/H/HFD.mp3
008b8d5e2c2572592653be4035a9804f,/V1/SN/H/HFE.mp3
7fab9b4d1a3516a1bcd8bd0307ec4201,/V1/SN/H/HFN.mp3
145306f83a26045dd89279167847f70f,/V1/SN/H/HFS.mp3
be16c714e3dc8621c6a28bdcaf13e932,/V1/SN/H/HFX.mp3
c5ff2765161167ae88aea500981f30fb,/V1/SN/H/HGD.mp3
a6a820d584681b4e743dedf5c6c1144c,/V1/SN/H/HGF.mp3
939457d6a4b4890e86b57d67ca23dbe2,/V1/SN/H/HGG.mp3
5336c910757539753adac77fe31609cd,/V1/SN/H/HGM.mp3
f47b0a069ec36518b71ea2e1560192b3,/V1/SN/H/HGN.mp3
accee785c65a92dee66fe6d428b2b437,/V1/SN/H/HGR.mp3
1e4be03c215e6e97396f0b9ca19e868d,/V1/SN/H/HGS.mp3
db91acb34c96c4117d3b05769e948fc5,/V1/SN/H/HGT.mp3
5bbd3e8eb4c94c194100a57bdd51f808,/V1/SN/H/HGY.mp3
87d273576b779eec004e4e7abe3401b5,/V1/SN/H/HHB.mp3
abf5c053c63cabca8bbce8144082378c,/V1/SN/H/HHD.mp3
74d7a7af99f4cdc06d7930df6e80c4fc,/V1/SN/H/HHE.mp3
a281866ee622ae2e231e77032911597e,/V1/SN/H/HHL.mp3
cc5e9012cd55256405604382efd4444d,/V1/SN/H/HHY.mp3
6c827b8dea54e2449a7646ceaa83565d,/V1/SN/H/HIA.mp3
1414bf3346201985793f30ae0f507c77,/V1/SN/H/HIB.mp3
58d9045c4f2a06109a70d3493d426b56,/V1/SN/H/HID.mp3
e92266268414968ed711f13dac1872c7,/V1/SN/H/HIG.mp3
528ae1ec9c5e3c4ffce6684efe8d7f5a,/V1/SN/H/HIL.mp3
a6fc8165ca694aea9d2cf28e15f6c82e,/V1/SN/H/HIN.mp3
2aca4d1d26febe2b57571aab85a91268,/V1/SN/H/HIP.mp3
56c5ffc9d89861a97ac68ebeefee23c3,/V1/SN/H/HIR.mp3
f8447fb93a8732afc17e6eccf6e21b50,/V1/SN/H/HIT.mp3
06c8ae3d062186256bd5b7ebad127c93,/V1/SN/H/HKC.mp3
46ae0e69916691a50e9a5e32bc4a6102,/V1/SN/H/HKH.mp3
84394962b34d501f7ad5bea278c1bad2,/V1/SN/H/HKM.mp3
eab07da14b4125a667bfc21a0ad9cb31,/V1/SN/H/HKN.mp3
24f8ee57498995a13eb60bedbd1f0b95,/V1/SN/H/HKW.mp3
a4a196cc697a28195b7063f3a4517359,/V1/SN/H/HLB.mp3
3d143df2da4f37bb2af9c9b86029852c,/V1/SN/H/HLC.mp3
04f19a53353a19409deaacaf007b5bc3,/V1/SN/H/HLD.mp3
e2ddd7a8574fd567cc193eb88304b502,/V1/SN/H/HLE.mp3
b32ad14a1da3acec36f1e2921a67ae75,/V1/SN/H/HLF.mp3
af0899a39172228e16fd018da6c01efb,/V1/SN/H/HLG.mp3
859b12e83626cb3a9ba7ae911842309b,/V1/SN/H/HLI.mp3
8e8388190217797a0ba8a778be5a9ce2,/V1/SN/H/HLL.mp3
0e156d6991b48b5fdd25b68d7f2d46c4,/V1/SN/H/HLM.mp3
d560c73284ba97d4677e3815a2ee3ef8,/V1/SN/H/HLN.mp3
d6ce7db28fc6f5db64c2c40f38bf88c6,/V1/SN/H/HLR.mp3
bfcedcfcc7e9e0feafb4d333ec28b9a4,/V1/SN/H/HLS.mp3
95f70a0a790560283f134bde4a81f091,/V1/SN/H/HLU.mp3
465331dbc5935cedf21ab2eaa172ad0e,/V1/SN/H/HLW.mp3
041d2ff75ecaa6608d01e06aa4a1cc7b,/V1/SN/H/HLY.mp3
5622d23407c9e85077ca8964997ac31a,/V1/SN/H/HMC.mp3
b3fc80391bbfa56a51016c2395c938c7,/V1/SN/H/HMD.mp3
b9f1faf74c96163822b96d3d09b02a53,/V1/SN/H/HME.mp3
34ebca2c7104d39c60cfb6df33ea4e51,/V1/SN/H/HML.mp3
47a6e8ecd1cfcf3196bdf0b4abdcba3f,/V1/SN/H/HMM.mp3
2421fa8b049388d0d5cc63532dd92d04,/V1/SN/H/HMN.mp3
aa581472ef02a86bf508dbc6091d3134,/V1/SN/H/HMP.mp3
7976caa85e51b657c2943a4b9368a330,/V1/SN/H/HMS.mp3
3362a9027324c8d86164d98a9cf68660,/V1/SN/H/HMT.mp3
d682e960d11db2581c47e706ce11de62,/V1/SN/H/HMW.mp3
90cafbee384666e3eefd280d70266a33,/V1/SN/H/HMY.mp3
399a0d84e38ae18e3e6498cfdc0a7f30,/V1/SN/H/HNA.mp3
0b5a7e1755d3d14dec8606672da91740,/V1/SN/H/HNB.mp3
52f78ade3b56e7998948ef0e73dc02c1,/V1/SN/H/HNC.mp3
f2b88f842164ea9d3b87bb4da21567a6,/V1/SN/H/HND.mp3
cacd1238806d2fda7f49fea4900d8475,/V1/SN/H/HNF.mp3
f71bfcb1da1be0786f19106c35ead929,/V1/SN/H/HNG.mp3
775a7f1cda9af9af2fd3e1da6194cb22,/V1/SN/H/HNH.mp3
e1291cbce74f98a10105580d23ea2eb4,/V1/SN/H/HNK.mp3
ca5b90a987e8f842255689361586bbed,/V1/SN/H/HNL.mp3
30445025f163032c49f75172d5a04dcb,/V1/SN/H/HNT.mp3
8ca9ada9d340ae13e0b69398174e27db,/V1/SN/H/HNW.mp3
546e02c9249ec78e1a322b0bcb365f3c,/V1/SN/H/HNX.mp3
9700e0e3e2da10578b365740b6ded5e7,/V1/SN/H/HOC.mp3
449c20e1afc9795121eeea8c705dd9c5,/V1/SN/H/HOH.mp3
c63d787b46255989b1b499b391cd3a14,/V1/SN/H/HOK.mp3
bb3f43da323f808dabaebca726b58c47,/V1/SN/H/HOL.mp3
61dd2f8fbf2f8480640572ea0154e57b,/V1/SN/H/HON.mp3
127ee0c11dd4fc084a348fefb3036577,/V1/SN/H/HOO.mp3
86ad350690ca3fc4fa6e7e7b71722261,/V1/SN/H/HOP.mp3
39eb5063b62416b17184f94e2bf5de4a,/V1/SN/H/HOR.mp3
24a1aa39e6451ae2ad97e9cffe6eba81,/V1/SN/H/HOT.mp3
26b56bbe7dc9fb571759f7930ecc41db,/V1/SN/H/HOU.mp3
fffe5d4314bf6165c61e6b9567b7a2d1,/V1/SN/H/HOV.mp3
834934caad86b7cf715b58e776ab205b,/V1/SN/H/HOW.mp3
8cb16a101fdfb68c0eefc88a472273e9,/V1/SN/H/HOX.mp3
58e39e4bbd893bc2aef625905d57ece3,/V1/SN/H/HOY.mp3
2271bfd77b1f6d7973a62539bdc095d9,/V1/SN/H/HOZ.mp3
30bff4e44f6a10447c6a85638340dac3,/V1/SN/H/HPA.mp3
aa8c5f2eb7efc82ca97e108ab22bed6c,/V1/SN/H/HPD.mp3
b86978ff79fc623d8c83ff7af1452656,/V1/SN/H/HPE.mp3
fb70986ea7b052beff9da616b08aa17c,/V1/SN/H/HPL.mp3
ecba81b9e2b3a64a9998bf0df81e3c26,/V1/SN/H/HPN.mp3
7118441f0ebbb15dea956a3466075807,/V1/SN/H/HPQ.mp3
2c9caf620248a19a94e721ad2e0bcc03,/V1/SN/H/HPT.mp3
734d2ba33fd8af44362d872a9e2d2097,/V1/SN/H/HRD.mp3
3217194271a8b205cfd390242bf5504c,/V1/SN/H/HRE.mp3
8d77f310a5d1a1a52d66a533074c83bc,/V1/SN/H/HRH.mp3
1b4e835ab27ec74d026833dbf4875721,/V1/SN/H/HRL.mp3
2ca7f2a29d1a50b624a9b17cca5f2e7d,/V1/SN/H/HRM.mp3
7b4f2de73d85645d51401f136ff1f9f4,/V1/SN/H/HRN.mp3
815872c9d06857ac125c5f895ede4b9d,/V1/SN/H/HRO.mp3
70c178b01c0cec6ab8333f52ad9dd851,/V1/SN/H/HRR.mp3
6f27935deb47e78d2f166a132a94ac9c,/V1/SN/H/HRS.mp3
71c05e6cec5fb14cd8f6654d732ee558,/V1/SN/H/HRW.mp3
b3afdddbc631fdd03cad2103fc042e11,/V1/SN/H/HRY.mp3
d50821b7879711919c4a54982f614068,/V1/SN/H/HSB.mp3
c72ff3ccd66ceaa6f61977ceca66f210,/V1/SN/H/HSC.mp3
26a5f8f5cd87f08fe8c4ef0d988cd616,/V1/SN/H/HSD.mp3
0bea0b367abc87b543ad7f8a2aef5258,/V1/SN/H/HSG.mp3
77c7503df8fb38e9150d145037616338,/V1/SN/H/HSK.mp3
4925984af8640dfe3ee0e6bc53f1f479,/V1/SN/H/HSL.mp3
8679da37e511d2f12a9a97eb2fc4d198,/V1/SN/H/HST.mp3
466230f799a454d7ea7e1cb029b92178,/V1/SN/H/HSW.mp3
796143f868b086155a6b694250b56439,/V1/SN/H/HSY.mp3
bd5ee828350e94e1a50204ec6b83f4f0,/V1/SN/H/HTC.mp3
854dfaa1d834f837e094c1152c189231,/V1/SN/H/HTE.mp3
951585f23ea672ffe9d1f04d70b75fd2,/V1/SN/H/HTF.mp3
ced2fb64d549eebd6a8a3a9f7a5658b0,/V1/SN/H/HTH.mp3
ed96a3ac883f57fb50ca6114645649a3,/V1/SN/H/HTN.mp3
e6cc5b79387cd902368dfc09721e9fec,/V1/SN/H/HTO.mp3
3e44686d8ab6446c12bd406eb23a27f1,/V1/SN/H/HTW.mp3
1810037fa37aa50b73e1ff734a9b1a18,/V1/SN/H/HTY.mp3
f0d501b5e60a19e49fd98c5745edec19,/V1/SN/H/HUB.mp3
36b3123e0c63802fc1c66f77e3cb8b68,/V1/SN/H/HUD.mp3
8dc3a81f6617892d9e387ccdaedc555d,/V1/SN/H/HUL.mp3
3b3a1691f2b8ba941a70bedb40fd14f2,/V1/SN/H/HUN.mp3
e31ad400beb470657fe9d182d892973e,/V1/SN/H/HUP.mp3
75d32ed3c51f7ae491afd6a7d011b181,/V1/SN/H/HUR.mp3
5d0e48c6a4bb360c4b4411987b7dc999,/V1/SN/H/HUT.mp3
25fc8378ee19c38ed79b0204db6a5938,/V1/SN/H/HUY.mp3
305eebc30520fb426159fc7128d90e48,/V1/SN/H/HVF.mp3
2860bb800095fb98375a127ea639353f,/V1/SN/H/HVN.mp3
e05a46ac7d63dad2959cce8d22102668,/V1/SN/H/HWB.mp3
8c5febe39088913141196c80bb12a288,/V1/SN/H/HWC.mp3
f3c75d780a175d3c7e2803de196d89b8,/V1/SN/H/HWD.mp3
c2ecadd84fd96f027333e0643fba2609,/V1/SN/H/HWE.mp3
d10827b202c2d2044e0f274312053aea,/V1/SN/H/HWH.mp3
c5b98557239481266df8dfc34ea93c89,/V1/SN/H/HWI.mp3
da4dd1eeb8514e906267d5c18c3b8f6d,/V1/SN/H/HWM.mp3
f638f968fc42e9a119e4c4079904bad6,/V1/SN/H/HWN.mp3
aabc5634135a580635f82903eb55835a,/V1/SN/H/HWV.mp3
2c7b1041ff25932a2034e0d3ac7c789d,/V1/SN/H/HWW.mp3
fe50846497fb3d01c341d7b55b173974,/V1/SN/H/HWY.mp3
ddd78c2782641af6ea19bb7c99b738a8,/V1/SN/H/HXM.mp3
793936aa597ad0735a2b7120bccf7607,/V1/SN/H/HXX.mp3
cdf4edb3f8ebca2510522172afe617c1,/V1/SN/H/HYB.mp3
f32d687289fbee6b8bb92863ca652799,/V1/SN/H/HYC.mp3
4abaf89b857e7b1e5a8635e658f2f79c,/V1/SN/H/HYD.mp3
201271e0a0464fe77e6ff89d9a6152fa,/V1/SN/H/HYH.mp3
faee090d7ca70e2b96c8bf0af1d7e575,/V1/SN/H/HYK.mp3
4b94966bf5e090efb66b8257e4049443,/V1/SN/H/HYL.mp3
af06070f6121c1baa37e9db2703117fc,/V1/SN/H/HYM.mp3
9b1f347561f34fdc8e5dabc951a8da39,/V1/SN/H/HYN.mp3
e2ff71f67a6c10d52ad44ff1faa5ddaf,/V1/SN/H/HYR.mp3
fbfb0bd49114fccab214516e17bc78d1,/V1/SN/H/HYS.mp3
1bff7fc6731f0ce0cbe059c2f6024c90,/V1/SN/H/HYT.mp3
20676d006dccccbc4050f6c3c35b50ba,/V1/SN/H/HYW.mp3
42a0244a030acfdb1a7b2c61ceec8bd9,/V1/SN/I/IFD.mp3
aa27e38d4fa88c52e70c5adb3c27d057,/V1/SN/I/IFI.mp3
11c7f9e5aa7bfb263fd86e66e31a2aa9,/V1/SN/I/IGD.mp3
7f8748f20a3744e91eb27aa604e624c7,/V1/SN/I/ILK.mp3
7a2f2e2f197e1dbbf4cb9eb5f9e3d12c,/V1/SN/I/ILN.mp3
9470ce82c5290eb79971285a498ebb9f,/V1/SN/I/IMW.mp3
6fcf5fc08307ad095fa91907d9de147d,/V1/SN/I/INC.mp3
44d835a41ad8aee929a872fb82019352,/V1/SN/I/INE.mp3
af6e75867d7626b3373be9902f1f45f1,/V1/SN/I/ING.mp3
e01d4b21de0ff8d181d56f03e3b17f2b,/V1/SN/I/INH.mp3
7049c0a9c6a66f3882ce5e3ac2e7b823,/V1/SN/I/INK.mp3
ce55eaa6bde6c422d6d2944e4625b271,/V1/SN/I/INP.mp3
c635f0d457749d49895aa195d4984aa0,/V1/SN/I/INR.mp3
c5656f52a6363cb2e1c9d276fa558410,/V1/SN/I/INS.mp3
fb78e42516d6bbac6a2110991d7cc1fd,/V1/SN/I/INT.mp3
023114b4cdae35fbff9a3b65f2485863,/V1/SN/I/INV.mp3
f4dad742964c1a95ba2ddc15d4ef4f7d,/V1/SN/I/IPS.mp3
e8ba8dcc496d5a50875bcea161f21031,/V1/SN/I/IRL.mp3
6d14cbc99ba30f3a2c5a4bc777f2b798,/V1/SN/I/IRV.mp3
c5c60435b55d3e9bb6a4f51b97a1aae0,/V1/SN/I/ISL.mp3
7a186f735426c27524221267eed3d064,/V1/SN/I/ISP.mp3
a5d916b5c86c0be569f57a7eec8b1b28,/V1/SN/I/IVA.mp3
c2523edc3395b88d73f1fff0fa326df0,/V1/SN/I/IVR.mp3
dcd015b94a00ae71f054ec3e48d517a1,/V1/SN/I/IVY.mp3
d0ce389e62d0a0d88e984dbcd8ba2307,/V1/SN/J/JCH.mp3
8fa11906b5932de86fd4d272719e5299,/V1/SN/J/JEQ.mp3
50853fa688d005a5ab5ea8f89fcc7e12,/V1/SN/J/JHN.mp3
04c1689d96718fa249cd91ee44f31d42,/V1/SN/J/JOH.mp3
f28a80faf6b6607b628cfcacfe9a90f9,/V1/SN/J/JOR.mp3
1ff6142311a972e635ceabfc691e0cba,/V1/SN/K/KBC.mp3
da593cb32aa560341d66659859c359f9,/V1/SN/K/KBF.mp3
9954cd3a8b98b327b461463accd137b3,/V1/SN/K/KBK.mp3
80f435dd6d378bca5533cdb7f7fd52c7,/V1/SN/K/KBN.mp3
de9ab004ff861b91f25a3c4885628f6f,/V1/SN/K/KBW.mp3
f93fe5307a96bce77adbb9451ef81dac,/V1/SN/K/KBX.mp3
82219ad69b5609123a13c8f673c044bc,/V1/SN/K/KCK.mp3
23656f41d4830dba8821d2f19fc4dbbc,/V1/SN/K/KDB.mp3
cc69b7bac31c0b59a2369876ed74dbb0,/V1/SN/K/KDG.mp3
ce113fcbdfbd7241ba1164f094c76629,/V1/SN/K/KDY.mp3
346a750bb550cdb509fb7da1d0413d80,/V1/SN/K/KEH.mp3
010146dcffc2b083037e18a0cfa0d99e,/V1/SN/K/KEI.mp3
ccc4a8076bd3155fd4334e52d497937f,/V1/SN/K/KEL.mp3
21a1235e2ca5b9e9b716169b351f10af,/V1/SN/K/KEM.mp3
ed293db68d51b40c02f241dae933347c,/V1/SN/K/KEN.mp3
b53388bbd8cebda6a5060b01e160d95d,/V1/SN/K/KET.mp3
b6531e41c970ea5473d524105a4b085d,/V1/SN/K/KEY.mp3
dab2c88e908abf8489c624bec7b05fbf,/V1/SN/K/KGE.mp3
8422202eb04bb5bb3fa19ddf3c6f3f2f,/V1/SN/K/KGH.mp3
216cfbc81250387b6ee7cde10fd4735d,/V1/SN/K/KGL.mp3
5282196878cffeb8b9d2f14ea8aa45b3,/V1/SN/K/KGM.mp3
0724d6bef2a0613ca1412bb10ded0b5f,/V1/SN/K/KGN.mp3
3b195ee6a2160a8f799de0639d4bcbe6,/V1/SN/K/KGP.mp3
97ff782cf26e51887789174d4925312c,/V1/SN/K/KGS.mp3
806f290574464c69e724761c767ab65d,/V1/SN/K/KGT.mp3
c41d4d738a454b813a6217a556061010,/V1/SN/K/KGX.mp3
961c0c6f213127b5e75d66142b2ad9d0,/V1/SN/K/KID.mp3
7c279ae6b9dc280b06438ad66c78f460,/V1/SN/K/KIH.mp3
364316e205124fa1fdf9a4c07354cdc8,/V1/SN/K/KIL.mp3
6343e130b025756bf90a78621680716c,/V1/SN/K/KIN.mp3
54952bab94563ce4cbfa079720218d74,/V1/SN/K/KIR.mp3
2f3f3d036ece118d297abf1f029e3e61,/V1/SN/K/KIT.mp3
2280c9dd04fa1f27e13ddbb14e118e27,/V1/SN/K/KIV.mp3
9a36a8ce6017d71241bebebe9a73f5d6,/V1/SN/K/KKB.mp3
55804385378a21ef4dad011dc01d37d9,/V1/SN/K/KKD.mp3
93ccf544cf70726f209d6960833ea230,/V1/SN/K/KKH.mp3
0adf7e6c88293bc27f806162ecbc445e,/V1/SN/K/KKM.mp3
a65d79b70801c29c60468b77749b267a,/V1/SN/K/KKN.mp3
a1d7cf411d2784af95655ef537bdb3e1,/V1/SN/K/KKS.mp3
496a24304e0eea5be90790d027107b5d,/V1/SN/K/KLD.mp3
6baa6add7c5d2915f4127d7a3207dc6e,/V1/SN/K/KLF.mp3
33bef20193cc5ba0a04de84408066aac,/V1/SN/K/KLM.mp3
14d88d10e86dd5bd15f194470b8abfbe,/V1/SN/K/KLN.mp3
c0d39a484a3502d5e2bfb88b0a5e38c7,/V1/SN/K/KLY.mp3
dfc114369a388d7f27376b71d7dd5919,/V1/SN/K/KMH.mp3
ebb2452c214889a976ec6381036af6fb,/V1/SN/K/KMK.mp3
5c5ecd688c81ceb70bd1a5793aeffe08,/V1/SN/K/KML.mp3
7ef5ad5291090b3f92ab796495de0194,/V1/SN/K/KMP.mp3
8dc8c7b2e50a728a8065a551cb290dc0,/V1/SN/K/KMS.mp3
6269dbc0d7b198534f84d3c79290df8b,/V1/SN/K/KNA.mp3
525504b5e34abb505d0fc75ccb371483,/V1/SN/K/KND.mp3
d2678b3fb35b56c4c1ec53770902a9ce,/V1/SN/K/KNE.mp3
2360625e380183b97b22c3e1c876b1f1,/V1/SN/K/KNF.mp3
0f546daa5a94b0c6059772c16e24f014,/V1/SN/K/KNG.mp3
fa80047342c011eb3ba3dbd2fd82bd50,/V1/SN/K/KNI.mp3
2ae5f63e42c7718f71b5deab34d59db4,/V1/SN/K/KNL.mp3
3307f0c9cb75c968255b28786cd5c45e,/V1/SN/K/KNN.mp3
c6dfcf4b70f81ad2ee74aaf14af14621,/V1/SN/K/KNO.mp3
db1c4c65b985e96b39d243e8c10e4f6f,/V1/SN/K/KNR.mp3
ddbefe81734b88702b18c55e0d5110bc,/V1/SN/K/KNS.mp3
467ef3d6b531fc3f9a46726d7f79554f,/V1/SN/K/KNT.mp3
035784255be09fa4ecf10308b5d6d02a,/V1/SN/K/KNU.mp3
d08cf5a84ffd815499e865f772f0a61d,/V1/SN/K/KNW.mp3
8635bb1f16c5140e63d4af8dce788801,/V1/SN/K/KPA.mp3
d3a48905b23f21036b9388e30bc7ac96,/V1/SN/K/KPT.mp3
fa07c19ed25e99f6c496bc919318d753,/V1/SN/K/KRK.mp3
b84c1ea880db318fdd335ece479f087d,/V1/SN/K/KSL.mp3
c2b715b662d6d5456f1693aa91c26b72,/V1/SN/K/KSN.mp3
abd72ca432c783c5b4a630e275ede0dc,/V1/SN/K/KSW.mp3
dd2db765ad111db25b3afb4580675de4,/V1/SN/K/KTH.mp3
3711fbc54925a390f6e8adeabf51d7c1,/V1/SN/K/KTL.mp3
70d3e6b67cade0c25f44f2b6a1adb8b6,/V1/SN/K/KTN.mp3
ef77e45247e13beae42ef271264b2ec0,/V1/SN/K/KTR.mp3
d72f918c971ac13f265d818d6a02b008,/V1/SN/K/KTW.mp3
33b7d77ded6dca8b45ac521585ce8a01,/V1/SN/K/KVD.mp3
c9391da4a0afa4a0dd2d1c4cf29e6166,/V1/SN/K/KVP.mp3
a86295923fe4bec47394e31b41b91e37,/V1/SN/K/KWB.mp3
2842279fce2de9231ad32ee88dc8fbc8,/V1/SN/K/KWD.mp3
a213d9272b47a2aa36858df85f8abc0c,/V1/SN/K/KWG.mp3
bfad80602f5ff14f190ce0f1622ebad7,/V1/SN/K/KWL.mp3
f282b51800ab7a52c6f9f9b15e639d5a,/V1/SN/K/KWN.mp3
66605c2db1cac95eb85a8f1494fbb2b6,/V1/SN/K/KYL.mp3
1735a26341eca8d62e8a78cc45611503,/V1/SN/K/KYN.mp3
cffb7763302a0a2eada4a4427a2462ef,/V1/SN/L/LAC.mp3
69e4dd9bd66454fcace089a09a701ce0,/V1/SN/L/LAD.mp3
b4119dc1430a0e131bafe1793ca4193f,/V1/SN/L/LAG.mp3
d4c2b41bbf258656bdc47edfadf3a422,/V1/SN/L/LAI.mp3
e890c71687b4022a671695c041b7d8a1,/V1/SN/L/LAK.mp3
48020f0f403c9368207d5190e4f387ea,/V1/SN/L/LAM.mp3
3a228c01626c17b3538b7ab8cf7b656d,/V1/SN/L/LAN.mp3
08f071720f1134924a2321afc4e655c4,/V1/SN/L/LAP.mp3
47f3e48c25243114718b909b608b59c6,/V1/SN/L/LAR.mp3
fbabe78f58c393471f5ae42778a3d567,/V1/SN/L/LAS.mp3
bbfa82d01bb0f2d2a8c5179943fedd56,/V1/SN/L/LAU.mp3
38ee8a619c147a0a3e76c35a44a52ce3,/V1/SN/L/LAW.mp3
20565bbb03278da0b9fab7cf7c4ed24a,/V1/SN/L/LAY.mp3
1b62d2f596cc645f332d5b6012199343,/V1/SN/L/LBG.mp3
07086ca15283f7f187b48ab2126d6d52,/V1/SN/L/LBK.mp3
82e7e5c042d4bee52e08dbe9d628176f,/V1/SN/L/LBO.mp3
082b70649a5664c0857151a59328e4a3,/V1/SN/L/LBR.mp3
a2ec3331eef2ff9f21a553d99927a140,/V1/SN/L/LBT.mp3
101474635b8e767e99871b5cf531bb4d,/V1/SN/L/LBZ.mp3
60be96cbd60c6dd9c236ef056dc31ad0,/V1/SN/L/LCC.mp3
cd45774e1064109f27fb76dc8f5797d1,/V1/SN/L/LCG.mp3
b7905340d9737959a83ff5d0fbf151c3,/V1/SN/L/LCK.mp3
39da71085c239eab30190222d3ead100,/V1/SN/L/LCL.mp3
e1ba3e81d4a1a578fb2e4b35fdc43c89,/V1/SN/L/LCN.mp3
02ecf10257245eb27841690dba53ff74,/V1/SN/L/LCS.mp3
1b8d84f555941a4677183ff3bd505153,/V1/SN/L/LDN.mp3
c1441abd52f33b91775ef83dd10f2b78,/V1/SN/L/LDS.mp3
1320d1766e5b24c678e760170fda4296,/V1/SN/L/LDY.mp3
0e52251393fde17eb7623f0376a6e97a,/V1/SN/L/LEA.mp3
62b62fc06c061fe868ee31be7dc6a7b1,/V1/SN/L/LEB.mp3
f8bce986b88bb5c2266394185dd1c537,/V1/SN/L/LED.mp3
9bdb07acf0baee8d05718702496c89a4,/V1/SN/L/LEE.mp3
055cb6dcc8d1a00ad749ac6a9178fbac,/V1/SN/L/LEG.mp3
599a1f49462dab42ad8ee15eb1c5ef77,/V1/SN/L/LEH.mp3
4ed5bc4a70068599940373bb29a8aab9,/V1/SN/L/LEI.mp3
a18e09dfc6badf81d18e91e8fff25b7f,/V1/SN/L/LEL.mp3
a497bb429f9457adee31076a34259733,/V1/SN/L/LEM.mp3
ca849f82c8404772179c9a9bdd39191d,/V1/SN/L/LEN.mp3
ec0ff54a52a83e45c1a5948f6ff7ab1e,/V1/SN/L/LEO.mp3
baf82712a1d629786b97e09756e4c68f,/V1/SN/L/LER.mp3
d223d06271cdfed1aa391224450c775f,/V1/SN/L/LES.mp3
e09c83c6bc65899df1a0f21fcf93a766,/V1/SN/L/LET.mp3
149cfe3bfac5b4254b0072e5e14653b6,/V1/SN/L/LEU.mp3
96465dd1473c6d058703218ec1fcc23f,/V1/SN/L/LEV.mp3
8819dc7c4143554ffd9526c5adcea676,/V1/SN/L/LEW.mp3
740dfa7e609da99ec1699ccd1fe2a2d5,/V1/SN/L/LEY.mp3
b4283ffa006433d41dfde19e8f5fddc2,/V1/SN/L/LFD.mp3
603bb7b7da69eae2990fb677cee196c6,/V1/SN/L/LGB.mp3
0eec4a39093ff6d65b2b8c59ae427f5e,/V1/SN/L/LGD.mp3
7fd6f27a43ea645b7e0fd6e8aa5f47d6,/V1/SN/L/LGE.mp3
2ce14d6a6ea0957c7c1c298190583579,/V1/SN/L/LGF.mp3
fe9ce3175a2f9aa052e86f9b2a336d10,/V1/SN/L/LGG.mp3
d426bd3fda129908c1d025dc5fde0ae9,/V1/SN/L/LGJ.mp3
a9594e3780d99de9b78341d11d2ddb6a,/V1/SN/L/LGK.mp3
f7868d7c7a7d895d0e8b831530e2155b,/V1/SN/L/LGM.mp3
54fc6f99000cd95eb2af8fc4003ba910,/V1/SN/L/LGN.mp3
906493561bae42953a52bd838918c7b3,/V1/SN/L/LGO.mp3
44477adfb4b1f87b282630471469a89b,/V1/SN/L/LGS.mp3
4c344fac3530b59d9719db1264f782d0,/V1/SN/L/LGW.mp3
f7451a47b4843d394aa3a3fc8ca2e8cd,/V1/SN/L/LHA.mp3
38bafabbdd6dab2b33fa919150376ccd,/V1/SN/L/LHD.mp3
f6ef4e4fde70e319d211a9fbf4b3c158,/V1/SN/L/LHE.mp3
3f68f237c695008b4a717c7287c0d048,/V1/SN/L/LHM.mp3
2df483b3016f02142c12c73e492b08c3,/V1/SN/L/LHO.mp3
ec9b9cf9d8beca79c3428c5f14be014a,/V1/SN/L/LHS.mp3
0e74318bf4d2f2a67d7b2536e26b37f1,/V1/SN/L/LHW.mp3
3e6cb204e50c90d13c59337d5448c1a5,/V1/SN/L/LIC.mp3
464ea75828a994fc869ff43a58f76d0a,/V1/SN/L/LID.mp3
0f3569fce718035e96677f3babec1717,/V1/SN/L/LIH.mp3
7c9c97b7c609db49a8949dcd9904bb63,/V1/SN/L/LIN.mp3
408555b239d42315d86af1323d7fd85c,/V1/SN/L/LIP.mp3
3b0d990098ea492e8b98b08ff0e65b38,/V1/SN/L/LIS.mp3
fa115c07488c9b51f63953bcf5134dad,/V1/SN/L/LIT.mp3
f13e9fad542e608263e68ba30566950c,/V1/SN/L/LIV.mp3
7f4c38bca2cc45a58e33ec318066eac2,/V1/SN/L/LKE.mp3
f81e616f8aa003ca6f688d2d70614c33,/V1/SN/L/LLA.mp3
7f9742c9ba712a38aa66796c916df080,/V1/SN/L/LLC.mp3
8f8c7786df401890171a796d671ebc97,/V1/SN/L/LLD.mp3
c1f3c4a67688adfd1f1009492a4cf972,/V1/SN/L/LLE.mp3
d2a036b03996922b94266295cd0584c1,/V1/SN/L/LLF.mp3
2fbb2a55b6382692cef5c700db5cd5e8,/V1/SN/L/LLG.mp3
d475a9f4fe96d1594c3845137616de60,/V1/SN/L/LLH.mp3
617d9bcfb4fc335322bdccc641439540,/V1/SN/L/LLI.mp3
3636b7a6a4f1a3001ebd82494c551489,/V1/SN/L/LLJ.mp3
268df5a6df571d2acef14e27893da34a,/V1/SN/L/LLL.mp3
ef6820a64bb7542e9d07443cb3b7584d,/V1/SN/L/LLM.mp3
7242d154729a0028f125123421a82f28,/V1/SN/L/LLN.mp3
5a0edca65ecff4619d2ed59dd9ddc78c,/V1/SN/L/LLO.mp3
fccc98b8c307d4140903d7c59c94b234,/V1/SN/L/LLR.mp3
c6dd7d17bd2b36cf42ed8b622794762d,/V1/SN/L/LLS.mp3
0ff5ec89278d86c134a725bd66f5e6bd,/V1/SN/L/LLT.mp3
8c2d007aaaa2133755c3245aca148200,/V1/SN/L/LLV.mp3
6d684a918230d552239f7b680883542f,/V1/SN/L/LLW.mp3
78a9698af9228d59a42e1d0e84789005,/V1/SN/L/LLY.mp3
fc954b6034993f7e551869842b05f0fe,/V1/SN/L/LMR.mp3
8c259e587a1be20ba9d540af76e1cbf5,/V1/SN/L/LMS.mp3
5ca403ae0ee35780d18df16243fe5f77,/V1/SN/L/LNB.mp3
ad727d878d5d86ca7b1b9755aa5c43e7,/V1/SN/L/LND.mp3
656147a1217a00b475cbe09305150bc8,/V1/SN/L/LNG.mp3
975535003b0c62897d7ab4cb4878a67e,/V1/SN/L/LNK.mp3
5fb5714b740a2954b6a4d98c64a6df71,/V1/SN/L/LNR.mp3
0b86f45e311c6f04e14c86f7f7e879e7,/V1/SN/L/LNW.mp3
fe69dc08845753fd075d9e054b14bc34,/V1/SN/L/LNY.mp3
751fd63f485426276fc78666c73ea292,/V1/SN/L/LNZ.mp3
983488ca9af978d2639a2838130b116e,/V1/SN/L/LOB.mp3
7f4234eaf34e978e930391acf5404361,/V1/SN/L/LOC.mp3
76f7606ca4c12a27685bd839ca21540d,/V1/SN/L/LOF.mp3
44d5d7a91bbd598bcaf5ac4fcfb47d36,/V1/SN/L/LOH.mp3
6edb670d30c7b7bfcebf099788cd78de,/V1/SN/L/LOO.mp3
9011826aea2ee9c41d8147283e1f3084,/V1/SN/L/LOS.mp3
5fea5b03471e3660fe6a2a008fd1040a,/V1/SN/L/LOT.mp3
9d8435149852b43e408738da39d88542,/V1/SN/L/LOW.mp3
5be2727a94c54be3f237213a992ebab8,/V1/SN/L/LPG.mp3
d9a2f13d9d48c5e486e2ea51518ea6aa,/V1/SN/L/LPR.mp3
990a9ed3baf3b62fd06068ae9c62d51d,/V1/SN/L/LPT.mp3
54ea6b182418d6bb6a17c0306e186088,/V1/SN/L/LPW.mp3
03c882d77cff16b62da4d8699722108f,/V1/SN/L/LPY.mp3
d38ec6ace8f8a118cf6bd70304b38975,/V1/SN/L/LRB.mp3
1b0c76f69c7ebd33d1dd6c8313b859e0,/V1/SN/L/LRD.mp3
1471dbfbc9bb2a0297c21b23c28a8c1a,/V1/SN/L/LRG.mp3
466e3cb99e931cb64306640ed8f1ee5a,/V1/SN/L/LRH.mp3
d4996602bd1901c06bf62415e548e2c7,/V1/SN/L/LSK.mp3
895a951e97cdea52e6acee885639044e,/V1/SN/L/LSN.mp3
aab9025cd8a050a17633411ca2ff6a9a,/V1/SN/L/LST.mp3
7afac5eae1c4c55b9526104ad3686a8f,/V1/SN/L/LSW.mp3
b99003fc6a4d87ec71a910d45f31d801,/V1/SN/L/LSY.mp3
5d67f3ab3a55a8ac79e4ac7667ce8739,/V1/SN/L/LTG.mp3
375d3af32208c5f6db20b4a341f7f6a4,/V1/SN/L/LTH.mp3
0bd4446daa30a77a8b5251162af57afd,/V1/SN/L/LTK.mp3
dbfdb164d18596fe778a6373912d5d56,/V1/SN/L/LTL.mp3
80e85ba17a7ec61530662e1f1ec9dfc4,/V1/SN/L/LTM.mp3
5160e71a0c5d9c00021c9d0d014ba00a,/V1/SN/L/LTN.mp3
d88a63e9de9fcf8d40a5806e3a642aef,/V1/SN/L/LTP.mp3
17d74de5a00821563a99970dd6ff234e,/V1/SN/L/LTS.mp3
e6aea004f67fc0c094b06bd8b79f0db6,/V1/SN/L/LTT.mp3
c7256169d950a15273cdd9ccdb0c31a4,/V1/SN/L/LTV.mp3
1fcb3450227e418e4f1c883fbd96cd50,/V1/SN/L/LUA.mp3
68ae5adf62bfb645fe9813e353ee7a0a,/V1/SN/L/LUD.mp3
0cc2436b966e994842ca0888bdadf199,/V1/SN/L/LUT.mp3
4ead0ed2fbf57f501013b8a8c860b351,/V1/SN/L/LUX.mp3
dce31fe1c3855319ca59d5f9b8791f93,/V1/SN/L/LVC.mp3
643e1bdeb1a1d7d89af981db5bad2beb,/V1/SN/L/LVG.mp3
101f5b6bd3d991a83660c703de3f3875,/V1/SN/L/LVJ.mp3
3d39d84a2a032a435c1381d49dfdac9c,/V1/SN/L/LVM.mp3
c2e7dd4ad9e5a5ef0f32cd6384b54278,/V1/SN/L/LVN.mp3
fadb35fc6f99c1874d5fa3d94d9bde90,/V1/SN/L/LVT.mp3
798808dfcd471e429285b11b9ae662f9,/V1/SN/L/LWH.mp3
17246de9783cf0d8b984dd753b9b3773,/V1/SN/L/LWM.mp3
743f1c18df065aa5e51e6a20030ced43,/V1/SN/L/LWR.mp3
311973beef1b1ae55f099715a8c67ab7,/V1/SN/L/LWS.mp3
2a5e182cbbe05ea07900345546d484af,/V1/SN/L/LWT.mp3
8c044287881e9a69e3d5e36dfb3deac6,/V1/SN/L/LYC.mp3
4984190f4123236b02289a5bd8b12dfe,/V1/SN/L/LYD.mp3
69c0724da778f5e6b17d374579ba122b,/V1/SN/L/LYE.mp3
f599005914ccd1a4d1d9d870f895815a,/V1/SN/L/LYM.mp3
85111b5c935ceaff94f460f87884a832,/V1/SN/L/LYP.mp3
27ac45d7eadc013e15dd343b12df674a,/V1/SN/L/LYT.mp3
e45a88227d5a718e3fbab71e98860a25,/V1/SN/L/LZB.mp3
538e89a592e09d4e5f8345e17a1a6e2e,/V1/SN/M/MAC.mp3
5effff469373bb1d350303841f194162,/V1/SN/M/MAG.mp3
649daa3fab4768dd2ee7710af2349d77,/V1/SN/M/MAI.mp3
1a20d43e37c4f2a45f2095a85eeaa3b6,/V1/SN/M/MAL.mp3
09a9d3bf83eecdd695439c01aa845b87,/V1/SN/M/MAN.mp3
92a95584889d934157cd4b413d202244,/V1/SN/M/MAO.mp3
777cfbc2e1fbc18698e5f39bf18fce91,/V1/SN/M/MAR.mp3
68d0a1f3acc6738fb7bab17a9f0ff311,/V1/SN/M/MAS.mp3
a143e4ca6237196fb451e5686702ac2c,/V1/SN/M/MAT.mp3
7eb639dd2fb5be64346a13d5bb89c965,/V1/SN/M/MAU.mp3
1540d59232ad3b96bf5d1352767fbe7b,/V1/SN/M/MAX.mp3
1ab2df6d0dc927a2025370328007b0fc,/V1/SN/M/MAY.mp3
6eae055a521751e13c0daec776c5bb89,/V1/SN/M/MBK.mp3
c7d7deddaa60957bbd5853e62fc13ac5,/V1/SN/M/MBR.mp3
7ffb068db3328a04b29aad20c4c0955b,/V1/SN/M/MBT.mp3
01ee58691f46a6995757dfdce1e6d9d0,/V1/SN/M/MCB.mp3
7028997b87703cde4b39a96f99d9d508,/V1/SN/M/MCE.mp3
319a147502859707575e0f95c2ead1b6,/V1/SN/M/MCH.mp3
6ac3eeb5aef8b64c548ed416a9fbdad2,/V1/SN/M/MCM.mp3
6a74f50a69af7a893463874b09593f89,/V1/SN/M/MCN.mp3
3d9db753cb6e22b9e98952d94762bf61,/V1/SN/M/MCO.mp3
9874efb90b1e50922bed0f413794a0d0,/V1/SN/M/MCV.mp3
8bae1c327ee6be285e479ccb4c464283,/V1/SN/M/MDB.mp3
6f1e1ed1428b7440880f553dcb256b6a,/V1/SN/M/MDE.mp3
18762272b0303ace6b82f728a4946521,/V1/SN/M/MDG.mp3
a67afc1b09919951166f41e9d1c4fea1,/V1/SN/M/MDL.mp3
bdf08e0cf62db022c274a1810c53359a,/V1/SN/M/MDN.mp3
7bb4fb1e846467ddd52a53da4dd9c0cd,/V1/SN/M/MDS.mp3
d5dd80071bd81ba46bc51a43862e67e5,/V1/SN/M/MDW.mp3
39e3a44c31008ba1af12c05388b2d940,/V1/SN/M/MEC.mp3
c8513b3a84103f635a8f4ded6c23ab4f,/V1/SN/M/MEL.mp3
6f2f8e01047f16007d6b13dfb3c7ac06,/V1/SN/M/MEN.mp3
a326d0dfa7adbe82f87023c1225a6a53,/V1/SN/M/MEO.mp3
be8e81c6aec27fb951010ed9d92d0b0e,/V1/SN/M/MEP.mp3
5ff6270e1887cd678efe799365fe75fd,/V1/SN/M/MER.mp3
20c11533b6e582c4cbdf0843ab74da6c,/V1/SN/M/MES.mp3
c229af7560d881ee8eaaf652ada1dfaf,/V1/SN/M/MEV.mp3
3ca21cd796a4321b89589e7c90e45ee1,/V1/SN/M/MEW.mp3
07623670c1b45bf94152b491277d50a6,/V1/SN/M/MEX.mp3
8c3b86059c60d5e16addbbebddc6b279,/V1/SN/M/MEY.mp3
d905c29dc5da444a5215f912bbcb12c9,/V1/SN/M/MFA.mp3
6ff83ae47da5e5eb3c35d24125feff3a,/V1/SN/M/MFF.mp3
a3140e45433a1b9628f28f90ede9ef3a,/V1/SN/M/MFH.mp3
53cc9698fa337cf78fda7914c5b08905,/V1/SN/M/MFL.mp3
70c88e33200fc2f5197081d7593c49fa,/V1/SN/M/MFT.mp3
3c851d47f4eacc4d23d8a441b2ffa8c7,/V1/SN/M/MGM.mp3
45acae220a8c1225fe61ad6ecaa975ad,/V1/SN/M/MGN.mp3
ff2c3e41a5f66bc0bc54ad73f5bfeafd,/V1/SN/M/MHM.mp3
66010ff98eb25b4ec4cb8d1f8351e679,/V1/SN/M/MHR.mp3
d83ffb7e4ca17d5a5a93d914d975b62c,/V1/SN/M/MHS.mp3
2f1bdf5eb128b178fe93d2ce1521687a,/V1/SN/M/MIA.mp3
06d30a5984440d484a42476d3bcd8e7e,/V1/SN/M/MIC.mp3
26c250f987b57b40bf01c5a1d04988cd,/V1/SN/M/MIH.mp3
4b1fe7455d1e05a1e0d3661333ad1f16,/V1/SN/M/MIJ.mp3
396565c0b7e8e51853ab599a01d0042d,/V1/SN/M/MIK.mp3
e992df1e9bcb7a6d2aceec89760832b0,/V1/SN/M/MIL.mp3
6dc3b3dc5c2649422bb53fd0552ef315,/V1/SN/M/MIM.mp3
8fb433fce597031fd0e2ce00c53a18a9,/V1/SN/M/MIN.mp3
65b38bcd0b305d33ce59251fa1637a18,/V1/SN/M/MIR.mp3
2bc39187bddc2e03d92c55eb6206073c,/V1/SN/M/MIS.mp3
2cfc433b401a032651484903b13c57f3,/V1/SN/M/MKC.mp3
b0a0b3dc9679a56bef573bcb4bbe5e23,/V1/SN/M/MKM.mp3
733e1628e928a4f93d11077d5ba0652f,/V1/SN/M/MKR.mp3
5bc00a351a0e48ca393dc2876f1498c6,/V1/SN/M/MKT.mp3
afeb63e275e760cefcadc8b3c47fa4f3,/V1/SN/M/MLB.mp3
38f47b9fb293eab0312f16afaa2ba12c,/V1/SN/M/MLD.mp3
cee9be62da71c125d81146c9e1302fc2,/V1/SN/M/MLF.mp3
2088251916170dda662d4d1ceb4d356b,/V1/SN/M/MLG.mp3
bf2271371f82703f203f81f93177c413,/V1/SN/M/MLH.mp3
bdf461ba2d5333126a410abd020dfa4e,/V1/SN/M/MLM.mp3
3d43226b1c0f02c82da9def3853fff59,/V1/SN/M/MLN.mp3
0c4d7c97d7887d58425918bd05d06ad1,/V1/SN/M/MLT.mp3
60a5595b5f90944b6ef574c358b68314,/V1/SN/M/MLW.mp3
41487df7e3eaaec853b40270d4aae64d,/V1/SN/M/MLY.mp3
ca48482d272e267403ca32242bbaf631,/V1/SN/M/MMO.mp3
9922338ca02ac00bf858b739c1d3d6dd,/V1/SN/M/MNC.mp3
f563945b8029ba34bdc64a0004ada001,/V1/SN/M/MNE.mp3
934b9a19e8e57f12c28f8068212d9c57,/V1/SN/M/MNG.mp3
3214f79839db3a958c99bad6f3f19d0a,/V1/SN/M/MNN.mp3
8ceee827fac657ba66d6938316678f49,/V1/SN/M/MNP.mp3
c02c73fe715c2908cb4ff39ff9217dc8,/V1/SN/M/MNR.mp3
40b78582cf0395bc3e08475680911ae0,/V1/SN/M/MNS.mp3
52b66c4523d26d8fed351be86cbba248,/V1/SN/M/MOB.mp3
22aff6f8f6ffd6dadffcc1d8431c21e2,/V1/SN/M/MOG.mp3
6f023d55bfbbec6b6f7cfed307fbbfe4,/V1/SN/M/MON.mp3
18cb531a945e093d31bbd58ab488da49,/V1/SN/M/MOO.mp3
32d8ae796064272dfa4f7bf93f1626b8,/V1/SN/M/MOR.mp3
baed6a152472fc584caebeeca88b778d,/V1/SN/M/MOS.mp3
75fb8cc9209d0e7d0de439cef07d1dc3,/V1/SN/M/MOT.mp3
166ee1c4c399545aa4005178ac714228,/V1/SN/M/MOV.mp3
9e7408f50d5e537789568a5a99c974c6,/V1/SN/M/MPK.mp3
bfbb821a7af11b0c1ec4f3b5d8a21e3f,/V1/SN/M/MPL.mp3
f55d1cce9f22fb5d0273f63fce1161bb,/V1/SN/M/MPT.mp3
55d116c4419301bfb8701a8008e1fa9c,/V1/SN/M/MRB.mp3
4cf377215fd7b21cda6036c1ca9d108d,/V1/SN/M/MRD.mp3
9ff344919bf75b6bb254fa7e294f2234,/V1/SN/M/MRF.mp3
1a01d71224f044aba3589adabbaa8d7b,/V1/SN/M/MRN.mp3
f6fab88f4a535300e61e3ec27889d7b5,/V1/SN/M/MRP.mp3
bfcabe9e848f956138970c907c4c3334,/V1/SN/M/MRR.mp3
801b212dd6b380b38a860e2bb36c5194,/V1/SN/M/MRS.mp3
29e42a95dc96e60e2d399526b42fe0e2,/V1/SN/M/MRT.mp3
e8f0f0a1e613654f0e6a7e1276af929a,/V1/SN/M/MRW.mp3
47828692df5a36ed419695b3109e9f59,/V1/SN/M/MRY.mp3
6e585b1cd41eaaa37f0d825972df00f5,/V1/SN/M/MSD.mp3
2cfd5a174e726645c44abaa2486efd6c,/V1/SN/M/MSH.mp3
6e8623b21e8311c043c92c1bfbc041ba,/V1/SN/M/MSK.mp3
76535dd3c140ca19995fe725bc4c928e,/V1/SN/M/MSL.mp3
6851ce6ed5b1f6714f419c77dd2543ce,/V1/SN/M/MSN.mp3
b50bf0cdfbb19c3a65720663b8654e1a,/V1/SN/M/MSO.mp3
64baf70c59d2e5dc9db32b06a888027e,/V1/SN/M/MSR.mp3
1cd5843a6f541bd5ce8f055652a6187e,/V1/SN/M/MSS.mp3
da1dc8982982efe44dc102d76077d9eb,/V1/SN/M/MST.mp3
f99b364b9174f428f5fd5a5b294d93c7,/V1/SN/M/MSW.mp3
28331b46b075df7cf08c209cada5ee53,/V1/SN/M/MTA.mp3
6f1ea814798405da4f38bf86f195f9c0,/V1/SN/M/MTB.mp3
f0054dc668d917cfacbed1feafae5ced,/V1/SN/M/MTC.mp3
0d7b6c7aa3806feb55589c2f734db3bf,/V1/SN/M/MTG.mp3
d01ea9f8ef3565c5cbad8de83aa65384,/V1/SN/M/MTH.mp3
7c854bc2e91ab9f3e3237f6789ef2cb8,/V1/SN/M/MTL.mp3
955c69c660e58719a7aac3c7c0c82564,/V1/SN/M/MTM.mp3
6564edddcc01d7d38a623e9fea95a6d4,/V1/SN/M/MTN.mp3
ee4b6356466954a095f3f39d74ff4595,/V1/SN/M/MTO.mp3
9464321a54686ce3cb3094c9a86925fa,/V1/SN/M/MTP.mp3
185e5c23fa5a33b9ef51e910b7bce957,/V1/SN/M/MTS.mp3
ff4c5db632e6b6418e667ac3bb9a3279,/V1/SN/M/MTV.mp3
0e239e7d190ec1061011fe32ed74ca60,/V1/SN/M/MUB.mp3
0982b9ec1d56f837839ce35662e3044c,/V1/SN/M/MUF.mp3
843d3d3656613b257338d2c2b4d3ecfe,/V1/SN/M/MUI.mp3
e9c3286bd8c27c6002c45cd58de7ea59,/V1/SN/M/MVL.mp3
860bf9113ccf99a8b083dd770d576abf,/V1/SN/M/MYB.mp3
f8ebdfc169afbaada9d4e60b4d6f4402,/V1/SN/M/MYH.mp3
e273d01e0c5a04fa99e61f01bbc10760,/V1/SN/M/MYL.mp3
a16aee2ca06c1e1d4da707660717b9c3,/V1/SN/M/MYT.mp3
8874c2961b2cc04601a6f4700f481c1d,/V1/SN/M/MZH.mp3
3628132f75ad6556ac97a28fd97ba857,/V1/SN/N/NAN.mp3
3f6a5f0ecb23cb50581c6cd93e678fe1,/V1/SN/N/NAR.mp3
dbf4d490ce46d86f11098b9f550072e3,/V1/SN/N/NAY.mp3
b1261bdb02eed2319874a6b38dd85502,/V1/SN/N/NBA.mp3
070c46c97d9b1bb5c339f85a5f119d34,/V1/SN/N/NBC.mp3
46393279deca8c29fa3d8e985bf97b81,/V1/SN/N/NBE.mp3
69ed54db34f08b46e2e083e6f593f32a,/V1/SN/N/NBN.mp3
da9fabdb8e76a843191606d732473a7f,/V1/SN/N/NBR.mp3
5661aa9256e41187bc395c33b0a429a6,/V1/SN/N/NBT.mp3
b4946e06cf8cd7defeaaf42b4ab488f4,/V1/SN/N/NBW.mp3
01f17a40c67671f3a7bbb2f0e9008132,/V1/SN/N/NBY.mp3
d1cc18ad9fb10ee3b0bdff0f993ffa9a,/V1/SN/N/NCE.mp3
0b5caa213efbd6203bfe90acaca85508,/V1/SN/N/NCK.mp3
3c12b61cdf1861d3685f12b6595e789a,/V1/SN/N/NCL.mp3
54ddd49666f3f81502ba3328c495239b,/V1/SN/N/NCM.mp3
495351b5a8c4b76f1cfc85ff2223e5d6,/V1/SN/N/NCO.mp3
bd55911cf21b81edcc38f08331ae163d,/V1/SN/N/NCT.mp3
22f2785538a7c1197a988527dd8bafe8,/V1/SN/N/NDL.mp3
e51352b1f0c175ac44cb9f019b11d05d,/V1/SN/N/NEG.mp3
e4ac2d3dd413933952f718cddd8d8d8c,/V1/SN/N/NEH.mp3
09a848585a7b17a2d56fedfcbc7f430e,/V1/SN/N/NEI.mp3
bc69d362b34fde3c4aea6aa68d0488f6,/V1/SN/N/NEL.mp3
c8d69280c4546c59f2e38b89d79d2a14,/V1/SN/N/NEM.mp3
a04a4447a817a35d488ffdc55e2ad4bd,/V1/SN/N/NES.mp3
903928ae166447c5ec49d7efff164948,/V1/SN/N/NET.mp3
ca5f5cb40805e0f46a361603ff8324b9,/V1/SN/N/NEW.mp3
816be0385ae1a37990da01235e072cbc,/V1/SN/N/NFA.mp3
d78283ef31ac96edfdad649863caec9a,/V1/SN/N/NFD.mp3
6de23c384a6667b23c0948f29e52f8b7,/V1/SN/N/NFL.mp3
91acbc71d8b8591d669e38f6bd79adf9,/V1/SN/N/NFN.mp3
d658cd58529a2f9d3165337c3717ede4,/V1/SN/N/NGT.mp3
b680019a2eb5621f692815b39d379710,/V1/SN/N/NHD.mp3
0d80b52cd31033a1920f38fca2aa9ef2,/V1/SN/N/NHE.mp3
3f0ccd0ec0bbd7e56a3da81871e3994e,/V1/SN/N/NHL.mp3
63c114dda45540e6e69166001460158b,/V1/SN/N/NIT.mp3
5d2d1bd7ae5ef1f680cac28281a5e783,/V1/SN/N/NLN.mp3
035d31f419a79c774fd675036cc115a1,/V1/SN/N/NLR.mp3
eafcd46a77010505759ef4cb51a42eb7,/V1/SN/N/NLS.mp3
f5fd335dcf0a0904203c2f472e1cb9f6,/V1/SN/N/NLT.mp3
c774cb9f0fc13cc360b7be805ef74b3c,/V1/SN/N/NLW.mp3
40e98a86b36bcc2e136c6457c6701fa7,/V1/SN/N/NMC.mp3
9a9bacf5ee5c938a6781c74f2ea0615d,/V1/SN/N/NMK.mp3
9a581eac3657661b8fec3df85bf7ff79,/V1/SN/N/NMN.mp3
dd1cc418463e81684806c848b74d08ad,/V1/SN/N/NMP.mp3
fee843b5b77d5f9e78a7cf26a181039b,/V1/SN/N/NMT.mp3
8c4ed19bbd46df91da414a6b1c59ecb9,/V1/SN/N/NNG.mp3
fae941208c76f5df75a2a47b0e7d8873,/V1/SN/N/NNP.mp3
3e18d3dad32c58a3700754630c608b20,/V1/SN/N/NNT.mp3
035445c2d846999576d62274090cc034,/V1/SN/N/NOA.mp3
4837157c9535650428324caac7f05494,/V1/SN/N/NOP.mp3
78c69bed39b1553e5eaef38a11038d38,/V1/SN/N/NOR.mp3
fab50d267c5e2c40a90382486a66a5d2,/V1/SN/N/NOT.mp3
12cdd1b1af4b9ccd01d0d6b26766fec9,/V1/SN/N/NPD.mp3
95779f0aa12d7f10f1f4310b9d45b534,/V1/SN/N/NQU.mp3
005de2e0b8326fe8b778b7cdd8d3ee38,/V1/SN/N/NQY.mp3
ab0d5f37493abcd59a209eef887bbda8,/V1/SN/N/NRB.mp3
d6a06062169132568fe9c530f646aed2,/V1/SN/N/NRC.mp3
0c646ee21e40f6373d0c737c8ab22304,/V1/SN/N/NRD.mp3
402ea076d5678d520f6c6839d14e8cdb,/V1/SN/N/NRN.mp3
ae7a11ddd4766212644b5cda6065bbfe,/V1/SN/N/NRT.mp3
bb13ff9d74194558bab704373f72db7c,/V1/SN/N/NRW.mp3
d700c937343c26b9d74ab962915ec35e,/V1/SN/N/NSB.mp3
051cc89b35bc9f6da08d655436e8bf1a,/V1/SN/N/NSD.mp3
2bcec615e69210ef873f19bd7d896271,/V1/SN/N/NSG.mp3
ea8986e159f279b8b239bc79dc2d594b,/V1/SN/N/NSH.mp3
03ae15b194487c9a73929a4fea5a03b1,/V1/SN/N/NTA.mp3
30e5def1e99ec554704c4cfa481cc996,/V1/SN/N/NTB.mp3
e694c2bbf2f2cf7376eeb39fd2de4661,/V1/SN/N/NTC.mp3
24dcd576b2a9b66d0140f543c04f42ce,/V1/SN/N/NTH.mp3
3f56a40479b0e910c58d3d9ed81bfd0e,/V1/SN/N/NTL.mp3
182bbd8337e9ad61f3f89ff9a464d7c3,/V1/SN/N/NTN.mp3
76eb4f432a512168f3b27ebb66d321d6,/V1/SN/N/NTR.mp3
fc929e0d5776956d57bed4c23bbf6468,/V1/SN/N/NUF.mp3
971b065fbc45a2d91343f8cbaa313ced,/V1/SN/N/NUM.mp3
851058d33685f307ebf56e8fe7e2f9ab,/V1/SN/N/NUN.mp3
05b032347ac5bc62c3b86ae0d2483a6c,/V1/SN/N/NUT.mp3
0418abda85b273513b34e2bedba90684,/V1/SN/N/NVH.mp3
b310e137ef8620c09899ad20defd6522,/V1/SN/N/NVN.mp3
3a6379fe73ca8d7a0f8b20c3c3875b10,/V1/SN/N/NVR.mp3
bd910910914912f46fbc4b9b8a7a135b,/V1/SN/N/NWA.mp3
44cdbc9450ba0ef8ea3eb838be2d8876,/V1/SN/N/NWB.mp3
0055b88f090eec64514a784cb7627c64,/V1/SN/N/NWD.mp3
c3ff3dac20aa23ddc7d3d16ed86a59d0,/V1/SN/N/NWE.mp3
2a88368d54467674de01459723636687,/V1/SN/N/NWH.mp3
0b2fd8573974d9bbe423bde9eefb116c,/V1/SN/N/NWI.mp3
d705a49ad09a683d0cd517716a870249,/V1/SN/N/NWM.mp3
ed7acfad04bbb7179f0aa6208b1a10b8,/V1/SN/N/NWN.mp3
3f0adcef54f3cd6fca37b6e3579e9085,/V1/SN/N/NWP.mp3
69b628c715d8174cc57241b74ffae6ec,/V1/SN/N/NWR.mp3
a79fd829da9abc7407b6149b3bfc7ff0,/V1/SN/N/NWT.mp3
8a2ecca01697c3887aa37811945cc33b,/V1/SN/N/NWX.mp3
4c76b38bfe874e7d43d7d31d5b56b880,/V1/SN/N/NXG.mp3
eb713b2f315ebdb2e50ff7e7b359ee6f,/V1/SN/O/OBN.mp3
9e4efdbbb424c680f4cfb6104aef5920,/V1/SN/O/OCK.mp3
8e8a73fd5957d0db164696a8030a3231,/V1/SN/O/OHL.mp3
2c76a3d78f012dbe7c0c8a1640253ed3,/V1/SN/O/OKE.mp3
c4f804b410e3b032f91a8e37bd2ac9a3,/V1/SN/O/OKL.mp3
9c50c4e34fc23ed2b8383cbeba9fc50f,/V1/SN/O/OKM.mp3
9804e18dfba436bee260a5cc53b7316f,/V1/SN/O/OKN.mp3
d306014df7b8d917131d689b9220fba7,/V1/SN/O/OLD.mp3
10b264bd9b51fb06626ac03e24f7f0cf,/V1/SN/O/OLF.mp3
ee82a4724065e3cef4b484f75d554fd8,/V1/SN/O/OLT.mp3
974cd48121c5f69360c6c5d2f6d8e40b,/V1/SN/O/OLY.mp3
52a9b9b8d86cb67571a55b6ae74b6d2f,/V1/SN/O/OMS.mp3
b4d83c8d6b20f85906f3608f89302ec4,/V1/SN/O/OPK.mp3
16391be36f8d0c9b52b137346b8e948b,/V1/SN/O/ORE.mp3
b64c3ed533e83ed728d450d2461b0cac,/V1/SN/O/ORN.mp3
3dd36b72a7cfef483ee392df7b01ddfd,/V1/SN/O/ORP.mp3
e2656f895ae1f875a3062ca3ff404b07,/V1/SN/O/ORR.mp3
dd85d00a8513a3dc22fd3aff4cf9e234,/V1/SN/O/OTF.mp3
67ca659cb09ad95d7b3af055d96c2e2a,/V1/SN/O/OUN.mp3
94c8582b480a86a363dedab97889ba0e,/V1/SN/O/OUS.mp3
c43470e8ad50281bb49dec2810ecb1e4,/V1/SN/O/OUT.mp3
2daea886324e094ebd336a1dfcb08475,/V1/SN/O/OVE.mp3
01bb16b8551a5c082978c903eeceb2f3,/V1/SN/O/OVR.mp3
d8ac13f9d4c344d67d3995875d78a455,/V1/SN/O/OXF.mp3
fe0b80588efc3b57047f2d338c0b7654,/V1/SN/O/OXN.mp3
bcb9a269e41af69d75296b9ea89f6081,/V1/SN/O/OXP.mp3
9555b2d9b76a6f30ed294011e0b7fcc2,/V1/SN/O/OXS.mp3
7347e9695a9d47ac27d9d843008d4fb9,/V1/SN/O/OXT.mp3
3215df5a64cf9e474b38bf80c3d7f163,/V1/SN/P/PAD.mp3
0dfeec878e693f857cc61ea20dfe288c,/V1/SN/P/PAL.mp3
f8c4937c4bbef622362918733c2cf018,/V1/SN/P/PAN.mp3
649ab9296d02f12bbbd2238e1be88ea0,/V1/SN/P/PAR.mp3
ca4f9fc86179c75b73f38a69366cd656,/V1/SN/P/PAT.mp3
a17eabcb674ea4866fbdb4887a065907,/V1/SN/P/PBL.mp3
a576a71d7771890a3f11a92a8f111847,/V1/SN/P/PBN.mp3
b53273cf01e9d05efc63d63c8f52a8b9,/V1/SN/P/PBO.mp3
2e7bb9e7b70ef604213ea17d7915c8f4,/V1/SN/P/PBR.mp3
56a22d2cf2d01bc857dd0e39855ed2a9,/V1/SN/P/PBY.mp3
15531a4939fe078e13bab72d24c264f4,/V1/SN/P/PCD.mp3
95d361a6f793acb5e31047b87a07c6fa,/V1/SN/P/PCN.mp3
caeb101c83728fd76784b4cc3576e708,/V1/SN/P/PDG.mp3
a1a313cc5900f5365219e30bd3bad109,/V1/SN/P/PDW.mp3
5264ca78625877715d2fe1827c36b2b9,/V1/SN/P/PEA.mp3
b25bcaa319fa4878f91fd9a78b8ac209,/V1/SN/P/PEB.mp3
8375400a75bd358f78c34edbdf321626,/V1/SN/P/PEG.mp3
77bf68bab605dd6ecedd0eb0c15c8c2a,/V1/SN/P/PEM.mp3
0212f0bafd216fc95eb64419dbf19649,/V1/SN/P/PEN.mp3
1cd81034230c5a482658051a2aa894b0,/V1/SN/P/PER.mp3
1feb51ea1b99166aa0e84020fb83f4f1,/V1/SN/P/PES.mp3
5e2fb6c139970ed853db8a769579b2e1,/V1/SN/P/PET.mp3
85b184c9acfff28fab3c9e4bce8c3f19,/V1/SN/P/PEV.mp3
a1e1820523b6f55db55ad20912c144bd,/V1/SN/P/PEW.mp3
e3e959e3008a0651ad7035b5dcfa168b,/V1/SN/P/PFL.mp3
656be39ad34c3d693c3b3b46adff1425,/V1/SN/P/PFM.mp3
f2072697d5bd9a912db3f1ec2412690c,/V1/SN/P/PFR.mp3
45b5ae3eecb08605111ece3056cf3f42,/V1/SN/P/PFY.mp3
64b0ee4b9e6a14a6c5fa4f0a8d3ef5ca,/V1/SN/P/PGM.mp3
8f3c6a72024a1640f61512e771cd8b0d,/V1/SN/P/PGN.mp3
6f7043e685fe9737c6bb6ae2e0dfce5c,/V1/SN/P/PHG.mp3
4a70ad8ce4bfd4791b65b0c0cb7e217b,/V1/SN/P/PHR.mp3
313928cf0d5f7c6fc5bccbd94fa7b99f,/V1/SN/P/PIL.mp3
7d7b9f6c8e6c525c7b44cf0ae02c19d2,/V1/SN/P/PIN.mp3
d31195615475160f694b4b1429c34f44,/V1/SN/P/PIR.mp3
5a2ee6e796ff78f6da1aff1eee1c5d63,/V1/SN/P/PIT.mp3
9670634d413a80311d6865b84abe8742,/V1/SN/P/PKG.mp3
f5588c9b7d4e662a8db067c8d30bbbf0,/V1/SN/P/PKS.mp3
02b415d1830676e084bbf3ac38720328,/V1/SN/P/PKT.mp3
54fa0d2e42e4b1a1fe9acfc99d5c95ec,/V1/SN/P/PLC.mp3
798d838c2244916f8e9601ad9f4365cb,/V1/SN/P/PLD.mp3
b4f6f25f6a6d267b825209542ff7d3e9,/V1/SN/P/PLE.mp3
cdd16ae50eb49c0ccdb10d6685450edf,/V1/SN/P/PLG.mp3
f5c02c101f41accc7d49927cf523a8d2,/V1/SN/P/PLK.mp3
48e75ff065022de440e437dbe12b22da,/V1/SN/P/PLM.mp3
a83ab4befae262e02d431843311db892,/V1/SN/P/PLN.mp3
62574624b8c37ccdebead2e3dc8484d9,/V1/SN/P/PLS.mp3
b6a0440eab124182dbe4aff892d9f23c,/V1/SN/P/PLT.mp3
69f17aaa99fa7c78a7014c8e9bc75aab,/V1/SN/P/PLU.mp3
d534eafffdbd69adef9be467987eb030,/V1/SN/P/PLW.mp3
d95406f6374a3f3634e2172d2b73d2c9,/V1/SN/P/PLY.mp3
5c9640ab5cbed8255cf5338577b40aee,/V1/SN/P/PMA.mp3
30ad17f7470cc08b0424531f2076069a,/V1/SN/P/PMB.mp3
3171a391dd23f35ca41516fc5d217c00,/V1/SN/P/PMD.mp3
119c3147de42050d7fc33108cd5fc479,/V1/SN/P/PMH.mp3
60c25f8b1d1b4e5e57f8b5a05f914937,/V1/SN/P/PMP.mp3
3818ed5667ba103771fcfe4376e36c74,/V1/SN/P/PMR.mp3
333a8bc487d38a427c0f5759e02262fe,/V1/SN/P/PMS.mp3
f46c26fe581bf2ac51b0555f2e18c75e,/V1/SN/P/PMT.mp3
1286fd092e9f7767e74e5ae9ca8f5b91,/V1/SN/P/PMW.mp3
6c4a41f1230344d398444cc19c20353c,/V1/SN/P/PNA.mp3
4928f984949abd0cf3af3c9ccb493b86,/V1/SN/P/PNC.mp3
2d275ac3ef469c27b3530c73ae402e8d,/V1/SN/P/PNE.mp3
c63861bbd82e8f0e64de784275a98f1f,/V1/SN/P/PNF.mp3
7440b5d95dca4de1f8e34e5d2412a820,/V1/SN/P/PNL.mp3
13e0a5e73ec9602c07854b3cb80e4082,/V1/SN/P/PNM.mp3
b8fa31e02314887bc5eb7e08fd84fc4e,/V1/SN/P/PNR.mp3
2d479cae646f24e82e00ad88ae22b583,/V1/SN/P/PNS.mp3
1e06e54ddb18798aa8cbf9912353723a,/V1/SN/P/PNW.mp3
758cdc39968452dc9a7a9fe619c141d2,/V1/SN/P/PNY.mp3
27dff736db05df530df9b4fc1a77b88c,/V1/SN/P/PNZ.mp3
4ce3cd2dbe7081d73bb4b1af9d1b8441,/V1/SN/P/POK.mp3
dad2c4138521c91a76cef78bd9e7f6f5,/V1/SN/P/POL.mp3
df44881af047cc4fb3b08401773fd6c6,/V1/SN/P/PON.mp3
97f1b09d8efafafa14c11d5babb7048b,/V1/SN/P/POO.mp3
1df050ce8f18189f2cded92a3fc1b775,/V1/SN/P/POP.mp3
a31bd1d6c05e07a6a3dc597d0c9c0ad8,/V1/SN/P/POR.mp3
4b90073c4748965441e4465c799c1404,/V1/SN/P/POT.mp3
60f3100bb7489ea0301cf7556d363e9c,/V1/SN/P/PPD.mp3
9e96a88f0eead9a81c7e4275d44b2618,/V1/SN/P/PPK.mp3
f4941f0f512e32a4cf692b0786803b54,/V1/SN/P/PPL.mp3
29abb77b3714f82bebecfbd7108522e5,/V1/SN/P/PRA.mp3
858255c43872d04aff9eea6abcf3f876,/V1/SN/P/PRB.mp3
f40ff7bc4fd154fc5733c3c4279e1cdc,/V1/SN/P/PRE.mp3
408b557eda075731a683c6f45229ae3d,/V1/SN/P/PRH.mp3
ea532f8705fc88688042aa8310d141ea,/V1/SN/P/PRI.mp3
36e611f7560d82b3d9a95fb3401b4046,/V1/SN/P/PRL.mp3
6b7ca50bba714fad98fd4f18034adfb7,/V1/SN/P/PRN.mp3
0bdbd14b80a4d3fada4b87f023271509,/V1/SN/P/PRP.mp3
d0dd22eed731b7321a6ce9e0c52df698,/V1/SN/P/PRR.mp3
35c7000dda32e5f3ee4881bfbebb1c2b,/V1/SN/P/PRS.mp3
d40284414b116fe4e46978549c6690cd,/V1/SN/P/PRT.mp3
9e02c99df5ce6474c9be98d7df2abeb2,/V1/SN/P/PRU.mp3
d903d21b777f511cc505bff8f5127524,/V1/SN/P/PRW.mp3
52780725a4e6d2995da5beafca40700e,/V1/SN/P/PRY.mp3
e89ab57e508daf1865dda30e522b8788,/V1/SN/P/PSC.mp3
78031a7bdb6d60d94a98ad8296ccc5d2,/V1/SN/P/PSE.mp3
56f8f607be2e0b9661bb55bee6d84b5b,/V1/SN/P/PSH.mp3
0dbc2ef380c92c41ba0fc6c91d82a734,/V1/SN/P/PSL.mp3
9fb82256c4ae6efe7effa4df83652299,/V1/SN/P/PSN.mp3
2032b934bee66f5fa6d1b89cab87e056,/V1/SN/P/PST.mp3
4b7f826a30664ce4534ae38f6fd756bc,/V1/SN/P/PSW.mp3
16c751e8de0b3d0a581990b2c2358a7d,/V1/SN/P/PTA.mp3
cc2a59afc25c513ad7cb8ffcf4001960,/V1/SN/P/PTB.mp3
70533287db7c12f59504afc4705b3e8c,/V1/SN/P/PTC.mp3
b2aa26641a430aa3adb0fe3a0c35093d,/V1/SN/P/PTD.mp3
48ddda1c6474e36367f17ebbaf0e67d9,/V1/SN/P/PTF.mp3
ec67d2d0ec296be2f20682b4e1a2ea1b,/V1/SN/P/PTG.mp3
27bb07e44853f145ef41a2947de33885,/V1/SN/P/PTH.mp3
32f235ddae98c84a86ac2022dbb6ae81,/V1/SN/P/PTK.mp3
479abd8825d9d9bfa31f2f8f9744c31e,/V1/SN/P/PTL.mp3
a293ae7114747e0277b993c7f7c15f67,/V1/SN/P/PTM.mp3
c3bcedca9481c55ea850609d94ea7f95,/V1/SN/P/PTR.mp3
cd3debbfafd67fe3c48c294f32614ae1,/V1/SN/P/PTT.mp3
85716ebbc48263ad87b96e62b45013d5,/V1/SN/P/PTW.mp3
6b98c854c1968058f7f9f040b980c87a,/V1/SN/P/PUL.mp3
12576f1e9d57929c3d6e857003684449,/V1/SN/P/PUO.mp3
317fead7606d4583ea6aa1fbf93dd22b,/V1/SN/P/PUR.mp3
3cb1ffb6fc95cc876533ffea50e3ed8b,/V1/SN/P/PUT.mp3
f31e1392e45fdaa3fc215eb5e3b40ca0,/V1/SN/P/PWE.mp3
2693d1ae227a1d7fba89c3019b92b7b9,/V1/SN/P/PWL.mp3
3c7188c1501ec2b39a74311c4aba6e94,/V1/SN/P/PWW.mp3
7d513764bfea994dd89f5d2113125fb3,/V1/SN/P/PWY.mp3
23d053c2a3a8a62b16f8cbb4ce0b31e1,/V1/SN/P/PYC.mp3
0b3139d4fa4dafd94237bd98129df5db,/V1/SN/P/PYE.mp3
263605f1c790b1792a06c3f9777ac64e,/V1/SN/P/PYG.mp3
635f5e364b4e6e49ab0db6e53e3b3c24,/V1/SN/P/PYJ.mp3
1f40b758479df1381f6e4f03b835380f,/V1/SN/P/PYL.mp3
8143627255a0aea269934f154de78bb6,/V1/SN/P/PYN.mp3
5ceb7fdc8a745ac715e61b775f7b3a40,/V1/SN/P/PYP.mp3
e791c02e7d5a065c432188c67b5f8a8d,/V1/SN/P/PYT.mp3
ff20a7255fdd6f07bfead95fc9280585,/V1/SN/Q/QBR.mp3
b1ff173922e1b722cf18841506f3dc93,/V1/SN/Q/QPK.mp3
9047f9d28c576d4b29cc7ebf8eccec5f,/V1/SN/Q/QPW.mp3
b270ee6210c9c11b123b00c3962bc777,/V1/SN/Q/QRB.mp3
0433e2075338e62f709ce4e3b40e7a46,/V1/SN/Q/QRP.mp3
4168732183235624dd9f510f47b11b97,/V1/SN/Q/QUI.mp3
d1ff09c212048b2270dad8bcdc0e658e,/V1/SN/Q/QYD.mp3
8f69b6a5993d0bae44872e820dbcc142,/V1/SN/R/RAD.mp3
a49dcf176229b58c9593452f4d644a08,/V1/SN/R/RAI.mp3
c701c8450b1253529811ba63ec364cfa,/V1/SN/R/RAM.mp3
3409b4e301f787de0b9f5e37b11ef943,/V1/SN/R/RAN.mp3
2f25c74066364527eb2487a4b2371629,/V1/SN/R/RAU.mp3
59b82ca878f51dbc56333a6a6d481303,/V1/SN/R/RAV.mp3
1dc51ebd4c0d3cb3f4eb3d8c2976160d,/V1/SN/R/RAY.mp3
84add275b05def86439adf0843bdb45b,/V1/SN/R/RBR.mp3
c7b6eb368631f83e2a62a9a2374af6dc,/V1/SN/R/RCA.mp3
41d8e7ec024a7daf8dd4822149f8db14,/V1/SN/R/RCC.mp3
aebc782175fccc16c970b4160e49dd9e,/V1/SN/R/RCD.mp3
a31eef7e47819f385b960006969bf14e,/V1/SN/R/RCE.mp3
9e9b34e19acfe747c67b4a49ba0d2188,/V1/SN/R/RDA.mp3
e41e292cae91a705ef546df11ec1cb09,/V1/SN/R/RDB.mp3
d3b73be3bf089366cc93424a8018b2ad,/V1/SN/R/RDC.mp3
8040bdbfbc0fca2fc6594539c562f7e4,/V1/SN/R/RDD.mp3
612efa81b29340c1724fd59f07a5c780,/V1/SN/R/RDF.mp3
1495aada8dc084835b64fb56ba5add8f,/V1/SN/R/RDG.mp3
544d627f23a41c1be783487ea2e4058c,/V1/SN/R/RDH.mp3
d2b769b2785462b1be4ff14f2ea061a8,/V1/SN/R/RDM.mp3
2f89c4e85e8beb89f6025e231decc70b,/V1/SN/R/RDN.mp3
fa6d0919a29860983593572b5fcc0b58,/V1/SN/R/RDR.mp3
5ade1920b447ca5cad0e5b70dc19466c,/V1/SN/R/RDS.mp3
ce56ab7ddc5ce119400861845c2d54a5,/V1/SN/R/RDT.mp3
ae82884066da55e4ced14793a7482d31,/V1/SN/R/RDW.mp3
a2c6f82c5ef9b3cb98918d23fc01ba8a,/V1/SN/R/REC.mp3
ed53fc9e94b0b71a22a93589989cc947,/V1/SN/R/RED.mp3
9523300d01ff3a8801c4fe0ec4644537,/V1/SN/R/REE.mp3
893b0ab59beef54d39ca0d2746ed8ade,/V1/SN/R/REI.mp3
4394bfc92713451abef3aaeedff7b2ab,/V1/SN/R/RET.mp3
91cb3c520b5abd82be02c936d136a0e4,/V1/SN/R/RFD.mp3
c2363065a4efff1f81a95715c7ccf0b3,/V1/SN/R/RFY.mp3
fc3ae7c050d605a745c106d764bb013d,/V1/SN/R/RGL.mp3
d162b12642e60cdc6443bb8a168085e6,/V1/SN/R/RGP.mp3
79c55b939c36abdc072b92c4481e3fad,/V1/SN/R/RGT.mp3
d8b5576cdcdb81bc9bd126e1e26ddb17,/V1/SN/R/RGW.mp3
13035335ed4effada334132ab2db93fd,/V1/SN/R/RHD.mp3
2b1db3dd8e3af80740911c9003e8ac97,/V1/SN/R/RHI.mp3
62a1631003823e668d53f4ad7ab75365,/V1/SN/R/RHL.mp3
0860e55b7be147e5a40eac98e0cde6a2,/V1/SN/R/RHM.mp3
cbe4ce45b41a95ffc4ee8e51d5ac6abd,/V1/SN/R/RHO.mp3
22d64e24134a5f4fb52f6e5a1bc27930,/V1/SN/R/RHY.mp3
bd834171c33ff10d576b386ba6741c65,/V1/SN/R/RIA.mp3
b548d552aadde6e13935c65a7f137c1f,/V1/SN/R/RIC.mp3
e0754277a1d0582d67882cdedbbe18ac,/V1/SN/R/RID.mp3
65eb2660518e0c418c9e304c72f75a57,/V1/SN/R/RIL.mp3
05c5079ed336b08c82cbec280730e3cc,/V1/SN/R/RIS.mp3
f65d7acd48448fa7fbb28b9277144302,/V1/SN/R/RKT.mp3
4ab9534ae6dfeb294d30dc6eb2506530,/V1/SN/R/RLG.mp3
d33ee24f2265d68982c50dc1d8d92345,/V1/SN/R/RLN.mp3
98730d2483a2cdc876bbc615545e5179,/V1/SN/R/RMB.mp3
e8c8d892aadea34185c4ecebe5d500e0,/V1/SN/R/RMC.mp3
bb115ea7d7e9015fdbc704a5b87d0a1c,/V1/SN/R/RMD.mp3
0e79571839d343bfbfdca8c670053cf2,/V1/SN/R/RMF.mp3
bd3dd163b6d20429002e21b125c4b64e,/V1/SN/R/RML.mp3
b48b62935a689faf7aac09bc0261171a,/V1/SN/R/RNF.mp3
79a53f7dd93055c7acd687ca85c07594,/V1/SN/R/RNH.mp3
6e32488c4ba6a3e9ccb7b851a3e6f3b1,/V1/SN/R/RNM.mp3
9f5f229e48b75c0d6912be2a75e59974,/V1/SN/R/RNR.mp3
0e75fd72031f544471fdce2b2a7d653f,/V1/SN/R/ROB.mp3
998008af98421e2a6cd4541e2aaf3240,/V1/SN/R/ROC.mp3
39de861d4757461d04af404b2420406d,/V1/SN/R/ROE.mp3
67222d6b075d022c30bc3e6e45735701,/V1/SN/R/ROG.mp3
3921bc6fbca6c6ead3af26d730b906c8,/V1/SN/R/ROL.mp3
a03d59516fe06724e9a9b4568c4b53a0,/V1/SN/R/ROM.mp3
3712bf10392b6f6e9480474c0db39aab,/V1/SN/R/ROO.mp3
a33a446c71ac7e98fbf7af78d1bd757c,/V1/SN/R/ROR.mp3
84e4273a8243080912cb4f825ff8569b,/V1/SN/R/ROS.mp3
e19812aa3a9d66048b2a9aca43ca6eea,/V1/SN/R/ROW.mp3
abe9c8c27273caf65a491a9996ffbe1e,/V1/SN/R/RRB.mp3
bb1d7e8b8cff745f803caa6c5490d9ed,/V1/SN/R/RRN.mp3
dd792fa004d718f380f6054c2418f06e,/V1/SN/R/RSG.mp3
20f90174b2ef0699108284a03196a825,/V1/SN/R/RSH.mp3
d301a88e38ebf784f13ab85265992144,/V1/SN/R/RSN.mp3
58163a93c8d313823a9df6135164e09e,/V1/SN/R/RTN.mp3
004a0a8773515934d7f9bcc4ffeb7f0c,/V1/SN/R/RTR.mp3
752a98d5ddb63ccb7976d8e88fdc1a72,/V1/SN/R/RUA.mp3
528a2737fc87b9170b7a47f106718d41,/V1/SN/R/RUE.mp3
07fc61df0d38b376f1f4dafd9721d0d9,/V1/SN/R/RUF.mp3
355924f9784bb88900682af0298399d5,/V1/SN/R/RUG.mp3
31c0ed7d7a689f79c9763b38cc4905f8,/V1/SN/R/RUN.mp3
c844b51144e5fcd6ce9794b75e824bee,/V1/SN/R/RUS.mp3
73fefe4d2f12503d6ae5b6cd45904144,/V1/SN/R/RUT.mp3
5615fcc07785e293a783a603bc5252ff,/V1/SN/R/RVB.mp3
c0416325844bb24706614d1efcc0a2ea,/V1/SN/R/RVN.mp3
0235f1fab55ecd97efaa4d04ec1098d6,/V1/SN/R/RWC.mp3
ecd7e3b1de5d321c5d935a95d1452915,/V1/SN/R/RYB.mp3
4f776206ada9157d1bde49998f9b9415,/V1/SN/R/RYD.mp3
a5666a46d5d8dcb893cb15c024fb57f6,/V1/SN/R/RYE.mp3
8461f264b941d66d5aab0c95a61acffe,/V1/SN/R/RYH.mp3
234b5509cdd9d291f93a1b0d37195e81,/V1/SN/R/RYN.mp3
0656fad854b0117c000b841cd2a7d34e,/V1/SN/R/RYP.mp3
18ea1b1f0024c1ec77eb3b45daad5532,/V1/SN/R/RYR.mp3
697a1d20b6f8dc19861e5e8369da8db2,/V1/SN/R/RYS.mp3
7e5e5025801acb3846996f3de31d1c10,/V1/SN/S/SAA.mp3
4aac9d73391c806529cd96a4e2323743,/V1/SN/S/SAB.mp3
9e927c08fcf21e98154aba15f4d7e39a,/V1/SN/S/SAC.mp3
dea3e5889d0f7c544b503343349369b4,/V1/SN/S/SAD.mp3
e5a4aea59d4f8c2571b90ea7525a9b8a,/V1/SN/S/SAE.mp3
3ea66fa0d6dcd33aa7610981b175e873,/V1/SN/S/SAF.mp3
b3a00c95cfe114bbb86b548ed339e0cf,/V1/SN/S/SAH.mp3
d4db17d5616d99e25ee55db6e34eb044,/V1/SN/S/SAJ.mp3
c8ac64fe8a90dd9f153fe86a850c70b1,/V1/SN/S/SAL.mp3
69beb03ab2095973e647dae7b8ba93ab,/V1/SN/S/SAM.mp3
30d54c2fbe43b64d611b509a21d74b36,/V1/SN/S/SAN.mp3
1a7bc28d399a1a3d78303b20cabd66b2,/V1/SN/S/SAR.mp3
dca9c25e3adbfff449f65f24f7a69ddd,/V1/SN/S/SAS.mp3
18abaacd2e3428479b64c0993c783356,/V1/SN/S/SAT.mp3
7d2f53e3b60d0cfa046845ff385ce8cf,/V1/SN/S/SAU.mp3
1a855ec2f606f6e1e64df2ef26651a14,/V1/SN/S/SAV.mp3
4b849dab1b2ea067254bc81a6be6e505,/V1/SN/S/SAW.mp3
856e58d58e8a9e01bed5e81a8f5432f8,/V1/SN/S/SAX.mp3
af2968988cda5230612ce47fb8ce4a22,/V1/SN/S/SAY.mp3
0e9ba4b9c467ffa5fe61eda2787116f9,/V1/SN/S/SBE.mp3
fd066dc870fd9db212cccabbfe3b9d1b,/V1/SN/S/SBF.mp3
b9260a51a181f2f57ee441f590dc8466,/V1/SN/S/SBJ.mp3
92895fc0430957a1d73c750f58aedbfa,/V1/SN/S/SBK.mp3
82d970661fbb34842fe6d0b2563e2af8,/V1/SN/S/SBM.mp3
579716c55c3131cff046dd2b448edfb7,/V1/SN/S/SBP.mp3
51c8be50c6756c5d0c073ac170c583d0,/V1/SN/S/SBR.mp3
c1df262825d598d2a60c93306e3adb1e,/V1/SN/S/SBS.mp3
642169d217764c1c91fef3c0c9e27ce6,/V1/SN/S/SBT.mp3
b0558f5e3ee8186da572da2f5e5b2208,/V1/SN/S/SBU.mp3
1cd9329219ec8218d402d06e11661df4,/V1/SN/S/SBV.mp3
07b0717c3f341f739e41563e23b1614b,/V1/SN/S/SBY.mp3
9ac26ee915b15192fa3a95f20f9b0412,/V1/SN/S/SCA.mp3
fe9c10269e75bb2ce98a2f1e5240e68f,/V1/SN/S/SCF.mp3
b460e77d03b1eef606e2adc98c0ed44d,/V1/SN/S/SCG.mp3
487e01de75d53cd72518101186fda142,/V1/SN/S/SCH.mp3
e98fe5612aa0b509984fc39a846bde03,/V1/SN/S/SCR.mp3
2948015f35b31906edcc4eb165fea946,/V1/SN/S/SCS.mp3
5d9ff1ed1603ebf47e6cb3f0c66ef60e,/V1/SN/S/SCT.mp3
a594408d8d50aa7f895788b6fe9d2793,/V1/SN/S/SCU.mp3
8e98e6f7d50f36b6f9abe2cd48fc447b,/V1/SN/S/SCY.mp3
158543a21e1906a734eb63e054a3cb64,/V1/SN/S/SDA.mp3
deb0d403a0c5ad183c13fafa64413d43,/V1/SN/S/SDB.mp3
c2b730e4a447c7b24b41d32018627125,/V1/SN/S/SDC.mp3
f7d32385e1fc05de434b9e370cc32719,/V1/SN/S/SDE.mp3
6280439f8a437c651e555df6a9eb9e30,/V1/SN/S/SDF.mp3
7951506c1d6a6869a2dd116aaf1b40d6,/V1/SN/S/SDG.mp3
0c906870c603df05b772cd9413ae592e,/V1/SN/S/SDH.mp3
e9d6599ccbd0783265a726073b446b44,/V1/SN/S/SDL.mp3
7962dd8ffac8f2e6e0ac65c41b482722,/V1/SN/S/SDM.mp3
ba579908801bf4db143c7454416d80ea,/V1/SN/S/SDN.mp3
6c7fc665063e07cf2468474ee6c2f03b,/V1/SN/S/SDP.mp3
273de3df54f7b960b222cb24e23c9dfe,/V1/SN/S/SDR.mp3
88b76046e923a9a1b236af7d74aefd08,/V1/SN/S/SDW.mp3
6f7c3b6fe3d5ec183c49f9695570048d,/V1/SN/S/SDY.mp3
61885c5b22642c846bdb798140034922,/V1/SN/S/SEA.mp3
987d5372006d4ec5bedec58c3da0c8c9,/V1/SN/S/SEB.mp3
fa4f14ec8f2edf35abc70d070a6c7f32,/V1/SN/S/SEC.mp3
d5db370dbf4a037f230746cd1b289d2a,/V1/SN/S/SED.mp3
d6dd16115bf4ba50c680c7710c5826d7,/V1/SN/S/SEE.mp3
36735c9b91257e3288974a2f9f6872ab,/V1/SN/S/SEF.mp3
5b014c359e29b73af3d1573d9df5e146,/V1/SN/S/SEG.mp3
ddc1774bc651c8cee3468c26c9679cde,/V1/SN/S/SEH.mp3
01d8582b37cd271c6980e8cbb12c1f20,/V1/SN/S/SEJ.mp3
eab1232078a356ce60de0e6156154c39,/V1/SN/S/SEL.mp3
ecb23649653f91f37e940938be43286f,/V1/SN/S/SEM.mp3
eb2f1c8d716e9e7d15ac4f7d8c17c6ac,/V1/SN/S/SEN.mp3
b0d805090e7117901d06e3581fe1d2f2,/V1/SN/S/SER.mp3
2258ebc4d9b0e2bfacf129d80e1c15b3,/V1/SN/S/SES.mp3
fd0d43e9ac793a56e1e786cca54bfa15,/V1/SN/S/SET.mp3
7cf910fe94cda99684f8251f162555b3,/V1/SN/S/SEV.mp3
44fb1c1ededa979eac8ca9b44da0f90b,/V1/SN/S/SFA.mp3
ffd63f824f8a74b2c336c95da1fbdde7,/V1/SN/S/SFD.mp3
4c08d11b2ae6cba58a6b1b68bb865fd0,/V1/SN/S/SFI.mp3
ac644e49c9b374d865c87060e0047a31,/V1/SN/S/SFL.mp3
80af0b7372c10fbe84914a6192ec9614,/V1/SN/S/SFN.mp3
bdcfab35198cf2b7f0505d3abf589225,/V1/SN/S/SFO.mp3
bc135250b68fcca5475949fcacf66b99,/V1/SN/S/SFR.mp3
9dd8cddb318a2216c4fda4a1eac4548c,/V1/SN/S/SGB.mp3
15be265dcfff2329f78a245001f9b7cb,/V1/SN/S/SGL.mp3
9caf06a746b1e9934e974bed865a09b9,/V1/SN/S/SGM.mp3
60d660bbdf8172e95bb8dc690fb6db73,/V1/SN/S/SGN.mp3
2f5a9067e9d27f29f0ad53f8289b7ca8,/V1/SN/S/SGR.mp3
ecfadb79a01bf6bf8d6c3b9699f019e4,/V1/SN/S/SHB.mp3
0b6314f5eee63144bb206febcbc1cb42,/V1/SN/S/SHC.mp3
7d9d37e90ce55c1fbbad541fd39ba687,/V1/SN/S/SHD.mp3
292f455bf8b64c70f8c01ecff5b8ac92,/V1/SN/S/SHE.mp3
9705ef45a92ad52fed1619a34a69ac13,/V1/SN/S/SHF.mp3
ebffb03ec01e7a765e32ae17462bac03,/V1/SN/S/SHH.mp3
c8001ca1aff6c39d8ecb1764114c5e26,/V1/SN/S/SHI.mp3
863433a2960afe12971ea6d1f62c88de,/V1/SN/S/SHJ.mp3
4b88807dc2fb74235a8605963043abd8,/V1/SN/S/SHL.mp3
aa8d01aa7fbbcd2c94a0f221a6979183,/V1/SN/S/SHM.mp3
bc1bd10e2a6f902991928daedc10c069,/V1/SN/S/SHN.mp3
3f80ca848e174f02d67651fda8a2b212,/V1/SN/S/SHO.mp3
fb030f7bf45e3ea5783a28d28ea28b38,/V1/SN/S/SHP.mp3
76741eda64e6ef467f565ef1902d71f5,/V1/SN/S/SHR.mp3
132b373474c430db37ed0da4588e3685,/V1/SN/S/SHS.mp3
8247ffdc6554b8542290cce66106cae7,/V1/SN/S/SHT.mp3
9bcfc1e16caab8e0c2d28513d554e839,/V1/SN/S/SHU.mp3
f51fe6e225180d291ba4172b1147e6ac,/V1/SN/S/SHW.mp3
0d0fc28b285ffa72f482ad9e7d13611c,/V1/SN/S/SHY.mp3
0067da0dc4a99af1851ecbc4483d8ac0,/V1/SN/S/SIA.mp3
a2a52274dd493049e98e57714f40f707,/V1/SN/S/SIC.mp3
7c1ff227f50d55bda553cfffa690f6c1,/V1/SN/S/SID.mp3
174411bf416d7bfcf6f07ffdac473ede,/V1/SN/S/SIE.mp3
5f15eb39f578cd3cd616d7b9d72b0921,/V1/SN/S/SIH.mp3
5bd22860e8f0fe4ae4aba2343b4f8bd5,/V1/SN/S/SIL.mp3
c16dd1bba6e44637a7edee0f2d1767f2,/V1/SN/S/SIN.mp3
350dfa0ed7bb0e19cf078c2ae76671e3,/V1/SN/S/SIP.mp3
ac37dd8ef1a7f0bf60e047e8d687500c,/V1/SN/S/SIT.mp3
abcf82ae0e947d41aa4b664c032a6f60,/V1/SN/S/SIV.mp3
37d04a29fba6df1473d6c2b0fb16b03d,/V1/SN/S/SJP.mp3
c6d30a982d0ee5aa9af5f7cfa5e2723b,/V1/SN/S/SJS.mp3
370b046d1c91a1e2073072bd50152a66,/V1/SN/S/SKE.mp3
da31c71cd4adb33925cc0b441914d81e,/V1/SN/S/SKG.mp3
1bfc84e58430f588fcdd0097c575d72c,/V1/SN/S/SKI.mp3
4bce3641761be9c1b7e7052ac5d9ac90,/V1/SN/S/SKM.mp3
3f68b947db0cd6a8984b80ba368ef9ad,/V1/SN/S/SKN.mp3
7b1ab96869dbb36c06919852a472cccd,/V1/SN/S/SKS.mp3
14588471f136da0beb446f8e74b9093a,/V1/SN/S/SKW.mp3
e951f46a251bc6c04beecf048c6f59e5,/V1/SN/S/SLA.mp3
eafb0c170069504a6ae31ca93958e5a3,/V1/SN/S/SLB.mp3
c92f278d664f774037abbc3c732a07dc,/V1/SN/S/SLD.mp3
5621a5166c0ad302ad63d780d290a559,/V1/SN/S/SLH.mp3
4dd166380664346e55eb333495de2362,/V1/SN/S/SLK.mp3
3664c716607c43a45c6213b634ee53cb,/V1/SN/S/SLL.mp3
03fe9ca6e0cac4462235616f7b00b43f,/V1/SN/S/SLO.mp3
8b2825bc0070906dab6d68976c72fd6d,/V1/SN/S/SLQ.mp3
9ad73577c41273b3803866662cd28fd0,/V1/SN/S/SLR.mp3
ad5cd8b9bac0f407d37d567d25b200d5,/V1/SN/S/SLS.mp3
0bb12b4eb03c11ad855b476e9612bb3c,/V1/SN/S/SLT.mp3
1934e9a03a22e950498bc0a22d8b9ab5,/V1/SN/S/SLV.mp3
4926ee12477842bca14e6e3ba209bc8e,/V1/SN/S/SLW.mp3
13a33ff52cc24e19b198a30ff366b661,/V1/SN/S/SLY.mp3
e3655641e05eeab83ce9c96364b92921,/V1/SN/S/SMA.mp3
2c59ec193dfa5a3208dfbb51aa721fca,/V1/SN/S/SMB.mp3
24fdda2c37f09d16a78697376c35ed0e,/V1/SN/S/SMD.mp3
f131b11bb8d2cecf8ad0743cda517416,/V1/SN/S/SMG.mp3
25faedf15c96cc3d3778407e7177b696,/V1/SN/S/SMH.mp3
893a20b2df2e4ca4a874b31fc58d6d29,/V1/SN/S/SMK.mp3
b04e4ff6f137c5b0a3e547bd2c2b0b18,/V1/SN/S/SML.mp3
1154dac97d2ef0e8807c8ad93e5bb255,/V1/SN/S/SMN.mp3
c171aad7ad1380e4dd47da126cbf1eee,/V1/SN/S/SMO.mp3
5481ad8fabae520d728736fd230a7acd,/V1/SN/S/SMR.mp3
2119b05d5e11a4361a1eb44274424097,/V1/SN/S/SMT.mp3
1728df39dc767554d2605043c62c5f21,/V1/SN/S/SMY.mp3
75e1dbce3874665be1d52f280e37099d,/V1/SN/S/SNA.mp3
5c06978971b1a522ebcb330006c192c8,/V1/SN/S/SND.mp3
6a417db26c6a2e3b3242c2957a1f5f8b,/V1/SN/S/SNE.mp3
ebecce2231514de5df7c20925f77c7ba,/V1/SN/S/SNF.mp3
657700d336a7be073f77c50b45c5aa40,/V1/SN/S/SNG.mp3
e8c27506cc3f6a3f50414e566c180af7,/V1/SN/S/SNH.mp3
6baa85da29ebefef862efa2d586296d9,/V1/SN/S/SNI.mp3
02ba9682ffc334428ad5420fa744f046,/V1/SN/S/SNK.mp3
45123833d2c298243daefcea0f5f6308,/V1/SN/S/SNL.mp3
fa2ba67bbc49b8f2b14abaa89bffbc45,/V1/SN/S/SNN.mp3
c64e028f017f79cb57b3cdc7ff5bbfd3,/V1/SN/S/SNO.mp3
de34919bcc1416e9a4197aa08e28748e,/V1/SN/S/SNR.mp3
6f8fbd52a6b8cfe988f9f0492370cdd1,/V1/SN/S/SNS.mp3
1785f263e453f7c5011b8f150ebb22d9,/V1/SN/S/SNT.mp3
5cc6805172fbbcdb0fa858ad0374a01d,/V1/SN/S/SNW.mp3
80e1bcd9dfe310073fbc18f5feb8187f,/V1/SN/S/SNY.mp3
31f1a16ec5e00035a385d29cd789071b,/V1/SN/S/SOA.mp3
a326947f2659154a8080d3e22312b4e2,/V1/SN/S/SOB.mp3
b74e4fd6f7fa67262cec485977f472f4,/V1/SN/S/SOC.mp3
55cfad9bc324ee06ee7f7bb407310daf,/V1/SN/S/SOE.mp3
732d99833052a7d91ef418e923997d3f,/V1/SN/S/SOF.mp3
c6dda52f62709715f9b5af4b428daa66,/V1/SN/S/SOG.mp3
b2d92a3274cdb486e5bc195bf6ad936e,/V1/SN/S/SOH.mp3
196c1374cfe497f1bc422a61428dac80,/V1/SN/S/SOI.mp3
58d80de6145b7b3af97dcb3cef61098d,/V1/SN/S/SOJ.mp3
4046ab089b1829dc42b4b1faf122828f,/V1/SN/S/SOK.mp3
211130f82139306f63614084d75cf306,/V1/SN/S/SOL.mp3
98f26ef0f64d745f1065201753f3a989,/V1/SN/S/SOM.mp3
db3505e8d9f8ac3d19c559d9851becdf,/V1/SN/S/SON.mp3
99a65afb842cfa952e18962c11cb5591,/V1/SN/S/SOO.mp3
64d004e7a83887b1427272c54e4f3e43,/V1/SN/S/SOP.mp3
9a6fadab3de3515e1da232a9f1195015,/V1/SN/S/SOR.mp3
2e80cd3cf62d0c791c83b736967b4aec,/V1/SN/S/SOT.mp3
ee7d1481880182a6afe187e85a2465e3,/V1/SN/S/SOU.mp3
e4abe9a85692df68f97edd91559aa147,/V1/SN/S/SOV.mp3
d9f9fe309564555c4824e77b56b4930a,/V1/SN/S/SOW.mp3
7f72d25ddf4de030e9ab7e64e2bc4aac,/V1/SN/S/SPA.mp3
47169479a536c428ecdefcedbed58d52,/V1/SN/S/SPB.mp3
b8212e000d16c1682df79d36f59b88b6,/V1/SN/S/SPF.mp3
f1447402cac005588ec1eaf284f870d9,/V1/SN/S/SPH.mp3
5c6596529bbe5adaf91fedcc219bd44b,/V1/SN/S/SPI.mp3
f2d345855eb250748181f0b6b1af6ae5,/V1/SN/S/SPK.mp3
c7e7caa84d42683cd65118dd7c7a1af8,/V1/SN/S/SPN.mp3
108b3dff3eaa990679129712af6657aa,/V1/SN/S/SPO.mp3
366fd59adc7c04fb947f015641a15a37,/V1/SN/S/SPP.mp3
1c5a77d2b81b4fd3fde7ca004d1649e1,/V1/SN/S/SPR.mp3
1389e6f2ad9d1af837c7e4f32e0424f1,/V1/SN/S/SPS.mp3
13ba8928b611a747c1a5f1c73f781f20,/V1/SN/S/SPT.mp3
9a344270140414ceeb40c390b4b2056d,/V1/SN/S/SPU.mp3
bafff2d108cb4f84883f288307d8ec8f,/V1/SN/S/SPY.mp3
aacfccaa4c108ffeef0ceeee8c72f354,/V1/SN/S/SQE.mp3
3972369861d69b96da8ea1b27274437c,/V1/SN/S/SQH.mp3
d617460fbace7f99973acb1bed959ba1,/V1/SN/S/SQU.mp3
927cd2c00b5649fe0819920e27692347,/V1/SN/S/SRA.mp3
9d990997337076a914c73cb2d99de14f,/V1/SN/S/SRC.mp3
0d8014b7a391332c21b6a2b4a8b2f8f7,/V1/SN/S/SRD.mp3
12499425834d0c596849382d009cfe55,/V1/SN/S/SRG.mp3
a4de2d41b78910b1ac1bcd2418cb61b4,/V1/SN/S/SRH.mp3
0f49542851d42dfa692d4d737d687272,/V1/SN/S/SRI.mp3
f7db6efa53e26159a07b3e65ddf90bd1,/V1/SN/S/SRL.mp3
b9a0005f44bcf462891a3ac1bfabbac3,/V1/SN/S/SRN.mp3
7915e7b36e13890d0b3643db91d6c18c,/V1/SN/S/SRO.mp3
93a824eb38fe09290042a0d2e047ddbb,/V1/SN/S/SRR.mp3
48d7af00f7767dd6273ce425b5666d63,/V1/SN/S/SRS.mp3
5089a911fc83a5709c194f050a027874,/V1/SN/S/SRT.mp3
fca97df3fea151c3b928136b92fb741a,/V1/SN/S/SRU.mp3
69765ac65e2dd8735e04a97558ded6d5,/V1/SN/S/SRY.mp3
ee7286da975aa02d46ac99dcd0c12fee,/V1/SN/S/SSC.mp3
19db79b118b0cb3ad1793127b1b31f2c,/V1/SN/S/SSD.mp3
e06711e1835260dd2deb90f8176331c9,/V1/SN/S/SSE.mp3
f7e683a3531308efd05983bdb33d71b7,/V1/SN/S/SSM.mp3
4df84bb43f1e64e019a990ec194a2648,/V1/SN/S/SSS.mp3
e7477987d1f9b7829625130e87d82356,/V1/SN/S/SST.mp3
9bc1b441e948b448a2af62e1549140d0,/V1/SN/S/STA.mp3
d7949e7e7abb7453fdf5671a134d5d86,/V1/SN/S/STC.mp3
8b32a3dd753e2dea3e9f65054ae00a6f,/V1/SN/S/STD.mp3
52d359ff01d7729af83a77c085cdcca5,/V1/SN/S/STE.mp3
a3b8727153891d3b77465a8b023f98b2,/V1/SN/S/STF.mp3
22b2a8973f6633ab02d3bb2772d14505,/V1/SN/S/STG.mp3
32a5b2440aa01fbfe78d90e7f38b970e,/V1/SN/S/STH.mp3
99567ca8c26fe0e4d5c10075a9b39507,/V1/SN/S/STI.mp3
9a4425b17eb71e0fce1756df003e6e27,/V1/SN/S/STJ.mp3
3076fd3894fc8a8541036c9cacc2a328,/V1/SN/S/STK.mp3
689067c36566452e683d98f5c26e4c98,/V1/SN/S/STL.mp3
63070da5eac9b6ad43aafdf218d6a248,/V1/SN/S/STM.mp3
c89b51542b876314568a42537668d823,/V1/SN/S/STN.mp3
68f852730c577a462dabb7ff90720c44,/V1/SN/S/STO.mp3
c58613949c8e959e1a0507fc591ebb26,/V1/SN/S/STP.mp3
935601c6f7e7f8e197e42d2a00e88096,/V1/SN/S/STQ.mp3
c3e48d3fcce53661d95c1cbe483f0ad5,/V1/SN/S/STR.mp3
b82e0e1357f2beb5dcb090d6c7bd62cb,/V1/SN/S/STS.mp3
070072bdd46081391afdfef73e8f9605,/V1/SN/S/STT.mp3
ec6c0eafadbd8a478b41a3f974a690be,/V1/SN/S/STU.mp3
75b7414956a3851eaca9ab4651d3377b,/V1/SN/S/STV.mp3
40f25f69f383d08ddad040f95f908d7e,/V1/SN/S/STW.mp3
feec5026aeb0d0194a127d162ea45cc0,/V1/SN/S/STY.mp3
9fc3488c2e9f7ae18d863820e27a5468,/V1/SN/S/STZ.mp3
11f65068ce59ce5197a229ca075b39ff,/V1/SN/S/SUC.mp3
8dd8285065824179dc15c7d5c1bc850f,/V1/SN/S/SUD.mp3
5ea135e58c9b6c49a36fa38943392ddb,/V1/SN/S/SUG.mp3
c928cce5ea00d2145c37857bec19629f,/V1/SN/S/SUM.mp3
e7bdef9fb41e8452d2995f9f8842cd20,/V1/SN/S/SUN.mp3
374475a56d44ab1541698f75aec77890,/V1/SN/S/SUO.mp3
00148b83bb72a8eaf5430c04f60c756c,/V1/SN/S/SUP.mp3
0af4cd2112fd83656f1fe307dfa8213b,/V1/SN/S/SUR.mp3
17e6a2a385f2659494750437518583cc,/V1/SN/S/SUT.mp3
b770ddbbacb73f6840e876a5e472385b,/V1/SN/S/SUU.mp3
ab1d5bb477cd405c1fc1ed0925ca77d4,/V1/SN/S/SUY.mp3
d695232bb3f3c13842a4430479dd6731,/V1/SN/S/SVB.mp3
2198e2ba5d7ea33b0986dfa0afb5fa75,/V1/SN/S/SVG.mp3
009f10ef0b1c47d827e05bfe81b9ae25,/V1/SN/S/SVK.mp3
d2187899b943e0744fb0d85188464f0d,/V1/SN/S/SVL.mp3
3f6f700b49ca5e50058852a149a13a75,/V1/SN/S/SVR.mp3
dbc9533dce19d526f2a22c04371a5bda,/V1/SN/S/SVS.mp3
3a4e06f2142abc04989cf2977b25dcdb,/V1/SN/S/SWA.mp3
9388d1b01416e773748a911b62f0d842,/V1/SN/S/SWD.mp3
6b16673adc00011dbc5cf6bd15ca11a3,/V1/SN/S/SWE.mp3
80ffa7dfa2a0bebedf818be21b586dba,/V1/SN/S/SWG.mp3
7e38573bbced0d02a5a209b478068f74,/V1/SN/S/SWI.mp3
ea4b4b661ff03a594868b3feb2ce5875,/V1/SN/S/SWK.mp3
e5a10f22519ef61ff00dd32d991fd64e,/V1/SN/S/SWL.mp3
affed2aeacbe330ae0856a5cb9c75eeb,/V1/SN/S/SWM.mp3
4f3fa8d46ce238118ecf8de8cde8235f,/V1/SN/S/SWN.mp3
b34676a1371bb3a65638d07b70600aec,/V1/SN/S/SWO.mp3
ce69f39bd05a5bb962026ffab799ed37,/V1/SN/S/SWR.mp3
81c040027dbb3e7efe751da9727876bd,/V1/SN/S/SWS.mp3
9fe55f1551c3bcbda3686ec8983c2ffd,/V1/SN/S/SWT.mp3
1df9ab0b16eae5c63c71caac0ab67ed2,/V1/SN/S/SWY.mp3
e2c75ac3fc8bef49c01decf2e0cf3180,/V1/SN/S/SXY.mp3
9f3456f7e02d0c7df007f2a2c275c388,/V1/SN/S/SYA.mp3
7fe8b7d605257c84786bde164148c711,/V1/SN/S/SYB.mp3
1ecae1912e082002c4b9c362b9e1ad8e,/V1/SN/S/SYD.mp3
f8d7ed1b01aa24886ddef4f54ac13a4e,/V1/SN/S/SYH.mp3
82d8d5a4fcff30795d3ed73fa5253cf0,/V1/SN/S/SYL.mp3
6cf5868045e08fe11397dd1382f5d1b4,/V1/SN/S/SYS.mp3
81d480ab8bb1dac20f8fc240b9334dd4,/V1/SN/S/SYT.mp3
8e1dfb04c90ce68787bd3b084ce93d02,/V1/SN/T/TAB.mp3
bc6aace45dd6cb3608c35d95f5f7075c,/V1/SN/T/TAC.mp3
c2793fa3821a7926c48018d4eac0401c,/V1/SN/T/TAD.mp3
7f7941d418ba59eff045055d4baf0d0c,/V1/SN/T/TAF.mp3
a0726904685fa5c77fee209953a84633,/V1/SN/T/TAI.mp3
47106e52d6a721d102b647cee77ef73b,/V1/SN/T/TAL.mp3
fdadc7bead57b1abce129392fb4253ef,/V1/SN/T/TAM.mp3
0ececfc000c7533d5d4d7eee0e143f52,/V1/SN/T/TAP.mp3
43cacc9c84994c7e8a0c1d8ea13e7885,/V1/SN/T/TAT.mp3
fb7f1360ca4276b03854823fb1674116,/V1/SN/T/TAU.mp3
b2148e99f93d9d757e32828c99309335,/V1/SN/T/TAY.mp3
0819ecd4945ebcda1690d17de75ad882,/V1/SN/T/TBD.mp3
77e06a61d1881fe90a3117972fbef29c,/V1/SN/T/TBW.mp3
f64bd36be76101f520c029f376b660fc,/V1/SN/T/TBY.mp3
50ca4fe2246314a351ec17d63f2203a6,/V1/SN/T/TCR.mp3
46b52bc45f5fd823697509e6a84b37c0,/V1/SN/T/TDU.mp3
af79e6eabf764caf9a139593ace98a48,/V1/SN/T/TEA.mp3
85f9cad21e15d1ac37ad449f8430aa02,/V1/SN/T/TED.mp3
e627bc80c163480ac0a6708d2bd06f44,/V1/SN/T/TEN.mp3
4d2dc83194a6d5ae95cda0a1b3888aad,/V1/SN/T/TEO.mp3
e098a282baf47be563fc78c7dadba1ef,/V1/SN/T/TEY.mp3
52e3e370eeec85926b787b7e79e873ed,/V1/SN/T/TFC.mp3
68f6242ec7377ae5b5c34fa01e5f73a5,/V1/SN/T/TGM.mp3
209a1700b802d42ce0b2a6dff4da5075,/V1/SN/T/TGS.mp3
dfcc48136cd8590df454dcbd77d1a801,/V1/SN/T/THA.mp3
1a91857b726c0c8e44dff37f492756a5,/V1/SN/T/THB.mp3
8ae18c8587a82fb90a2d1a33cea58e16,/V1/SN/T/THC.mp3
f24735de6f9d703f99533ac45987830e,/V1/SN/T/THD.mp3
8e172e62e973fe4a16ac6ccaa6a675f5,/V1/SN/T/THE.mp3
1a0960cc73d39f6bab665949a866cfd5,/V1/SN/T/THH.mp3
c323deaf5a84a3edff01de9c0f27642f,/V1/SN/T/THI.mp3
7fc78be0eaf2ab69f8214103f65f47ca,/V1/SN/T/THL.mp3
dfa626cd0c3db7cb2b9112c5ff9e241e,/V1/SN/T/THO.mp3
b8ea7ccd651f58aef3e18123229e7d2f,/V1/SN/T/THP.mp3
4c328407a348391412e8c041f660814a,/V1/SN/T/THS.mp3
00f25d0136866e324d8e1cc2faf01697,/V1/SN/T/THT.mp3
d21bdbcebb3a831e777c672413bc7294,/V1/SN/T/THU.mp3
14ed315fd994a5d12f240ea1120c30e7,/V1/SN/T/THW.mp3
7dce7660d7a4408233def57057819a25,/V1/SN/T/TIL.mp3
24fea090332d9cce0e48c9d3c5f0d469,/V1/SN/T/TIP.mp3
e2588e3f368546e55302d886651a9c4c,/V1/SN/T/TIR.mp3
a42900f92402618ad38f0364cfe56fed,/V1/SN/T/TIS.mp3
14919067d2b63a0e606dc517e2de05df,/V1/SN/T/TLB.mp3
2fae9d1571a0751aaee71012166d8496,/V1/SN/T/TLC.mp3
dcaaf5a80b8eac1b80fd9a2869134537,/V1/SN/T/TLH.mp3
3e14292f6c5d5c905bdb1e7bc4767922,/V1/SN/T/TLK.mp3
c35e532ce293074a071fca485e5472b9,/V1/SN/T/TLS.mp3
9a3ab8cbcaa7bc4cda88e59e194620ad,/V1/SN/T/TMC.mp3
2f733c0498660962e29037d20a9c3082,/V1/SN/T/TNA.mp3
c60ff8a31fefbf93b479408bceb10453,/V1/SN/T/TNF.mp3
0a547437ce0e8115019cce63b4235a2d,/V1/SN/T/TNN.mp3
946fe2fbbca5b3b18b68fd782ee68771,/V1/SN/T/TNP.mp3
e793b755777ac53eaa4a69f265399bfc,/V1/SN/T/TNS.mp3
3d3e87a82e10aba33755e1fb013bdfa0,/V1/SN/T/TOD.mp3
aac5b5171f35d97117bdb70d22e01dda,/V1/SN/T/TOK.mp3
5f2501728aac2bb0a4785500c3b25e0d,/V1/SN/T/TOL.mp3
9027879ea4f26c5813b0860fd29e75d0,/V1/SN/T/TOM.mp3
c3b9e37d929cdf275f94afb6bbe8906a,/V1/SN/T/TON.mp3
6585237ec4235c9412c84d8f46371c5a,/V1/SN/T/TOO.mp3
08c2675caadaaed3afb388fce485d928,/V1/SN/T/TOP.mp3
8aa4c250f2e76fac3e4e2b6f41a88f4f,/V1/SN/T/TOT.mp3
ab171b93f79d169d3a02ffa1a7c72493,/V1/SN/T/TPB.mp3
fc36cbbd34aa9480759508b6646b1696,/V1/SN/T/TPC.mp3
28acb40383493cffe5b7afd670182fbc,/V1/SN/T/TPN.mp3
4015b03f4ed1534b625ae0accfc95901,/V1/SN/T/TQY.mp3
6b333032affad1bf8e25698df6ab090a,/V1/SN/T/TRA.mp3
0d763777111b75b052024e4f2e135c3c,/V1/SN/T/TRB.mp3
bf5e1578d4e4d65cf7aa694ac39dc84f,/V1/SN/T/TRD.mp3
b7e1591278c6245923d6c203b4eb7d84,/V1/SN/T/TRE.mp3
6aef5fe925f18f2af2705e274c491aaf,/V1/SN/T/TRF.mp3
ae6d3d23a8dca32f348150e3d2297e05,/V1/SN/T/TRH.mp3
47c9a3f46e0afe5a5cc87cd420534305,/V1/SN/T/TRI.mp3
6a24c09c18798f0de833fd07df9f56a6,/V1/SN/T/TRM.mp3
91fd4eeba5d5569032b6ff71a8a87505,/V1/SN/T/TRN.mp3
09515d8fbeea375a1eaf566d6fa2aa5c,/V1/SN/T/TRO.mp3
9a9bcea7fc0b966c88d8a103a3f55bc7,/V1/SN/T/TRR.mp3
5058e2bc58ffcd525b438507709523a8,/V1/SN/T/TRS.mp3
85e8e9791b8e3019bd556957836db69b,/V1/SN/T/TRU.mp3
cfaae49c140b3b50e33e90ebf7cbba4e,/V1/SN/T/TRY.mp3
b32261019a2f08f282f62bc39f1d2592,/V1/SN/T/TTF.mp3
5c6537bf6ac4691cb8c1addc0c3cf7be,/V1/SN/T/TTH.mp3
52fdc109278376eaa14a691e3f06e8c9,/V1/SN/T/TTN.mp3
7bb82b4fbe95fd215c288a63b40217e6,/V1/SN/T/TUH.mp3
7bcfb6186240b57b5688b084309ff80f,/V1/SN/T/TUL.mp3
6a804e89510334bd797bfc467531d0fa,/V1/SN/T/TUR.mp3
1dab0659f4fb577e2e10c052c378254b,/V1/SN/T/TUT.mp3
f477be9f20002173d51641892b95ddc8,/V1/SN/T/TVP.mp3
efa8f0744041235131126d6686c68d75,/V1/SN/T/TWB.mp3
f904351f41fe21ae825054a91719afe2,/V1/SN/T/TWI.mp3
7391f0b15328292d6e528473a4529669,/V1/SN/T/TWN.mp3
f25f54700231fa51397221479ded38f7,/V1/SN/T/TWY.mp3
672a0efddb49d5f4560fee1fd326ee4c,/V1/SN/T/TYC.mp3
3dddbff145264f30fdb631fd0d136bdf,/V1/SN/T/TYG.mp3
6c8bf2a9783da1ee7368b1a63d1dcde5,/V1/SN/T/TYL.mp3
d6c625f07399787c8e0c48b1151238f4,/V1/SN/T/TYS.mp3
1780ec389b08d2c9ca8a84d43d4ca58a,/V1/SN/T/TYW.mp3
bfbc23d9a42a6a082ff811b704bae5cd,/V1/SN/U/UCK.mp3
53ee4bce9514383f5d08272edd161981,/V1/SN/U/UDD.mp3
25fe1ca91d3eaeb2ab8e2388a16db86a,/V1/SN/U/UHA.mp3
a90b88344de4648c9fe191b0c384d7fa,/V1/SN/U/UHL.mp3
c24e7280a8b2227f23b6bf536cac5b56,/V1/SN/U/ULC.mp3
8c59f121880d43c0470560c316a3ecd2,/V1/SN/U/ULL.mp3
f7163f04f20eb261bc41cba63b77c50b,/V1/SN/U/ULV.mp3
ae14547a7e47517097717de61714278c,/V1/SN/U/UMB.mp3
a0a6be8734f4741bd084718842aa47d1,/V1/SN/U/UNI.mp3
6e3daccdba359b62f6bc1684c04e7870,/V1/SN/U/UPH.mp3
1a6517cfc21c317232732bc4f6961249,/V1/SN/U/UPL.mp3
baa91997a715e14d61cb652cd5fdb843,/V1/SN/U/UPM.mp3
3bc95c20d8e2824e4d94c4644523418e,/V1/SN/U/UPT.mp3
f4aaf9a31c970fae039f02f4dbf4e5d9,/V1/SN/U/UPW.mp3
fd612da1528c4f72b0be82f7d6e7024a,/V1/SN/U/URM.mp3
073413a2cd4930b6de69c9186f7d83a3,/V1/SN/U/UTT.mp3
6b19e2c3e171aec5ef5f934c6e74013e,/V1/SN/U/UTY.mp3
2676ecb78763846b3171ac6786a41d48,/V1/SN/U/UWL.mp3
75ac36a6e12ac1531d08dca15c1c69d0,/V1/SN/V/VAL.mp3
e261f16ef79b95c43e15df36dcfe8588,/V1/SN/V/VIC.mp3
acba98a05ad9ff2f1e5af88f3b3f8f37,/V1/SN/V/VIR.mp3
666e1ea5d201369115cae532f8158a38,/V1/SN/V/VXH.mp3
09ab4f15e87cfb23fe64f0e0752c45bf,/V1/SN/W/WAC.mp3
3528c57ae8e79d1a0188d2f6097c7744,/V1/SN/W/WAD.mp3
da363887c87981af5a4f78c9be405384,/V1/SN/W/WAE.mp3
6fedeb50777f1e56a6e85fdebfd2ae57,/V1/SN/W/WAF.mp3
730638973e6c733f504af8ff0312908c,/V1/SN/W/WAL.mp3
41892bfb0a4be5a0bb19b7fd7f8cab91,/V1/SN/W/WAM.mp3
d1414a5e8f16d77654b0305f08d7f4ae,/V1/SN/W/WAN.mp3
765365d2553cc1c3dd9e8e67f7675951,/V1/SN/W/WAO.mp3
dbbd954b931c6e3523d910794d225c1c,/V1/SN/W/WAR.mp3
88868461060b059936b70d72a64af468,/V1/SN/W/WAS.mp3
bb699134af1959291a17aa2eb7fe0eb4,/V1/SN/W/WAT.mp3
20e4937c816f52f18371a711cd13a08d,/V1/SN/W/WAV.mp3
4e084cfb96a9c2b9b6bb8277a4cd6a82,/V1/SN/W/WAW.mp3
3d476528b93d87898a214287ec9784f8,/V1/SN/W/WBC.mp3
ee2afd07b89c326cf63564e679f8567a,/V1/SN/W/WBD.mp3
0d1a64c30132618f646f73a739a6d1ae,/V1/SN/W/WBL.mp3
72c84164da15aa7ec3aa2cf69ddc9046,/V1/SN/W/WBO.mp3
405bd9db6bc45af8a4431ad3557c8564,/V1/SN/W/WBP.mp3
4b18e26bedf6fc45e0c9c0950989a2e9,/V1/SN/W/WBQ.mp3
4cfc0eef02588b37c453b6d81044b655,/V1/SN/W/WBR.mp3
9bee7afaf01008d20fc0fc367ea06e9d,/V1/SN/W/WBY.mp3
31ed31e4a6b91a1767082869cd02fcf4,/V1/SN/W/WCB.mp3
7c226390aeb61b9aaec6058eaa4da8ae,/V1/SN/W/WCF.mp3
425cf14cfb6038a55209bca4ceb09330,/V1/SN/W/WCH.mp3
015f4453cf8f6e8b9e248bb0e4911496,/V1/SN/W/WCK.mp3
336a0703abac0b1c468131837d6ba149,/V1/SN/W/WCL.mp3
20001028942db1cc831e015c5a07ab5d,/V1/SN/W/WCM.mp3
1d62ba59ab7c60a3da9a0424a25bc5f1,/V1/SN/W/WCP.mp3
c4701701a53e9a9064d8b32ada0db9c0,/V1/SN/W/WCR.mp3
1a8e0c1dd5ca71852b2e0ee9e11dff40,/V1/SN/W/WCX.mp3
ce90dd8b00d4ae635c5ee25d939832d4,/V1/SN/W/WCY.mp3
d8a44c14e0a0dd474ff582d61a4b20c3,/V1/SN/W/WDB.mp3
6bdc3ee263db78feab163c2a6fdb4d1a,/V1/SN/W/WDD.mp3
bfd716951cdec98bc8a0e89603728e17,/V1/SN/W/WDE.mp3
1da38a2adb6ba1d70e7cf75351190386,/V1/SN/W/WDH.mp3
e7b279cf440e8548c3fcaceec6cebcfc,/V1/SN/W/WDL.mp3
82e9994594c1e1b61e349f6a11cb6e88,/V1/SN/W/WDM.mp3
5b9b1969cfeb83dc2bc3fc5a2008095d,/V1/SN/W/WDN.mp3
440d41c6f34da396497ee0c872f71951,/V1/SN/W/WDO.mp3
b3acd6be47d407176e1cebab2eb4a211,/V1/SN/W/WDS.mp3
e04fcd94f9fe1c0c66474296587179ef,/V1/SN/W/WDT.mp3
ee2be4116bec65b19b8406ffc9a43e43,/V1/SN/W/WDU.mp3
19a478e5bfc70a39bac95bd6214a8426,/V1/SN/W/WEA.mp3
ce868efd71db8e7eec10a27fe2a313be,/V1/SN/W/WED.mp3
8f2786124cebda9a8ea9938659afa42e,/V1/SN/W/WEE.mp3
592693c8db6c11ecabe5d87475c5fc86,/V1/SN/W/WEH.mp3
48aecc0f5bbd88725dd38bfb519b7ec4,/V1/SN/W/WEL.mp3
b36933b6ec41e684a9d023447cdae276,/V1/SN/W/WEM.mp3
966170308bb78d17b5b3e951c6400bd1,/V1/SN/W/WES.mp3
70da679b26f403664b5b493c59ea0c4f,/V1/SN/W/WET.mp3
844c4fce6b52a407b67af547ea4199ec,/V1/SN/W/WEY.mp3
cb8807b77afd9a7182dfd71162feee97,/V1/SN/W/WFF.mp3
4c0244fe649b80034c346fc9abaee027,/V1/SN/W/WFH.mp3
0c134ffeff5053f9330b85454d1be799,/V1/SN/W/WFI.mp3
1b74c3087b5a57d27bcdfa442fed198e,/V1/SN/W/WFJ.mp3
3048d6bd16b7b16ed07a6eeaed178944,/V1/SN/W/WFL.mp3
3dd9bc58efd108f0f927f4480effe5aa,/V1/SN/W/WFN.mp3
edc0f6e194cd1fbe645e086d98f624c4,/V1/SN/W/WGA.mp3
bd6d9eff03defb284419696098964b4b,/V1/SN/W/WGC.mp3
650d36f29b037f7cd445f78bf183a18c,/V1/SN/W/WGN.mp3
41316723c4f38cd3d74c4d615a6afe14,/V1/SN/W/WGR.mp3
da56df3edf33a24c7a42931d548c9229,/V1/SN/W/WGT.mp3
e8f9dd68444e3efd8f5e41a669132748,/V1/SN/W/WGV.mp3
a74444fc104ba2ae5f56e2915477177b,/V1/SN/W/WGW.mp3
4b0398d5dc98565bb32c1cae55406303,/V1/SN/W/WHA.mp3
682f6b34a205c6d5b72bf1e00a3fec12,/V1/SN/W/WHC.mp3
5977d7b0371693786fdf26b1d89a1bd5,/V1/SN/W/WHD.mp3
c3b897174d3969f00411723ca3f961c8,/V1/SN/W/WHE.mp3
702e0391b6ada616dc959218edeb7e8c,/V1/SN/W/WHG.mp3
221d0a740bd200ca125531262da2fe5e,/V1/SN/W/WHI.mp3
66c2e0ae0941a4d60a9a3472c7c07cd8,/V1/SN/W/WHL.mp3
0043c874266faff5fcaff58e1043c3b3,/V1/SN/W/WHM.mp3
acd4c5df13f82dadeece9c35ad443114,/V1/SN/W/WHN.mp3
1c8e8193557921e4adb578cd954f115b,/V1/SN/W/WHP.mp3
041e4cf0189e9f166dc7895202a0ef14,/V1/SN/W/WHR.mp3
0cd259df38f40e20496a848e2c71eea1,/V1/SN/W/WHS.mp3
3de295775206d5400c570b4d02f95ad3,/V1/SN/W/WHT.mp3
71da6122156b7599e980c1b3ca22c5a3,/V1/SN/W/WHY.mp3
19fc8cd57fe392aec8156e16e010d6b9,/V1/SN/W/WIA.mp3
e66b2b69b6900686c695f918e8131f70,/V1/SN/W/WIC.mp3
9016fe902ac3d7a735d0ded708c6f145,/V1/SN/W/WID.mp3
57e434664a65863cd39da77f852cb32f,/V1/SN/W/WIH.mp3
b7b2d7d7b7d6c0483a907fe85a66f762,/V1/SN/W/WIJ.mp3
0f2dbcbfcc27a1738ac2155a2db450ca,/V1/SN/W/WIL.mp3
a0ec49625853e7ee8baf4d44a5a5d9d2,/V1/SN/W/WIM.mp3
212d75915b9f19c919ea23a8a07cda7a,/V1/SN/W/WIN.mp3
410fffab8d597854cf1ed010833cf5af,/V1/SN/W/WIV.mp3
05ec5dd407c9383e4510140591daffe8,/V1/SN/W/WKB.mp3
73246f9f7c192a90ebafed611955189e,/V1/SN/W/WKD.mp3
6a3625139bab5beba0e331c47ea1b569,/V1/SN/W/WKF.mp3
558252378cb2b6155ff7f950741aeaca,/V1/SN/W/WKG.mp3
cd3861341b201b30f63b7345bf2c5dd2,/V1/SN/W/WKI.mp3
cc1e1164b5175ec41499a551c0a45540,/V1/SN/W/WKK.mp3
c021634899840e6a9dcd42cb992dea17,/V1/SN/W/WKM.mp3
dc54d0513e0bff1798de1e61e62b333b,/V1/SN/W/WLC.mp3
40f75c345ed43e76cd9805aac0150769,/V1/SN/W/WLD.mp3
669dc984021cf621dcd9cc797b003ae2,/V1/SN/W/WLE.mp3
96cf7da0966c896a62dbc65f8459cffc,/V1/SN/W/WLF.mp3
14c4b46a25e423d5f156fe5a6e88560c,/V1/SN/W/WLG.mp3
9d934c19d36950dc3e3ad222366b1ecc,/V1/SN/W/WLI.mp3
2c45e219b8a1e89dc6902396d52dcd58,/V1/SN/W/WLM.mp3
bbbb8271f166281a90b3bfd6b7c73049,/V1/SN/W/WLN.mp3
77d8c8558ba40e11d3a1f9bb4ee5df61,/V1/SN/W/WLO.mp3
70ed1170bc657d9fdf075461bbc8631c,/V1/SN/W/WLP.mp3
12fba2d57f4800a469f749594716c963,/V1/SN/W/WLS.mp3
17398ea558365ce120a82d6a3eb3cff5,/V1/SN/W/WLT.mp3
2e64d47029e4f8fab5b3f7e62cd2116e,/V1/SN/W/WLV.mp3
1b37d2a2c10b7a7c8a0be67f7cdfdc2c,/V1/SN/W/WLW.mp3
29c7e2bdcba9eff9e3970a5439304926,/V1/SN/W/WLY.mp3
d71d6014f3012fea86bd0c27f2df6ffe,/V1/SN/W/WMA.mp3
58f7418ec48d93acba10301814633fe5,/V1/SN/W/WMB.mp3
32057eddf9c7c577ae922d0145c78971,/V1/SN/W/WMC.mp3
a6e4d3c82bc73b87086dc65cf6aa3fd8,/V1/SN/W/WMD.mp3
c57a18547dc99293d37b9550a5216c53,/V1/SN/W/WME.mp3
cc2e12490ac211ed38f719d74cd4d0bb,/V1/SN/W/WMG.mp3
c5b0db1d52bdf6031491ea143d88fa45,/V1/SN/W/WMI.mp3
df8c0f3d2f100ced55b11e3475ea8881,/V1/SN/W/WML.mp3
38ff90a4e33da03314dbb9342a4fc3d3,/V1/SN/W/WMN.mp3
aadd337a7b4eca23cf946b45a0b248c7,/V1/SN/W/WMR.mp3
cf0a136906fd236d96dec45908a001a2,/V1/SN/W/WMS.mp3
660888f03af7fc2a3504044fc68ae743,/V1/SN/W/WMW.mp3
bed0f208b4f6739bb53b74c6df73dfd3,/V1/SN/W/WNC.mp3
63813eac4559501b38d9455e397a8175,/V1/SN/W/WND.mp3
b6b337bd1e98223e524380aa0b379068,/V1/SN/W/WNE.mp3
35b114ab86d03a6d537e510392af7b98,/V1/SN/W/WNF.mp3
040a2170c28c07733a72fef80f9ce537,/V1/SN/W/WNG.mp3
e662dd36ddfcd142f88fe4dae9b22f99,/V1/SN/W/WNH.mp3
ade3acb31cf0e08635dc53aa73aad232,/V1/SN/W/WNL.mp3
95d0c02048bcd1bb00322f9b2a7a165a,/V1/SN/W/WNM.mp3
978297e395720891d7419f1899171903,/V1/SN/W/WNN.mp3
1f186a89f086647804be3044c2f5f21b,/V1/SN/W/WNO.mp3
6c916b276b6fa8b8e5278ac5fcf8be61,/V1/SN/W/WNP.mp3
61575509cc11b3d32ac05e5d1edc763d,/V1/SN/W/WNR.mp3
aa730dde93e408c7b4baef0bc9a3b685,/V1/SN/W/WNS.mp3
00bebb120eb2aaa96e8874189cd8a486,/V1/SN/W/WNT.mp3
c614ace1f167153c16c32f4a73741927,/V1/SN/W/WNW.mp3
e9787dc280b5a91ee5711ee8de1bc983,/V1/SN/W/WNY.mp3
f08987b9710d3a3b7f85bbfd5458a18a,/V1/SN/W/WOB.mp3
0e867f177fa413b63492951983e4700b,/V1/SN/W/WOF.mp3
906083bbd919bb93672ca8e532adf958,/V1/SN/W/WOH.mp3
fc863613f20a7ec12c116375f2291d3e,/V1/SN/W/WOK.mp3
c83ae03f21850b78f6be74baf31db362,/V1/SN/W/WOL.mp3
b44f169afc0f37d58744bbe2bba0e54c,/V1/SN/W/WOM.mp3
47465239afc34649fdf147a75ff6547b,/V1/SN/W/WON.mp3
0d4c426e555342b467c6924dd09e0cf1,/V1/SN/W/WOO.mp3
f34c6f529c08e16ea6fdfffc61570b29,/V1/SN/W/WOP.mp3
c12417c335b6cc66ef72dea9bd4fb1da,/V1/SN/W/WOR.mp3
0acc442b727206da37beed8dab49e787,/V1/SN/W/WOS.mp3
1c2c0e0ad52fc8661dec16d88243432b,/V1/SN/W/WPE.mp3
862caea0f2a5c4f09e023cb196bc99d3,/V1/SN/W/WPL.mp3
c19414bd53f804be47b410194b242d8b,/V1/SN/W/WRB.mp3
7e5e17579a30c23b4bd9898742d72cc0,/V1/SN/W/WRE.mp3
f959294c260d356a8e0c55a129d1fdce,/V1/SN/W/WRH.mp3
37d74641217ec406883c143f754e853f,/V1/SN/W/WRK.mp3
d61caeb09603f1ff93535d9878738548,/V1/SN/W/WRL.mp3
fa7dbcfb4442b01ece0a7844a164f3c2,/V1/SN/W/WRM.mp3
78fac9ad87aecf0f68c33e26ead93bef,/V1/SN/W/WRN.mp3
71850c60a19eaa505e4ed588285d15a7,/V1/SN/W/WRP.mp3
e84c3a1fac091578c18c26b09229d8d9,/V1/SN/W/WRS.mp3
8ce0d8e3980643d42d9fda1b37c9f7ad,/V1/SN/W/WRT.mp3
0a45840d18d0636102a390dac5fe814e,/V1/SN/W/WRU.mp3
b295c044afdab19c582c029cf327d12c,/V1/SN/W/WRW.mp3
5a178ac9f73a03a7496f6dfdb0be0d28,/V1/SN/W/WRX.mp3
11c7e5b45d793952645edf45cae2cb35,/V1/SN/W/WRY.mp3
8275f0602b936e8decf4cb87b245c624,/V1/SN/W/WSA.mp3
0d144e3c9f0b37dad648ce8087496962,/V1/SN/W/WSB.mp3
6489b58414ef8bd20554ee08a6ecb342,/V1/SN/W/WSE.mp3
b063eef525757b0f38b94b7a91bd5ba5,/V1/SN/W/WSF.mp3
614814c4f267db3c1826fa7c8d5509e9,/V1/SN/W/WSH.mp3
2707ff9ffbcd23d420809d5f6c574eea,/V1/SN/W/WSL.mp3
3fc0e4a00e2ac91dbbc83bc9b9f74ed0,/V1/SN/W/WSM.mp3
4ed517b5f515c8f453357f8f4865d1d5,/V1/SN/W/WSR.mp3
a3f1571845bbd6865f535dce8f9953b9,/V1/SN/W/WST.mp3
1bb22f8780a9fae07f64c77f30aedb95,/V1/SN/W/WSU.mp3
274af6fa4fe0ee0ee6f097a3ad26ec96,/V1/SN/W/WSW.mp3
78cb97765d6345d5d70bae0ddc814daf,/V1/SN/W/WTA.mp3
ad71d29a65e884ed846c0df5f95bb377,/V1/SN/W/WTB.mp3
ee8dae43a9b3a68d4f00d31775be2b59,/V1/SN/W/WTC.mp3
9f118278d0e575c8409297220ca36d44,/V1/SN/W/WTE.mp3
ff9d877fcb8ff1dda2ec03bd8c43af84,/V1/SN/W/WTG.mp3
c68a90b455a2e25d7937a90f8fea1b5a,/V1/SN/W/WTH.mp3
af4fe303a6fb0accebe219b9fb275aa0,/V1/SN/W/WTI.mp3
5e65aa196d6cd0fd68054ea8c465d920,/V1/SN/W/WTL.mp3
affeb45c1e1d12c2c63d6efb599afb7d,/V1/SN/W/WTM.mp3
3161d363388c3a3478790c0d12619b4e,/V1/SN/W/WTN.mp3
338e2cd31994a6a66d756791c0f9e1a6,/V1/SN/W/WTO.mp3
a8ced990a8c7eea3e6cdb13e4343a0fe,/V1/SN/W/WTR.mp3
8be1eed70bfdac67ad68154ee376435a,/V1/SN/W/WTS.mp3
8c04670ea009678191357e0035d6708c,/V1/SN/W/WTT.mp3
dc2ccb498d41cd0b864b35cd2dbdfeea,/V1/SN/W/WTY.mp3
5ecf8958dc538947b2b56c8f75479194,/V1/SN/W/WVF.mp3
e7398e4f6e6267281433e8063e401d00,/V1/SN/W/WVH.mp3
ed9d9e26449d88b894fb95c638da8809,/V1/SN/W/WWA.mp3
e945039a91398d0de0cd46453430c4da,/V1/SN/W/WWC.mp3
af30689e29807339ade0a1aa1e704e59,/V1/SN/W/WWD.mp3
2e09b797eed2a0190f6421147a9c521e,/V1/SN/W/WWI.mp3
8fe6744c3b2129282007829eb677c363,/V1/SN/W/WWL.mp3
3294ffaabc1b3f8f3813e8ac294270bb,/V1/SN/W/WWO.mp3
c38a885ea277449c6bb140b4fa874cae,/V1/SN/W/WWR.mp3
6783ba00536a29e401a5c850f2f03250,/V1/SN/W/WWW.mp3
f36649810ff6112cac120d205e68ebfb,/V1/SN/W/WXC.mp3
38856a6ab8b10b7173855018f1f25070,/V1/SN/W/WYB.mp3
19a1d49019d17d4067d45c4e381d2bd7,/V1/SN/W/WYE.mp3
82bf2452dde00b80fbb5cd4c494b394a,/V1/SN/W/WYL.mp3
6f4b4e857a724244583d84fa0126d048,/V1/SN/W/WYM.mp3
9d3b681c9d72d8e8b28b3ce560ffc4cc,/V1/SN/W/WYT.mp3
f1dc5e89bc6810943943bf84a1495499,/V1/SN/X/XFG.mp3
a1a83b3dd9f33e690e015693602f9148,/V1/SN/X/XFI.mp3
5341dc9f62d57651ff85590f11d2c659,/V1/SN/X/XGT.mp3
7196a7123804ff862d6c454e6557bce9,/V1/SN/X/XLB.mp3
b6cf25d8a13ba0b483df551304f373ea,/V1/SN/X/XPB.mp3
c06a9af7267778c448390947716b4109,/V1/SN/X/XQB.mp3
4763a670ef736cbf335778c72018da9b,/V1/SN/X/XTH.mp3
5466d074ea8d4c68e7efe9c40ee963b6,/V1/SN/X/XXT.mp3
576ea8d7ee987a37c3ea2ccee40a5b85,/V1/SN/Y/YAE.mp3
820e48825f2a1c709fa483e79fb3921c,/V1/SN/Y/YAL.mp3
897e5e6450d805bc8f5204d8d473ce1d,/V1/SN/Y/YAT.mp3
d256dbe42bc9e398232df1d817010009,/V1/SN/Y/YEO.mp3
29ff4c8b3e1d62024bd078b6a7a77b55,/V1/SN/Y/YET.mp3
2401c38c948849379ae08c4f8e21b498,/V1/SN/Y/YNW.mp3
d84953d600e8fe09a2c3000cd3716666,/V1/SN/Y/YOK.mp3
f79564c7690e2e5f6a35df80050f5b3c,/V1/SN/Y/YRD.mp3
a17f4a29daa13b2e55437fce49549ebc,/V1/SN/Y/YRK.mp3
d95e3d99003268709b39a5b22bae8389,/V1/SN/Y/YRM.mp3
3806f86d85339db5006fc4fe76b649a9,/V1/SN/Y/YRT.mp3
92bf66904de7b86a5c5e2edff5bfce3a,/V1/SN/Y/YSM.mp3
43a33cdd22463275e0a5e1cf24736dc7,/V1/SN/Y/YSR.mp3
d205c0eea3603a843be37a1c0a0fd538,/V1/SN/Y/YVJ.mp3
27181fad50d8e50aaaab5cd3bab5dc39,/V1/SN/Y/YVP.mp3
819acef73f833253d1de9fa026ef6d5a,/V1/SN/Z/ZCW.mp3
f10b2b832adf459d3688739cdc11c2ee,/V1/SN/Z/ZFD.mp3
632cc05f590e7e5a6cb990515d45fcfb,/V1/SN/Z/ZLW.mp3
67b4d1357fe5d20d1815382739cf9576,/V1/TL/bakerloo.mp3
983aa15810e75d6ac8e6224c4ff7317c,/V1/TL/central.mp3
23b8c0b7e9687cb8ff80798656a1832c,/V1/TL/circle.mp3
bc3f4776e76ee04133bead663685b02f,/V1/TL/district.mp3
6d6ac34408a0f235104dceff05cdb0d2,/V1/TL/dlr.mp3
750c8f64460d35f9cffc351ae5af64a5,/V1/TL/hammersm.mp3
7679438f50ba866a0e378d353c15a0ea,/V1/TL/jubilee.mp3
eb1aa3bce41a641a7b86529fadd67ca1,/V1/TL/metropol.mp3
2bcdbf3b5458f0a9cdef705eca84aeee,/V1/TL/northern.mp3
84595e601cdb01b27498e3c84f0b6c91,/V1/TL/piccadil.mp3
49b2db29b50d561b7ac0467605a27745,/V1/TL/victoria.mp3
9940a8b9432fb05a601068a418c843ee,/V1/TL/waterloo.mp3
abd0cf2f79be72f4ac752983699baeb7,/V1/TN/ZBPSUS.mp3
f04fd4acdcda0dcbf99f025fc6f0fea8,/V1/TN/ZDLABR.mp3
5cd3769774b6ac28873627cabb4c5b47,/V1/TN/ZDLALL.mp3
18caf4293f384ab00474a8aadd709b14,/V1/TN/ZDLBEC.mp3
bf9efc327c0cb7d23428cb2ae88b5284,/V1/TN/ZDLBLA.mp3
2bc67f5c2a0407291619f039baee6128,/V1/TN/ZDLBNK.mp3
c506d0d7dedc86bd7de6d35449a5f36b,/V1/TN/ZDLBOW.mp3
87f61de91fe22d563696ef63911cb54b,/V1/TN/ZDLBPK.mp3
f3fab1de57d8ac548cbf8364266391d9,/V1/TN/ZDLCAN.mp3
0ae34c95b151b25c5c425b873a003fd3,/V1/TN/ZDLCGT.mp3
9d8c175331b6c36f5bb1e804652d6bce,/V1/TN/ZDLCLA.mp3
8bfde8f289b657b9b0d73f52d9402666,/V1/TN/ZDLCUS.mp3
2a8b67645a1dbdcf7c1cd55c87b02991,/V1/TN/ZDLCUT.mp3
b7ff53349db98de3084aeaa4dce912ad,/V1/TN/ZDLCYP.mp3
969e15640518980fcba1778fd3ee1963,/V1/TN/ZDLDEP.mp3
c6dd8d1e239e242a4faf6f1f7d4b68cd,/V1/TN/ZDLDEV.mp3
f86a2187a662f5c4a4759a857026aa0d,/V1/TN/ZDLEIN.mp3
37e443a6528bec9c392e3e6de099660d,/V1/TN/ZDLELV.mp3
3a0aef1b48c42d628f94a0ed6e6c382b,/V1/TN/ZDLGAL.mp3
d2bcbd061743842f4eebc1a39ec81ef5,/V1/TN/ZDLGRE.mp3
4e2b1290dc7824e2e2e9205c986d03d0,/V1/TN/ZDLHEQ.mp3
37794dd04ef53bb7d970a1e5da6b2b85,/V1/TN/ZDLISL.mp3
d069096bd6be1aa230c2992950d550ff,/V1/TN/ZDLKGV.mp3
bd1afc3c87faebf271b15f1f522bff79,/V1/TN/ZDLLCA.mp3
44c7c777b379c2d241418727accd4873,/V1/TN/ZDLLDP.mp3
3da04af46a071471874d698eaec8f68d,/V1/TN/ZDLLEW.mp3
12df693d0e5ad17732ea05c8ff04ace3,/V1/TN/ZDLLIM.mp3
3dd56271177a8c3f34009705b8e4bdbd,/V1/TN/ZDLMUD.mp3
58dc8d59b4cc8d05fc009690075d5631,/V1/TN/ZDLPDK.mp3
1fc2ff6c0389cb8f6baccd7d893d53b3,/V1/TN/ZDLPOP.mp3
5640547120b7132c131d64130f0efdf8,/V1/TN/ZDLPRE.mp3
68d4098f1a26b943a9d0cec2b7f83bc6,/V1/TN/ZDLPUD.mp3
981c925b7c4bbe8c2ba6e65d4a694a40,/V1/TN/ZDLRAL.mp3
96b61ffa2e57dc5603fc28096d6c89d8,/V1/TN/ZDLRVC.mp3
625c7b000b8b2cf8323e0f3f61204d8e,/V1/TN/ZDLSHA.mp3
1de68569964ba2aa384e11b3fb2a2e7a,/V1/TN/ZDLSHS.mp3
9acf2620dfedd870fdc0f7f60b0f5a5c,/V1/TN/ZDLSIT.mp3
b7dfe52aa7e815ccb7f058bdacc8e011,/V1/TN/ZDLSOQ.mp3
132f2c5ba0e1dfacaf9c29022f846ce6,/V1/TN/ZDLSTD.mp3
5f76c1b8b38b78be4b1a2af3c59635ce,/V1/TN/ZDLSTL.mp3
ac93af96a071c2e52aad247ae2af489d,/V1/TN/ZDLTWG.mp3
6742343fd5119d6956836318092089d3,/V1/TN/ZDLWFE.mp3
a6c75ce89f7437de89f00a02fdb4c2bf,/V1/TN/ZDLWHM.mp3
d54eb5d90653eeaef9ea9838bd7e7ada,/V1/TN/ZDLWIQ.mp3
ece927db82f8034ac3cfc5593c06aad7,/V1/TN/ZDLWLA.mp3
56fae5440555b950544766a82958a24e,/V1/TN/ZDLWSV.mp3
eb47353bbfb81694a01ee7f645d25b59,/V1/TN/ZLUACT.mp3
2c9eff28397657c3572bf8bdc4c006f0,/V1/TN/ZLUACY.mp3
3f0cd0cb3d036859ce27da41a20b4be7,/V1/TN/ZLUADE.mp3
f3d6d73a3623989b68958b27fe2280b4,/V1/TN/ZLUAGL.mp3
51d66d545d650df8d5f04b3aebe555a0,/V1/TN/ZLUALD.mp3
3f446de054f2f7da1ad4f3f94e0e8314,/V1/TN/ZLUALP.mp3
445237029f1f2d84d2d30fdca68486c4,/V1/TN/ZLUAMS.mp3
aa79ab196a027fab887d9ed4ada496ef,/V1/TN/ZLUASG.mp3
65756d1d3a6216ca93f552925ccdb83f,/V1/TN/ZLUASL.mp3
e7e04dc70ba5ea549a1446d435ff3fc5,/V1/TN/ZLUBBB.mp3
9486bb38fe66755e845010ca98c30de6,/V1/TN/ZLUBBN.mp3
12b781fa3ed0564504854b7215206c07,/V1/TN/ZLUBDS.mp3
3b824785a4a79d9ba8831f4cb3756796,/V1/TN/ZLUBEC.mp3
f5be65ff3af38d6ebee4f844c19c1db1,/V1/TN/ZLUBKE.mp3
4fe6694fe9f48fa1c4a0eb02ae87316d,/V1/TN/ZLUBKF.mp3
ea3fb9e76f2dca25d1f15922128f0909,/V1/TN/ZLUBKG.mp3
7b9a65cefa7e60b26f9d7408e8076926,/V1/TN/ZLUBKH.mp3
5802819fbbd67ee1e3a979ad5c01dd81,/V1/TN/ZLUBLG.mp3
22e1979fd3cef6ae33651142ff18d157,/V1/TN/ZLUBLM.mp3
526497973c0c2f755873e4c3f5178f2d,/V1/TN/ZLUBLR.mp3
0e87f63ec69870c38e29da29d6462ad0,/V1/TN/ZLUBMY.mp3
e3091f87ef399b0101b0818b5527da92,/V1/TN/ZLUBND.mp3
539d6386e7e420ea290163dbefc0f5c9,/V1/TN/ZLUBNK.mp3
4b3cc60e248dd644ccb24e0608444c5e,/V1/TN/ZLUBOR.mp3
0e1f2fea184bdc36663826c68261734d,/V1/TN/ZLUBOS.mp3
224a47ebbe7dab9407eef9e0c759e2cd,/V1/TN/ZLUBSC.mp3
954d5cb4e68e503710d95c74a6dcac6f,/V1/TN/ZLUBST.mp3
1c0a99132cabc9515cc8816f76a1752b,/V1/TN/ZLUBTK.mp3
d44b34711f4eb07ffd04868af738a0e8,/V1/TN/ZLUBTX.mp3
3263c044b8a278cec567358afd8df26a,/V1/TN/ZLUBWR.mp3
ab9af8f1307ec49e7e2fee6b7399499e,/V1/TN/ZLUBWT.mp3
eaa86b6ff231d6c48c48c0f32f8a7857,/V1/TN/ZLUBXN.mp3
88363078993538b9ee1f1adae7b15e1b,/V1/TN/ZLUBZP.mp3
321c45b9aaa31a8ba5577af0fe0962c4,/V1/TN/ZLUCAL.mp3
003fa205587c3ec13ff320b66f33787a,/V1/TN/ZLUCAR.mp3
06a1dd02a935b61ba66b29bb88c4bf42,/V1/TN/ZLUCFM.mp3
757dd48721a3fb078f24c28391ff813c,/V1/TN/ZLUCGN.mp3
f2fefb8ba3a6dc5b55d8f10d9c0c216b,/V1/TN/ZLUCGT.mp3
ce60ecd6f32094af471e6ad2458a0d24,/V1/TN/ZLUCHL.mp3
c25cbcf265c9ca692fe879732d9ff5a1,/V1/TN/ZLUCHX.mp3
40fb9b1af5cbdc3dd25e45d8f3cd204a,/V1/TN/ZLUCKS.mp3
6940df22d93b88cd128c7a26ef831798,/V1/TN/ZLUCND.mp3
10d8c09d9aeab089f69abc8655805871,/V1/TN/ZLUCPC.mp3
408c130479cce9c53ee22c61e9881b24,/V1/TN/ZLUCPK.mp3
dd7a1a9343cc9a4b4fed9cedae4f79d3,/V1/TN/ZLUCPN.mp3
f4e1aa881c9d7e924d4dd3ba442872fa,/V1/TN/ZLUCPS.mp3
3ff8bcb96a42595687ddbb892e4e75a7,/V1/TN/ZLUCSD.mp3
40a7a5bae9e34b75908a6c7e59a4b00e,/V1/TN/ZLUCSM.mp3
08c1d41d59c44255bc23a360af7cfa2a,/V1/TN/ZLUCST.mp3
bdae939d20e7f08cd4d1a3ddea441f01,/V1/TN/ZLUCTN.mp3
35775610dbc6f8175d8b76ca220c1035,/V1/TN/ZLUCWL.mp3
33c9b7f1b3ff53b09ac150f9fc768c05,/V1/TN/ZLUCWP.mp3
8ea9c976f2a117fb796179d810052432,/V1/TN/ZLUCWR.mp3
a67bc03891ba123a41d4adf067d4301e,/V1/TN/ZLUCXY.mp3
bf11c844d623f8536dc7539a68f45e8a,/V1/TN/ZLUCYD.mp3
af1a1ac9672ed7884db91c8c3819bf80,/V1/TN/ZLUCYF.mp3
0ef677c77839444b9f34667d33970783,/V1/TN/ZLUDBN.mp3
b3f8776542f6c8e34a233b7dc9cb97a7,/V1/TN/ZLUDGE.mp3
3a5dcf91a50df45083626faaf2b06e95,/V1/TN/ZLUDGY.mp3
0df7ee7472c66b3f99b99a63b75823bd,/V1/TN/ZLUDOH.mp3
e891d9c67f30466d1e076b9aaae329ba,/V1/TN/ZLUEAC.mp3
5696da0cb5c9a258ac6f822af324d33e,/V1/TN/ZLUEAE.mp3
8b32d1ef14431f0e7878d08e93febd30,/V1/TN/ZLUEAN.mp3
2d094a63e1f806bf215a7ae148aa2d7b,/V1/TN/ZLUEBY.mp3
e1be7e347c5e9a1a0f517e4cbb14015f,/V1/TN/ZLUECM.mp3
c302c6e9453a548e9ea638611d0775f3,/V1/TN/ZLUECT.mp3
120bf6bd9ef3f6d07447a1065a228925,/V1/TN/ZLUEFY.mp3
31325bb3741dbcdb8dad2cae086c9f89,/V1/TN/ZLUEGW.mp3
03b20e1d12f169345f9c7d1a1709eca9,/V1/TN/ZLUEHM.mp3
bad4814c163152202943d0fc60e71ef3,/V1/TN/ZLUEMB.mp3
fd4643f5130edd78c8e8407edef5bbd9,/V1/TN/ZLUEPG.mp3
a91720f9a455bf618df1c3dde5d55510,/V1/TN/ZLUEPK.mp3
43a50604788050d636f4c449488a10ee,/V1/TN/ZLUEPY.mp3
fd403c638829718f48f8f00bc6aa0678,/V1/TN/ZLUERB.mp3
5a593a7e63ccc3f68423b05aab5f6ea6,/V1/TN/ZLUERC.mp3
30c4ef28791b842f3a7c34aa2db58eed,/V1/TN/ZLUESQ.mp3
e19d3cda43ba91960667f553d59d7047,/V1/TN/ZLUEUS.mp3
c0dda1dd38f08442604f855f026d0e67,/V1/TN/ZLUFBY.mp3
036cd345db152226045eca56a9d2d38b,/V1/TN/ZLUFCN.mp3
acb99961c73bbf54a93d4fbf44566baf,/V1/TN/ZLUFLP.mp3
97dedae89efc29382bff80ccc5626ed8,/V1/TN/ZLUFPK.mp3
60daf0960089533aa986b61c1d3b62b3,/V1/TN/ZLUFYC.mp3
fabc8763d7085c8bbe1e6335ea65f177,/V1/TN/ZLUFYR.mp3
c9e99962a5a76348d69c531326f186c6,/V1/TN/ZLUGBY.mp3
073374642846cbfa36438b3d84ef6df8,/V1/TN/ZLUGDG.mp3
d12df251db870e37124bfd34bd935cfe,/V1/TN/ZLUGFD.mp3
cb71c588dce98157c2ddfef83a261fc4,/V1/TN/ZLUGGH.mp3
97068cd9c1715cbaab1d0249214567ca,/V1/TN/ZLUGGN.mp3
0a26b06cd9cdb15c4167c1e021d13257,/V1/TN/ZLUGHK.mp3
d8cc1bc562ee7279770f121af7cb45b7,/V1/TN/ZLUGPK.mp3
3a259aa2263159f13e9d97cdeeebd9d5,/V1/TN/ZLUGPS.mp3
275238df097c73475009b9d3e8c753b4,/V1/TN/ZLUGTH.mp3
eb08e4ee4362dedf326274a6366bda23,/V1/TN/ZLUGTR.mp3
e1dd846e7f389ce4cd6efc3ab8676a57,/V1/TN/ZLUHAI.mp3
05f396f064c4f4b9fbf71aceb8805810,/V1/TN/ZLUHAW.mp3
7a66c22ddbf46ec818d84559f3b7db19,/V1/TN/ZLUHBN.mp3
4999d3d9282b62786bc9c44d295329bf,/V1/TN/ZLUHBT.mp3
a0399bff8dd9629781b752f9501895c1,/V1/TN/ZLUHCH.mp3
93d98912b2580362d8a99eed54265edd,/V1/TN/ZLUHCL.mp3
dee26b34496f88dfad4f9219fa8b5be4,/V1/TN/ZLUHGD.mp3
8b3b4eee91509b101183b3ca472255d3,/V1/TN/ZLUHGR.mp3
bc3cb592bd9605795618a41f79ff4ed3,/V1/TN/ZLUHGT.mp3
b2f44536031453c5e1ab9eddc5e0fe19,/V1/TN/ZLUHLT.mp3
72ca7793bc0994d8a05d11495cb28ee5,/V1/TN/ZLUHNX.mp3
9aae11448f6300c193c3ee9195ac7bbd,/V1/TN/ZLUHOH.mp3
9e3ef35f07b23edd23f0968c199d6de3,/V1/TN/ZLUHPC.mp3
1adbf099f84da46f8bcca25d9cdd2552,/V1/TN/ZLUHPK.mp3
8603db22cb464f4baa4dc138a7884e31,/V1/TN/ZLUHR4.mp3
c9cfc4d3391aec33de1ca9be319c1970,/V1/TN/ZLUHR5.mp3
056dd067bfc5899377cedefcfa07ab5f,/V1/TN/ZLUHRC.mp3
7420fe082744696c7486400859aad0ac,/V1/TN/ZLUHSC.mp3
08305c0d1eef60aef887ad7551524c57,/V1/TN/ZLUHSD.mp3
a68c68dbe96bd269fbe3b8c0dcd16480,/V1/TN/ZLUHSK.mp3
5ea9a5674251e1e175a2e22e4a906137,/V1/TN/ZLUHSN.mp3
6f9faeae3fa257236e88951173bcebbd,/V1/TN/ZLUHTD.mp3
389bca9683efb7bb044286d400cbc4d7,/V1/TN/ZLUHWC.mp3
dd36dad35d6e44de904b829916571cf2,/V1/TN/ZLUHWE.mp3
962456484993c406c05e576f73dd5bb0,/V1/TN/ZLUHWT.mp3
e8fbcc7acedd0a7950b345de2c746888,/V1/TN/ZLUHWY.mp3
c174f674a03ef2f38ebbc5234608ae11,/V1/TN/ZLUICK.mp3
ede4b17527c31f10b28c3f470a6f1b98,/V1/TN/ZLUKBN.mp3
28df219915a630abd259cda3e4fedfe5,/V1/TN/ZLUKBY.mp3
02a2e4212f3fbcf419f76bb09a2ce898,/V1/TN/ZLUKEN.mp3
34edd58b13f782a2d9e87c15c938b6d9,/V1/TN/ZLUKNB.mp3
3c64f0d57a561db02564abf16bbb80ef,/V1/TN/ZLUKNG.mp3
2532d63dab49a6ed73ae4fe3855e1223,/V1/TN/ZLUKOY.mp3
95ab1fa543e82d832f56bd270e655d29,/V1/TN/ZLUKPK.mp3
b1eeace3571e189340eaf324009c60c8,/V1/TN/ZLUKSH.mp3
d5b3abf6cb759a5c9a795a294e2ad030,/V1/TN/ZLUKSL.mp3
7665e7575c6d4691f20ef347a702f233,/V1/TN/ZLUKSX.mp3
df52b0ae9fce7badd8f01044e5ccd6fa,/V1/TN/ZLUKWG.mp3
08e37b6496757661fd7fd25503ff4475,/V1/TN/ZLULAD.mp3
a02a3e5a77a51563e6c23ab73b9bc413,/V1/TN/ZLULBN.mp3
ba0139f01e5392ac6214bc1488d95344,/V1/TN/ZLULGN.mp3
15453c3c5cee714da8b9753e72507fc5,/V1/TN/ZLULGT.mp3
b25e9b8f0ba563b8e1812f87e56d5a55,/V1/TN/ZLULNB.mp3
6f2fc0860b4a2ed556aef196a39a614d,/V1/TN/ZLULRD.mp3
f5b534706952577ccc9bb572b1dd925b,/V1/TN/ZLULSQ.mp3
b141c843b5540623229c1c9bccb4d871,/V1/TN/ZLULVT.mp3
6a89400633a908547d9375e419a98a8d,/V1/TN/ZLULYN.mp3
c28e8fa2b8295bd2685a9036a4754b9e,/V1/TN/ZLULYS.mp3
93bb9d54527f559f1234bdde0eb9c66b,/V1/TN/ZLUMBA.mp3
f8f5915fc2a135c20ef1bcca682bbe24,/V1/TN/ZLUMDN.mp3
534f8470ccec2d36bb498924bcc9acb6,/V1/TN/ZLUMED.mp3
1280b1fd6306f125c27ff0fbe980d4b2,/V1/TN/ZLUMGT.mp3
28b32c3aa1546bd33e709015450e19d3,/V1/TN/ZLUMHL.mp3
923cb6aacdb8027c9d8c7026b9e11ecb,/V1/TN/ZLUMMT.mp3
84f06d1fc81b4916046d713863b97053,/V1/TN/ZLUMPK.mp3
5fcd365c6e610d0d9b6e4e19b78e26eb,/V1/TN/ZLUMRH.mp3
ac227772375c96f820d5cb99f28e5ac3,/V1/TN/ZLUMSH.mp3
8b1d787278d002b50c151a39a3f8e355,/V1/TN/ZLUMTC.mp3
9dec870a485516e16f542c18d69c621a,/V1/TN/ZLUMVL.mp3
e181dd6172d8bcb9c89ffbe5d6b23df3,/V1/TN/ZLUMYB.mp3
d784ebc813f71966b42e1d0096277813,/V1/TN/ZLUNAN.mp3
3de245c1f79b53e09799f9cae03ae7a4,/V1/TN/ZLUNBP.mp3
ff48cabed569fe25b48322d0ee9146d5,/V1/TN/ZLUNDN.mp3
ae65b431a394d7d3b83341f54cb550aa,/V1/TN/ZLUNEN.mp3
f1ebc1b33e83af3c2f186e86dca5c9c0,/V1/TN/ZLUNFD.mp3
0a77099d86c7e5fdc0697593a9040245,/V1/TN/ZLUNGW.mp3
346093ffa936a4c0c677b3bf92d45ba0,/V1/TN/ZLUNHA.mp3
efeec23c57114279cce0c4a68b22e308,/V1/TN/ZLUNHG.mp3
2acb09edc1f4ca1ab5cc07cf770e7d6d,/V1/TN/ZLUNHT.mp3
88ba20f4b98dc9bba87b823b42cb7756,/V1/TN/ZLUNKP.mp3
b59a260b81f0f0f997999568d58a6a56,/V1/TN/ZLUNOW.mp3
3cb4cf576d81042e800fece2f158e957,/V1/TN/ZLUNWH.mp3
20186e9016917bce32a6c0503565550a,/V1/TN/ZLUNWY.mp3
99da08ef57793945486b3aa048ebbf0b,/V1/TN/ZLUOAK.mp3
13301cfcb0b21d0f834fc4300d1fc503,/V1/TN/ZLUODS.mp3
30b3aeebb2cf430336084012c0de382e,/V1/TN/ZLUOSY.mp3
7a65a7be38a78a469fb7a22b6d3d643b,/V1/TN/ZLUOVL.mp3
0f296217a890da391ce4568a8488a2e1,/V1/TN/ZLUOXC.mp3
4256dfea61c79f6c2946b7e020a19264,/V1/TN/ZLUPAC.mp3
1dbd9b3e5e807ca4fd4e33a3debf022d,/V1/TN/ZLUPAH.mp3
a997557e885bffda08d4d93e206e9440,/V1/TN/ZLUPCC.mp3
97d6bd28decc2b87f2ae3fd9e7b5bcb6,/V1/TN/ZLUPCO.mp3
17502ed875920de226b9b99b7879adb7,/V1/TN/ZLUPKR.mp3
822b6a52bde52b8015a76eb92b0f644f,/V1/TN/ZLUPLW.mp3
f2bec1741fb09d5f13dbe4b5e5208708,/V1/TN/ZLUPNR.mp3
f9502ae6b281f5cb0763df996678e745,/V1/TN/ZLUPRD.mp3
19976eeb3fca49a297c0c1301a1ebe01,/V1/TN/ZLUPSG.mp3
068185b27ce1bfb37b57fb15efca9d61,/V1/TN/ZLUPVL.mp3
c558ae758e11dda9e06f7dfa71992ddb,/V1/TN/ZLUPYB.mp3
5190a33c086260d0bb5448c5e20be988,/V1/TN/ZLUQBY.mp3
ca0f96f826fa9c45646b12636b6d30ec,/V1/TN/ZLUQPS.mp3
7da9f11fc9609ed48c1d2b67158f9269,/V1/TN/ZLUQWY.mp3
dac50a126fd68a25ec837f01ac37041e,/V1/TN/ZLURBG.mp3
7f00d6259893ec4457dca45c847cf3fb,/V1/TN/ZLURGP.mp3
65d9fdbabf0d976817d5e57eea50e870,/V1/TN/ZLURKW.mp3
e0fc788d654b9bc0ebdbd58a98ea80c0,/V1/TN/ZLURMD.mp3
aba1b47bf09ee448d3a772b261d1187d,/V1/TN/ZLURSG.mp3
18adc543e5139d093eefacbbbd1dbf76,/V1/TN/ZLURSM.mp3
10818e4189bf3b2d55ddad2d1f7341c2,/V1/TN/ZLURSP.mp3
88d192d71ab8f34ee99ae30157747864,/V1/TN/ZLURSQ.mp3
043c7713c0cb79985e7bfb40be9cd352,/V1/TN/ZLURVP.mp3
d339aec4344c24b6a8704fa2f68c6445,/V1/TN/ZLURVY.mp3
43958818064ba294c2eecba5d20d5439,/V1/TN/ZLURYL.mp3
d8f58aaf46ac0635fcb37d8679289fa7,/V1/TN/ZLURYO.mp3
4f061e87b2f0313c1f430e5ac474e3b5,/V1/TN/ZLUSBC.mp3
3df6c22fd08bff728c6c90a59669dc65,/V1/TN/ZLUSBM.mp3
d19c63c2da94bb0fbd2c35fa3fff9415,/V1/TN/ZLUSEA.mp3
cc3ebe8374c7d9c5fd179c4dd56e88bb,/V1/TN/ZLUSFB.mp3
0ae3dd927568e04af0acf47e5bc0884c,/V1/TN/ZLUSFS.mp3
3e0bb50d62addc8e587914a3c9c4a9cb,/V1/TN/ZLUSGN.mp3
bb8962141c805b3295b12d27496eb552,/V1/TN/ZLUSGP.mp3
a31a224c10270a9c615ee2255d3fdc6a,/V1/TN/ZLUSGT.mp3
7c8bbe3193cf70c842ee326539c6b386,/V1/TN/ZLUSHH.mp3
e428ec5cd03a06b6de396269e9555849,/V1/TN/ZLUSJP.mp3
f85fc2a6f0d811b467274520e9f3eb87,/V1/TN/ZLUSJW.mp3
aa5cf8842edbbb196ab71c3bf08f709f,/V1/TN/ZLUSKS.mp3
304dbb18127bd2722de02094b2fa2bb1,/V1/TN/ZLUSKT.mp3
187d2415b9cfe9f9735ef4265a7e4785,/V1/TN/ZLUSKW.mp3
4136bc1be85c52d536421f4c7ddf3d91,/V1/TN/ZLUSNB.mp3
5da6b2a3a2b1aff80b2a41b876318492,/V1/TN/ZLUSPU.mp3
7b815a1f83f18c3d55cac64e17b12b9c,/V1/TN/ZLUSRP.mp3
52ced227ddceb9b151d3ab2d993fa062,/V1/TN/ZLUSSQ.mp3
490dc112752bd3addc76c71d99c165c1,/V1/TN/ZLUSTD.mp3
9cf70949755accbdf97be1c05c15c55c,/V1/TN/ZLUSTM.mp3
d3e0c62f1625ded2fbc9d49423658fe0,/V1/TN/ZLUSUH.mp3
795babd1ab4a3aa39d807b3d34c30a62,/V1/TN/ZLUSUT.mp3
c5ac1313100c98abcf083c6532e3d122,/V1/TN/ZLUSVS.mp3
378a7648a958c79d6a9f512c3c4fb088,/V1/TN/ZLUSWC.mp3
5af29097e3ec148d2d215e88d1fc8ab6,/V1/TN/ZLUSWF.mp3
4d06b722fc0d810fcb6363420ca9ff8e,/V1/TN/ZLUSWK.mp3
8f358f250007c6b9ca66fec2e2b6b13d,/V1/TN/ZLUSWN.mp3
bf5d48ec4cd391a00b8ff82a0cec972a,/V1/TN/ZLUTAW.mp3
79e89fd477d38a6bd2e97821b17b149d,/V1/TN/ZLUTBC.mp3
4de545a1cea10fa2fdc188b52a201bd1,/V1/TN/ZLUTBY.mp3
cf0d392631452b9bb7754f0f90d0dc91,/V1/TN/ZLUTCR.mp3
e94317062f5ae1f115896d5a0713b10c,/V1/TN/ZLUTFP.mp3
040a12f4d54dd63744aeaedb351c370a,/V1/TN/ZLUTHB.mp3
47173d0a41e84e68183fdb9252485898,/V1/TN/ZLUTMH.mp3
83d0c4921556722261b2ddf354fcfa30,/V1/TN/ZLUTMP.mp3
2c3b7f3e222c856c554ed8b876e19601,/V1/TN/ZLUTNG.mp3
c93de3b42a13573d031520db29719d31,/V1/TN/ZLUTPN.mp3
cc993ac5e012fc30bf0033e7bd123313,/V1/TN/ZLUTWH.mp3
714adb7b159a143ca6ef224a004f0a4e,/V1/TN/ZLUUPB.mp3
8ca2998b354f441e4fc21dd31c66220c,/V1/TN/ZLUUPK.mp3
08e0dc77a448053c793056af6c4a9f15,/V1/TN/ZLUUPM.mp3
81d881dd000176cbe0684d914a31b5b1,/V1/TN/ZLUUPY.mp3
c223d6d53ac1514ff5b96666dc8324f7,/V1/TN/ZLUUXB.mp3
1ddb3047b6f84c72622c62ed10a68e95,/V1/TN/ZLUVIC.mp3
c18b1a2e6e8a4163e8374e13701b6b7e,/V1/TN/ZLUVXL.mp3
26a1e23789a1c58926346703fcb210c6,/V1/TN/ZLUWAF.mp3
a0501f93eea1c3a451a51f8467454032,/V1/TN/ZLUWBN.mp3
c1211885e9d8dc192d8b266314a14b34,/V1/TN/ZLUWCY.mp3
28311231fe7c75d56d051f3c9b26497d,/V1/TN/ZLUWFN.mp3
4e63c67d8807e2fed8bcbe05d41a8fe7,/V1/TN/ZLUWHM.mp3
1bf2d391422adeea305503ba6c36723b,/V1/TN/ZLUWHP.mp3
91875717e3bf506465723bad8f0ccbd9,/V1/TN/ZLUWHW.mp3
4ba54497ffa2cd3cbe9cb0b174fff860,/V1/TN/ZLUWIG.mp3
d640664e5bad42f31f6eea56e6c11e13,/V1/TN/ZLUWIM.mp3
43b184fe54470af4a1a5f6c3fe4e994d,/V1/TN/ZLUWIP.mp3
c81df7a25528b83bd43fd6e41195f340,/V1/TN/ZLUWJN.mp3
0ec2599b6682cf40598b7fea0338aac4,/V1/TN/ZLUWKA.mp3
434ac1df8e9bf2e5021e0efc8c58405c,/V1/TN/ZLUWKN.mp3
59d91ca205613da87ef143ce9eafe049,/V1/TN/ZLUWLA.mp3
cd6217adfbfd1bbfa4e92b1d93f641b3,/V1/TN/ZLUWLO.mp3
2452f66424edb835532e4f6be7062086,/V1/TN/ZLUWOF.mp3
912624e22faa0341aad2f4c421579965,/V1/TN/ZLUWOG.mp3
8c82eca7bbe024116f29271a97875b3f,/V1/TN/ZLUWOP.mp3
d921ceb9a8269120289305332dc7da2a,/V1/TN/ZLUWPL.mp3
db9183cd59735b4e7deaae83fc9f44b3,/V1/TN/ZLUWRP.mp3
f8a2b81026cbcdcc1e891ab6142f721c,/V1/TN/ZLUWRR.mp3
d3c3bc9e7ae12b56ac1e318bb1fa4bd4,/V1/TN/ZLUWSD.mp3
34ea0c6c489a545dd74d6a17ce876a3a,/V1/TN/ZLUWSM.mp3
5412edb59da4e693ad56d3f656c58fda,/V1/TN/ZLUWSP.mp3
c4d012f8863f41ed15585f4915f245ea,/V1/TN/ZLUWTA.mp3
b2070b769e399cf0e57ef9576e65cf20,/V1/TN/ZLUWWL.mp3
e4bf2a545036a3c66420138c1a01d7bb,/V1/TN/ZLUWYC.mp3
188223f20e5250897d84ac98e5ccce91,/V1/TN/ZLUWYP.mp3
80bdf7503df78e84aeab7725bba7986a,/V1/TN/ZNEUGS.mp3
f1b65b22b7e5288dfd355261c39fcf80,/V1/voice.json
d50a97533a55426936dcaecc799f94a7,/V2/AN/$.mp3
4f3abac4556fdab1fa97e0dac3cb092e,/V2/AN/&.mp3
f0272e60a45cffb6501257a52492642e,/V2/AN/1.mp3
5d63ddced97e7fc902ec856e20008d55,/V2/AN/2.mp3
ba652341f97f77debd84c18bb5a22f98,/V2/AN/3.mp3
123573bf0deb5844f2ddd728ddac3c09,/V2/AN/@.mp3
f317a48ad4f6e3b6fdc828d5176e4c3f,/V2/AN/A.mp3
cae0f3587f254b47b3c3a89ec9edcbfd,/V2/AN/B.mp3
240cec24b4daaa87f4e1c2e36b7abd7a,/V2/AN/C.mp3
e92e5aa1a5e83f7b55b3f7860891319d,/V2/AN/D.mp3
b5af172121217a54d4a4d49d1f47d203,/V2/AN/E.mp3
a65cfc24c05bbbebd4c2326c999f02ea,/V2/AN/F.mp3
33901d8f5bc1f77ab1855be4aa1ebb35,/V2/AN/G.mp3
ff4ec9df516663365d3fed40d7c59de3,/V2/AN/M.mp3
00e92cf35586da4583f2f3345adb7f7b,/V2/AN/MS.mp3
ddd7c0b0524619698646486ef5104df4,/V2/AN/N.mp3
9b480fe7f40923100ef44658769299e9,/V2/AN/O.mp3
36441a718a7308f4d3175853243481c0,/V2/AN/P.mp3
f256236915dc7745e6670b072367f380,/V2/AN/R.mp3
25c359313bd060652b81a717a63c3217,/V2/AN/S.mp3
ee5a83d148c3165c2ac15f68d7a1ae7e,/V2/AN/T.mp3
e735de39252affe80e798745700aa4fe,/V2/AN/V.mp3
09c9c9f1d62134018085e9598c59ba3d,/V2/AN/W.mp3
42e14619caf3e2f140e5e13e8a08b1ca,/V2/AN/X.mp3
189bba9fe00972623902307e35e4e1b9,/V2/AN/Y.mp3
497a4dffdd69aa40a03debe7d51801c7,/V2/NU/0.mp3
ae697bf809942f01b3a174a4da532b21,/V2/NU/00.mp3
8493ef641069b428676c7d4ae6ebefb8,/V2/NU/01.mp3
32f09f789f9f280f65b6dc283ab492e4,/V2/NU/02.mp3
a50639cd345e213dbef7036422250f02,/V2/NU/03.mp3
e0788620da289daa0d04bb0fbebee96a,/V2/NU/04.mp3
3e7acffe26a54e887c700335435f4bca,/V2/NU/05.mp3
0f9f2443f1125f2c3073a6c858881c00,/V2/NU/06.mp3
481939ef2bbaa3dedda4d9e9f436f421,/V2/NU/07.mp3
406628b0dcec9d172d56c3e63c68c07d,/V2/NU/08.mp3
3a3dc2938cb545f507630a5a4b6241da,/V2/NU/09.mp3
e6782231e1e54d4feb316137ad4bc703,/V2/NU/0A.mp3
26fe80464440972cfe59b5c91b486253,/V2/NU/0B.mp3
93b94541f4834432cfd5a0bd30a375e2,/V2/NU/0C.mp3
15d8ef4d04436ed1f06b7fa90a6dd162,/V2/NU/0D.mp3
b5a1abc3a3f873e38c533b25ce219880,/V2/NU/1.mp3
c8e57878589d8dde9b4e8a52dbe26e2a,/V2/NU/10.mp3
3d9caff42536e2e23394766fcfa00c89,/V2/NU/10A.mp3
2524e71ed40cd4470edc594ef8a9c0de,/V2/NU/10B.mp3
b259ad471bdb34dacb7601e305e2bc0b,/V2/NU/10F.mp3
f4e31e57b000149fa18ca324df153494,/V2/NU/10R.mp3
31fbff06529f2346bd1e51fb3af17db8,/V2/NU/11.mp3
7953d78ee1c92f6ff9aedd8ab2b1b8b3,/V2/NU/11A.mp3
eabc6ff72cab788babf348e811f847b5,/V2/NU/11B.mp3
c856c165f84a733be03b9a1a81df2a75,/V2/NU/11C.mp3
528ee8e131b1919fdc9beaf09e7bc68c,/V2/NU/11D.mp3
2276b8f17f9d99ddcf529083949b4a25,/V2/NU/11F.mp3
7663ce2e7a3192716a6b11020a96f8a0,/V2/NU/11R.mp3
9e03e646235d706e0eea3d700e4f3a02,/V2/NU/12.mp3
3f3816c895c818cd94c13abb821d68af,/V2/NU/12A.mp3
94e25e2a88be21bb894dd5a3fb36be04,/V2/NU/12B.mp3
6b706b10983bcfdeabef83e99a854935,/V2/NU/12C.mp3
e60c882831d93f88cf25e2a38e38a859,/V2/NU/12D.mp3
85f36c3ba1f76742deb115f2616a7964,/V2/NU/12F.mp3
8c1a6a79c18363ca95c729c7650abc7d,/V2/NU/12R.mp3
ab372961729926047350418f9681fd61,/V2/NU/13.mp3
b3220cb8fedcb73eefbc76e3b4d4c353,/V2/NU/13A.mp3
615485806edb228c6c312ca287154dcf,/V2/NU/13B.mp3
a420d8872cebf124b9072b6863a4f7c2,/V2/NU/13F.mp3
302ab5787394a229e5dc3b005cbc8f0c,/V2/NU/13R.mp3
fd957af4217bcd72e045798b34d37873,/V2/NU/14.mp3
35f902d22307ef3b19b1be7e1f62269b,/V2/NU/14A.mp3
fbccfeef3f268acda2d6e5f484fcf640,/V2/NU/14B.mp3
c10b738de0c2ccc3b8b197eebc0867d5,/V2/NU/14F.mp3
a4474b7e5e80883757007b6f638e4427,/V2/NU/14R.mp3
f0ae80b6fdd3cb338c5d51de5b6ab973,/V2/NU/15.mp3
4bd18f358dfbd84746e73b56f37c5d4e,/V2/NU/15A.mp3
2669fe86444f0d2d45e6fd067148368b,/V2/NU/15B.mp3
f864c09d0ef59c9203a65603eb73f790,/V2/NU/15F.mp3
1243577244e7e73eed7c1f30f6e01efb,/V2/NU/15R.mp3
deb82ebf7086ea0a5aec0206ce32f422,/V2/NU/16.mp3
81534630f320ae8557184479d5a4622e,/V2/NU/16A.mp3
042bf94a5dde6b6bc56f9c98e4b93573,/V2/NU/16B.mp3
3d89661aafd27b1d9f682fd8ad8a2836,/V2/NU/16F.mp3
715e1116bfbb2204986697c9e11a23bc,/V2/NU/17.mp3
3ecac8d9db87cf3cb9a5de0fde8e5057,/V2/NU/17A.mp3
9b5d1b5619620e8e29c46843e23ce644,/V2/NU/17B.mp3
ffe163a8f8ce57c44922e0358442a0c6,/V2/NU/17F.mp3
e33b04a09d807167e252bf495912087a,/V2/NU/18.mp3
f7178d0a6b0acbe51ba033f07dfbce5d,/V2/NU/18F.mp3
11bf2ab42182b9ad423f697aff09f364,/V2/NU/19.mp3
ff6b6ebd7ec6f46b5b33eeb8255186bd,/V2/NU/19F.mp3
8e267d71eafde9e72fc41cf61302eb38,/V2/NU/1A.mp3
370c76f48215743b7c0b2e632b9a152f,/V2/NU/1B.mp3
6f8c5b117468f821e4d82b7f67b200b9,/V2/NU/1C.mp3
0be5faa2aed282da8a96a797c6d71167,/V2/NU/1D.mp3
f28c05f39d90bd4a79ab80bb13704c85,/V2/NU/1F.mp3
e522d98ba71c08d2b94e31545d921e86,/V2/NU/1R.mp3
1eda3638f15a35e7c5943aaaaff4b23f,/V2/NU/2.mp3
d62a3a4acf1e6bdb94b3a1d300ed1508,/V2/NU/20.mp3
5ea0067f26997c8a60a0584430a25b76,/V2/NU/21.mp3
e61e782a1d4bbe57a2a583b387c21cd6,/V2/NU/22.mp3
5ac3b4a95183ac7edea7264bb186b185,/V2/NU/23.mp3
e2efaa1b256e845f2a2ed2d9a5b44cdb,/V2/NU/24.mp3
b5a002b4242f3ab961a6a5385d428237,/V2/NU/25.mp3
81504558c86dc555d4750f1101c19661,/V2/NU/26.mp3
793d7b5361c2ef60b9fa0902609c656f,/V2/NU/27.mp3
9b4a9ca27003d5fa10d059e537fc3e65,/V2/NU/28.mp3
12ce9c4240a5a0ec3272aabf2f08fc24,/V2/NU/29.mp3
25a2ca6ae5627b9c09c481f6df949553,/V2/NU/2A.mp3
e0104357cf99d0dd11556bc403306688,/V2/NU/2B.mp3
28be0a06e401ff332772223dfdbd3e6a,/V2/NU/2C.mp3
b3a6005ee26e09ca0dd793b0990851a2,/V2/NU/2D.mp3
af961d7b6cecdb08f9779b327d104d3f,/V2/NU/2F.mp3
a102f25d1346c6b10330f2e453c636d9,/V2/NU/2R.mp3
bbd57f26ca4e5321ece5e1f2ff25ec89,/V2/NU/3.mp3
dc88a2642b1f3c9ac784d81a22cf8855,/V2/NU/30.mp3
81c0129fbc44068741772d909f07890c,/V2/NU/31.mp3
2febd895a6228517f5336c469051c0fa,/V2/NU/32.mp3
d46ee6f2cd646d263bd578d161fa9a2a,/V2/NU/33.mp3
11bb5573d9b1edd660b8971a3772b650,/V2/NU/34.mp3
17c51333ce415af7965f9d429486e8a4,/V2/NU/35.mp3
8c0ad53cc88a26ab4461d8321a1a4595,/V2/NU/36.mp3
06ff84a47f095fcc408838688543784b,/V2/NU/37.mp3
0d86c1406a998b7723d197c1f0e8ae40,/V2/NU/38.mp3
257a88a1d3037223b25d80cf5eeb5e9b,/V2/NU/39.mp3
ce458a31ec29aad15c37cf36d53d848a,/V2/NU/3A.mp3
11393c1a8028c1f384a022f351713154,/V2/NU/3B.mp3
4dcedfeff5b87a411c563d432ef9c154,/V2/NU/3C.mp3
545972ba8df8f9735002913efff04058,/V2/NU/3D.mp3
da674de2ab319e2fd5c004766989a65c,/V2/NU/3F.mp3
0911e0068d914a83f95851e2634ed85f,/V2/NU/3R.mp3
cbbe4c46eff1d3c923305944cf56f5c4,/V2/NU/3T.mp3
1b0f246ed13d530382b74338817657fc,/V2/NU/4.mp3
82bdc1a37de7f4669085296cfe4d0200,/V2/NU/40.mp3
e0838d88a83f8720f5aa659a09ce0dc5,/V2/NU/41.mp3
e65d3fa2d255fd8cd126459b05166880,/V2/NU/42.mp3
037e2ce846367e574e6fd6f04884f356,/V2/NU/43.mp3
c2116873fd395ba77db0c87cd1a776e6,/V2/NU/44.mp3
cbd1b88ad790fc30dd301a43f095fc99,/V2/NU/45.mp3
95aca754e1403ceb34a37efcfa692350,/V2/NU/46.mp3
263db77bda617c99403b4cdf0dd54b3e,/V2/NU/47.mp3
aea61b9c161f271a26212a652efb5a2d,/V2/NU/48.mp3
86d795ebdd030957a801beb8cda9bf26,/V2/NU/49.mp3
ebfb4faa58379177d4521f9cb3f37d1a,/V2/NU/4A.mp3
adeb568500d8054e30d9e45053f762be,/V2/NU/4B.mp3
bf24af76eeb02215a01cd8c085decc98,/V2/NU/4C.mp3
bdb11170cf486b3c87bc236089372bc8,/V2/NU/4D.mp3
9cbab6a56c949ec89621ac5647784544,/V2/NU/4E.mp3
fd14059038022ead692dbb5b445b9e6c,/V2/NU/4F.mp3
31c3833cd1e41319307925cd70bd2077,/V2/NU/4R.mp3
758a3625cf70794208822ec318e3faf2,/V2/NU/4T.mp3
d66bb55b716585a26614946464451dcf,/V2/NU/4W.mp3
5e1cfe620acf112af505bc0224d49414,/V2/NU/5.mp3
b8b18f513eafbc09b1ef52cb921bd091,/V2/NU/50.mp3
f9ac5f5eb29eb5733443de8f0b8b6d7c,/V2/NU/51.mp3
25c3819f5423dddf503aa64734bee8d3,/V2/NU/52.mp3
73379ae0eed16278615faed5081eac9b,/V2/NU/53.mp3
dfba5dc38652a94057467a46880f455d,/V2/NU/54.mp3
b9778595dc9eea6fcca1b0e85d1c01a7,/V2/NU/55.mp3
c4922ff1c9fd3abbe64944434153f5c2,/V2/NU/56.mp3
988eda1f7479e57e92fdf4fd455c0f57,/V2/NU/57.mp3
66d37ec5c083abaae6ba8ce3fa2373c2,/V2/NU/58.mp3
048d089f9122d113d03df5c6ced84b7f,/V2/NU/59.mp3
eb0e6ad7abf0f8ba36fa8ca12a14322b,/V2/NU/5A.mp3
462b4c8e0481a4a375483554297d82f4,/V2/NU/5B.mp3
98c870be902cec23c7dec53848d62afb,/V2/NU/5C.mp3
389de410dfd964c95556c4bd2147f7e2,/V2/NU/5D.mp3
8da8d8d570a754b275da80fcd88b3de1,/V2/NU/5F.mp3
73288eb658d513ec3f40241a61d4d971,/V2/NU/5R.mp3
358b6b034dc4a8eafc2599d940c05aa5,/V2/NU/6.mp3
368b7b3774788d6ad646d8cd056a7325,/V2/NU/60.mp3
5552bcb8cb21dfba8ab76d527403e2db,/V2/NU/6A.mp3
f7993f5ed184b2f870d0ce4c65129675,/V2/NU/6B.mp3
d12d89d7cf267cece90fce218176f681,/V2/NU/6C.mp3
3b53bc9214fa223686cfc71c83296914,/V2/NU/6D.mp3
d0eba9fa71a1073be122dfd44060bee9,/V2/NU/6F.mp3
ca05bf5d678065082b9354cfe5979425,/V2/NU/6N.mp3
dcf8d6b830350d10a5f5c20266c8e3ad,/V2/NU/6R.mp3
754be95545dc15d71a4e68425dcc002c,/V2/NU/6S.mp3
de9d996f6ce488f70078e9c539fe601d,/V2/NU/7.mp3
8fa01d51c3f35d7316bab5e94e433a21,/V2/NU/70.mp3
bfd7e298ef0020f4ea4b2afe840050e5,/V2/NU/7A.mp3
0e9474090578b680384f785eab9794e8,/V2/NU/7B.mp3
7feeb241703952a0cc2006bef8df78bc,/V2/NU/7C.mp3
9d24cdd9d2e5ad02777dd2ed9a11db92,/V2/NU/7D.mp3
27ff20f9dbc31a397fe3ae17eaeb4bc9,/V2/NU/7F.mp3
609413c2d202121feacbe61f8413a70c,/V2/NU/7N.mp3
acbdbb451f36116aeaa3c00cfef6c706,/V2/NU/7R.mp3
1d48e26ed2c8f103f963523d48c45f1c,/V2/NU/7S.mp3
1627c72d75848932e83d88752d089f6f,/V2/NU/8.mp3
a8ee5ec9edce4999f17bf1c71679eb3b,/V2/NU/80.mp3
ec6521a5d27b81c7480178918149aa8d,/V2/NU/8A.mp3
e6f3a3bc6931599435b5f40c2b73d2e3,/V2/NU/8B.mp3
d1107bb8b8af4b57a163af13a1c9fc9f,/V2/NU/8C.mp3
ef7ebe11b2a28afb2ec725df6d695f8b,/V2/NU/8D.mp3
200c3868d310adc52d88f17ca5311c80,/V2/NU/8E.mp3
b6e20d97670150e237d1b11a2ad10785,/V2/NU/8F.mp3
594766b6c4b772db1043d018457859aa,/V2/NU/8R.mp3
253bc652e238c6ba2ae8ad3961feadbe,/V2/NU/8W.mp3
6d12333da6af30599e323d5495274383,/V2/NU/9.mp3
e8f6bb7948b7685c980e335e9fce283e,/V2/NU/90.mp3
9a892cfa6501ee5a8e74694f59cb6738,/V2/NU/9A.mp3
2e7c0a536f6a0c692eb2fac7b718463b,/V2/NU/9B.mp3
1facd317ff25a06ad9b2d0be0430255f,/V2/NU/9C.mp3
d051b7f5311b54c34965a39f37a54510,/V2/NU/9D.mp3
b86b2328bfeb8a56581d739a16ff0948,/V2/NU/9E.mp3
9b2d55dcc992f3b2c0f77c08294d8297,/V2/NU/9F.mp3
be2fc7f29ce9ac159e0d721b959626fd,/V2/NU/9R.mp3
ed8f43f7fbc47ca8599bf3cba8e1bcca,/V2/NU/9W.mp3
1d19ea1315d2c54f3f52d41b2cef87c2,/V2/NU/A.mp3
e01c6ee11ddb98e8f71332eba9d07fbf,/V2/NU/B.mp3
99c6c44b8728581fd06f2e4c244afdec,/V2/NU/C.mp3
a55bdc723c0e66ace24729de65d0e136,/V2/NU/D.mp3
b6946cdeab8b63aab503c0d5abadf0a0,/V2/NU/ZO.mp3
80f364b79ce700c0a53c63d592319fa2,/V2/OP/AW$.mp3
37e5cf7bf6608968ea642b80f172bc86,/V2/OP/AW.mp3
8e904ebf18311e00d74173d7a2af4ca4,/V2/OP/CC$.mp3
9a5b892f07c4694f88c033c3821ed02c,/V2/OP/CC.mp3
46fdf7c198ce7bfa735754d1a209deb5,/V2/OP/CH$.mp3
97d9db61ecf1f8d9964e5089200b37ee,/V2/OP/CH.mp3
ecaeba7aed84e055a72ed24377cf4fb5,/V2/OP/CS$.mp3
42e9fe631d16269d80ee74d73c67f112,/V2/OP/CS.mp3
45553e29289188cfdb160882443af8a9,/V2/OP/EM$.mp3
ab4f82a84e58203a1854a57912b9c6d8,/V2/OP/EM.mp3
0b14242ac66eff90431643504cee0914,/V2/OP/ES$.mp3
f05bcffb5277becc6df97dfc0b5c3dfd,/V2/OP/ES.mp3
2e0d7bb5c6b07a8f5f7b3f2701c7601a,/V2/OP/GC$.mp3
62d8c73e96a3f1dda85092f31b866692,/V2/OP/GC.mp3
4716f4e889b994221577b5014eab62bb,/V2/OP/GN$.mp3
7d367829f6f6e955a704b34e080f3073,/V2/OP/GN.mp3
705453d63e57db5ea3c17917d7a9263f,/V2/OP/GR$.mp3
f91b78fa06ceada50576fb492d4d54bf,/V2/OP/GR.mp3
cb04fbc11bfc4860c00a507dd90d3f4d,/V2/OP/GW$.mp3
f09c056a7755711f7b4225d8ecff460a,/V2/OP/GW.mp3
52986187ef2312161faa7b0ba7b56bbf,/V2/OP/GX$.mp3
ab9253f2fe2099f5f6ffe3028913997d,/V2/OP/GX.mp3
ff0c5b268c2adbd2bb6a3ca4e25aa872,/V2/OP/HT$.mp3
708927f92c23c53b7c94b6683236df18,/V2/OP/HT.mp3
beb27854320ff81d9109a39a89dd1c89,/V2/OP/HX$.mp3
62ae2962c670e9cfcc2c21b75c6a3e8e,/V2/OP/HX.mp3
eb218e8048d8ebaf86b933d60047fc0d,/V2/OP/IL$.mp3
0d32dd4bd02da9d822117c4fa35f56cd,/V2/OP/IL.mp3
b1b9401891bd4a0d3aa9a57afa256c47,/V2/OP/LD$.mp3
b6bf58e9bfdcd7f0b699c2800c9a7b93,/V2/OP/LD.mp3
905f96651584d4671244e5a6cf507a95,/V2/OP/LE$.mp3
1304da514ca431007ec7d0ae01190c05,/V2/OP/LE.mp3
139a4ca358339f6404c6dc19e1b99cb7,/V2/OP/LM$.mp3
1cc72562d09a75a57b014c209ff2c2a7,/V2/OP/LM.mp3
f64939ee4fd5e4d084f842ae5504ed09,/V2/OP/LO$.mp3
3af0eb4edc3040c8a834ac1301af6efd,/V2/OP/LO.mp3
a686c9f085243cd725e79af2a72d9cdf,/V2/OP/ME$.mp3
d9a0b243607ee1ee620357ef8a46179d,/V2/OP/ME.mp3
6995abd6db47bd0166cbc1035f254400,/V2/OP/NT$.mp3
c54b82713be7a8842db9d74e72246daf,/V2/OP/NT.mp3
b9d152f1c82387dc96c409e9c33fd4ba,/V2/OP/SE$.mp3
da33f91c513ce0df67eba1ab98e4b121,/V2/OP/SE.mp3
485f05709b453d0e6b8667d7c886a8ff,/V2/OP/SN$.mp3
706d234315b84773efbb3b0f40ae0c34,/V2/OP/SN.mp3
30af9953b3869ec80f0331fefeb879c7,/V2/OP/SR$.mp3
f1c05bc10201d82f42cc428962bb6c45,/V2/OP/SR.mp3
de890e5e7481ccb5e0ccc8b275894679,/V2/OP/SW$.mp3
14975085a2443f4a3c3de4b662237ef2,/V2/OP/SW.mp3
231cd9ff04ce3aa95a94fba7ff962a72,/V2/OP/TL$.mp3
483b5bbb0b1fa1cdb1a1214aec10468d,/V2/OP/TL.mp3
51301081563e0aa568b6f58394531e71,/V2/OP/TP$.mp3
2e1bec802cb4e7238800a2348e72982f,/V2/OP/TP.mp3
083a97219e535b0218e79c9f7779f6a6,/V2/OP/VT$.mp3
e3310013d7e9302d51cac55ad5656414,/V2/OP/VT.mp3
5ec21cc2900a8c49ba78367a630111bc,/V2/OP/XC$.mp3
96b7555985f7e60fb47f62068ba4ebaf,/V2/OP/XC.mp3
94cc7e069ee125d7f4adeabbecff6cee,/V2/OP/XR$.mp3
ac69e8b4827c04831bb36780141bdd77,/V2/OP/XR.mp3
e250010b2910e9626dd6ecb3461c26d9,/V2/RE/C00.mp3
931be414529025fd0850532245c2ccec,/V2/RE/C01.mp3
28147bfdcadf735b3bf3a4018e5b0037,/V2/RE/C02.mp3
432283598c571bff50762e4f72c7489b,/V2/RE/C03.mp3
bc5116754d076ef6ca7ef945d31ddf15,/V2/RE/C04.mp3
ace4f9e4792413082e375f898b084d2f,/V2/RE/C05.mp3
6ff569aea7eb84557d0fa45b616e3689,/V2/RE/C06.mp3
8506710565d3437293d6d917573dd6d9,/V2/RE/C07.mp3
1ee483e5d7462420f14034e2a6040836,/V2/RE/C08.mp3
2f9f8ac6499f7978e0b54888007aa787,/V2/RE/C09.mp3
ee3f3ae817bb0176df02ffd294e51eea,/V2/RE/C10.mp3
3c2a71700adf40cabb37f74932646e41,/V2/RE/C11.mp3
0602f74740798a69a949ff7091e0fba3,/V2/RE/C12.mp3
f0597b0a9d8f8f22727e55b98b0b2b2e,/V2/RE/C13.mp3
724449095934cd8d10e90333576dbd7d,/V2/RE/C14.mp3
9ff2f8533b1d7940a0e8209b41bd9858,/V2/RE/C15.mp3
b7cc7e887b6ee614d05a74c67c910bd3,/V2/RE/C16.mp3
4eb907ec34536475d8c6b76069c62695,/V2/RE/C17.mp3
d1558091d0be742e34703e24f40e0d59,/V2/RE/C18.mp3
b9571d071d2a9815b2661f5fe502f95c,/V2/RE/C19.mp3
46f03d0ce2d0fc30d4190a3537dbf468,/V2/RE/C20.mp3
65d87e1e7c7c64030445c6cf30877e26,/V2/RE/C21.mp3
2bb03b23219effc04f696be970b22c17,/V2/RE/C22.mp3
b3b1f67594c4004c9d54241142b9ae8b,/V2/RE/C23.mp3
eb258d8946f2201ae9e46c031b6b3cbd,/V2/RE/C24.mp3
4a3ac50b8e3cf7f1071957b07253c4b0,/V2/RE/C25.mp3
3f0b8eeac1e8bc809c6a8ef4ce899709,/V2/RE/C26.mp3
dfe3218c4d68e1d72666c28c70d0c1d3,/V2/RE/C27.mp3
5dd0b2ecf3dc70efd376f50508f37969,/V2/RE/C28.mp3
7163acde97f34a6a478eccc8a7c7fa7b,/V2/RE/C29.mp3
6aaf4c35d0b6409fe32982d4ffdd5ec7,/V2/RE/C30.mp3
6cedd86adcaaaafd8bed9bdf2ebbd465,/V2/RE/C31.mp3
6be61908dd1f85a86102bbf8d89fe053,/V2/RE/C32.mp3
052348ba7c06a022ca12dfc4ff082dd4,/V2/RE/C33.mp3
2a8eb13173253af29408bd62c1b41ca8,/V2/RE/C34.mp3
738a1649117bb2289968ed63894fcd48,/V2/RE/C35.mp3
04d4b311d6739f886b020e471576a4c8,/V2/RE/C36.mp3
2edc934238d8b567fc778f9a1d06ad36,/V2/RE/C37.mp3
5b48b0df083d92d18a5affeefb97cae1,/V2/SN/A/AAP.mp3
89169654131da8b8c189fa34bd12b719,/V2/SN/A/AAT.mp3
af0bedf59b6f5afcd4d99cb199db1661,/V2/SN/A/ABA.mp3
b36d554328586eea4e53fd48c52f300f,/V2/SN/A/ABC.mp3
19ae65c2285c76580dfecbce128fe87e,/V2/SN/A/ABD.mp3
9dec8defef5fd387f62e024cb5899c41,/V2/SN/A/ABE.mp3
2f91f20c0831032ece7fbcce5409cf91,/V2/SN/A/ABH.mp3
d55c742fa20f5e1d5f74e6fa0538558b,/V2/SN/A/ABW.mp3
a5912eddd34cccbdfbb2cd82509acd10,/V2/SN/A/ABY.mp3
896ebc2808ad6aa27127d081c0808224,/V2/SN/A/ACB.mp3
c1827e06c8db7b2d02b188fb7d63fe6c,/V2/SN/A/ACC.mp3
bbe551e5b7ab76ddeff216d62927e245,/V2/SN/A/ACG.mp3
1ae6db305188105058a398ba8a1963b5,/V2/SN/A/ACH.mp3
f8814611f9c2394bb84d0b548119a017,/V2/SN/A/ACK.mp3
1ccfa9b26f0608f6dabdb77dd9d0907b,/V2/SN/A/ACL.mp3
a1d9f7c0a70851f47060f8eb55b5b3fa,/V2/SN/A/ACN.mp3
b4b67c1f229788ab7c5bc0dd1a53592a,/V2/SN/A/ACR.mp3
334096be63f9fed17047aa4e55b78924,/V2/SN/A/ACT.mp3
19cad481fb4decd84bd42c622b5647b9,/V2/SN/A/ACY.mp3
f7a87d75ba8bde32c52850008dc03500,/V2/SN/A/ADC.mp3
bf446840aa166e968649247fbc628cc4,/V2/SN/A/ADD.mp3
4e61f600ad77705afb808bb15da1e433,/V2/SN/A/ADK.mp3
0eb6522a471f1daf6dc1a2d8f61cc633,/V2/SN/A/ADL.mp3
911f823cef0fb16496066b20662fdb6b,/V2/SN/A/ADM.mp3
0983b7f9b683d676e9033c98ba332a74,/V2/SN/A/ADN.mp3
0f5b2e08f95bbed02be41dc97651bd03,/V2/SN/A/ADR.mp3
6ca25bacd0801c0cdb0ff101d2789c46,/V2/SN/A/ADS.mp3
8364c57223895b6de04ac08bfdb518f4,/V2/SN/A/ADV.mp3
a75a64f65edf3262b4ea8e8a398b5aa9,/V2/SN/A/ADW.mp3
9de8072fc0ddf801e277b7a9828e53f1,/V2/SN/A/AFK.mp3
5ef064af963b837ed8c6122866946417,/V2/SN/A/AFS.mp3
f85d7d28a3c62b47440be56f492b4fe6,/V2/SN/A/AFV.mp3
cd546f162801034b708e26feccbe3f15,/V2/SN/A/AGL.mp3
bbabfd636a29df8128001d07e1c0011e,/V2/SN/A/AGS.mp3
63b043f3d9bf48638a82f3ca80bac1da,/V2/SN/A/AGT.mp3
49f9c825df450443f139eac3cc470d33,/V2/SN/A/AGV.mp3
2dba4f249f1b20083af714cf25276d86,/V2/SN/A/AHD.mp3
550b6295b9e0f0432c5966c881c9edd0,/V2/SN/A/AHN.mp3
0b6c161ef826e6118ad5f335c57fafa6,/V2/SN/A/AHS.mp3
5374aa638a505834c192d83a0c08c247,/V2/SN/A/AHT.mp3
b9daf131c49314e055f3250e7ce2d098,/V2/SN/A/AHV.mp3
554be024e475dccdd9e6d84868ff4bbf,/V2/SN/A/AIG.mp3
8f80eebdcfbae88bdca52181be31591b,/V2/SN/A/AIN.mp3
b8f37d08a492d6205308d58e06e09532,/V2/SN/A/AIR.mp3
06b9ce5a6010c8cb11e589d11738c5ab,/V2/SN/A/ALB.mp3
cec4df23b6ea80fc2fac7d9e7c3584da,/V2/SN/A/ALD.mp3
0dfc4e776107d65677ed0d6d3048a02f,/V2/SN/A/ALF.mp3
fd4bcbec7ceeac7276be7f8331cc654e,/V2/SN/A/ALK.mp3
6873d963fb677602567a70e734255087,/V2/SN/A/ALM.mp3
de0cfb376bfa60ab8085262d17f22576,/V2/SN/A/ALN.mp3
f9d0a8c6de7228ae588c2fa872fc186a,/V2/SN/A/ALO.mp3
4d42c6b2f48d78622c9c8d7733c327f3,/V2/SN/A/ALP.mp3
3ba734123b05484613e4dd6361ba9c6f,/V2/SN/A/ALR.mp3
e239f30f0dc1bef245cf8793ebc76e65,/V2/SN/A/ALT.mp3
005c46a6a7701d8aa705ed3006861d2f,/V2/SN/A/ALV.mp3
b20cd003e5647a766086b0f4bc5d20d6,/V2/SN/A/ALW.mp3
92ac1e10c35c08441e8e79169c41bb2f,/V2/SN/A/ALX.mp3
3b76c5a6a5d1be8d56fc909d515d9dac,/V2/SN/A/AMB.mp3
35125eb6d5527b5c63b2deb89500476a,/V2/SN/A/AMF.mp3
9d9bab48f4968cf3280e3e74083fb97b,/V2/SN/A/AML.mp3
ef18926cb0e5b822daaf78af9bf90a95,/V2/SN/A/AMR.mp3
cb1089fc40ad2f1bc9bb3fdcb8182623,/V2/SN/A/AMS.mp3
991dfd99012864d9a9c7f8e08e9921c9,/V2/SN/A/AMT.mp3
05338a74170e6433f04d95a6b267bf4c,/V2/SN/A/AMY.mp3
49f413d3e6477f139041f7595871d96b,/V2/SN/A/ANC.mp3
84b715e258fdcc18364804ebc2c6f7d1,/V2/SN/A/AND.mp3
96f02b08b16276694808221bcb776daa,/V2/SN/A/ANF.mp3
1f2aaa47eaf9cdeeb47ff1e122ab782f,/V2/SN/A/ANG.mp3
8d15fbdb63c30e4231b0ea72a7021175,/V2/SN/A/ANL.mp3
251b78e61871f63217db0e3df0cb205f,/V2/SN/A/ANN.mp3
deb763dd9622a7e672df5f8520810f36,/V2/SN/A/ANS.mp3
c5c8dbcbb9a0ec7a8c16755d6d6aad3c,/V2/SN/A/ANZ.mp3
9f49340002d7d687237ce8d39a05ad78,/V2/SN/A/AON.mp3
cc45b28d53c0ac29a37c2ea23196f22b,/V2/SN/A/APB.mp3
6d5c029741b410b85607a76d23417fd5,/V2/SN/A/APD.mp3
14ffb794420f4bc84633fa54ebed0cf9,/V2/SN/A/APF.mp3
f52ac4933368ea0078d1d8fbbc3081c0,/V2/SN/A/APG.mp3
906acb2a1a881f2c4feebc0ab951a8c5,/V2/SN/A/APP.mp3
82eda9ab0d08485432292b00dc97d711,/V2/SN/A/APS.mp3
bb69c092510f9adb16ab7820adec26b9,/V2/SN/A/APY.mp3
fd29bc0e12b6212b352f14a8a8243a08,/V2/SN/A/ARB.mp3
92da38a6262b7eb836445552406ed0d2,/V2/SN/A/ARD.mp3
120684f4135aeeb8f6d3cd1d230e556a,/V2/SN/A/ARG.mp3
9c97d025f47de319d27b4428c9b6867d,/V2/SN/A/ARL.mp3
7daaadd15c1684e82c9de9cf7531ec65,/V2/SN/A/ARM.mp3
edeb777b27f38bf7e64c94ab48237819,/V2/SN/A/ARN.mp3
bd4cc4d4943a79dd2e4e98b9f044a0e4,/V2/SN/A/ARR.mp3
e864ee29d5ce39ea34e508461b9537c8,/V2/SN/A/ART.mp3
bfe3a8e99d401c386ba2763fd76097ee,/V2/SN/A/ARU.mp3
9bc85d598cc35e13a579998464c3c335,/V2/SN/A/ASB.mp3
85a662109a936d622029a83660279e88,/V2/SN/A/ASC.mp3
6568434cae2c0f29aef2b924d0d4f61b,/V2/SN/A/ASD.mp3
4c4d4028c1381904d7a877f0d1707bf4,/V2/SN/A/ASF.mp3
c7a60816b8e85fc7cf8b07956733d47b,/V2/SN/A/ASG.mp3
f80b8b32659e73f63ea67cd6d5624065,/V2/SN/A/ASH.mp3
04b80eb19c0d6a25a77f695413928dca,/V2/SN/A/ASK.mp3
315ba1728e379fc2d470893c2983f7c2,/V2/SN/A/ASL.mp3
dcf500ca8049fe277dac18f4001ed26b,/V2/SN/A/ASN.mp3
479b19070cc58d5e79420fe24d54a3d0,/V2/SN/A/ASP.mp3
05a16e0c88f874e15e92522277b62ad6,/V2/SN/A/ASS.mp3
67317800c2804b49844ca2d86ce60ff6,/V2/SN/A/AST.mp3
748ca75118162473e64c1e5d40814cfb,/V2/SN/A/ASY.mp3
2c8349ef6620d5e9ff9de30a83d6d91f,/V2/SN/A/ATB.mp3
66629609cc94a2c7a2a45a7e4d91e4e0,/V2/SN/A/ATH.mp3
4c2e411bb4284584cecfe0482b0c9107,/V2/SN/A/ATL.mp3
e3c292f5f837e3d5003ad4d847e5400c,/V2/SN/A/ATN.mp3
bbb37e1c5a2a7da05b7a1fee182c3df4,/V2/SN/A/ATT.mp3
9e8e240a2fb0e03d5d5a298625cb5a9a,/V2/SN/A/AUD.mp3
19d11ad2de98d5d89c915f3fe5762ecd,/V2/SN/A/AUG.mp3
3255321548fa11c5f04c2169ca00d8f9,/V2/SN/A/AUI.mp3
4b3264129fddabd48ce4119fea8d7807,/V2/SN/A/AUK.mp3
5dd41d39c8a0f5c8772dc3d0246b3374,/V2/SN/A/AUR.mp3
2fb7b057a6241ef414e331387d629554,/V2/SN/A/AUW.mp3
0bacc639991a6011c59575b515fad13f,/V2/SN/A/AVF.mp3
d86c0c94e1538809319c8c615640fcc8,/V2/SN/A/AVM.mp3
b46d12f113a373e9bb04b98e0fed50e8,/V2/SN/A/AVN.mp3
217c89bf55011c0281e6c56ce72f6d44,/V2/SN/A/AVP.mp3
04848b91b9fbe77ed6250d7f14ed1aa3,/V2/SN/A/AVY.mp3
b0cbe309215b56e738e5ca4fdc20af4a,/V2/SN/A/AWK.mp3
fcbbd33ce3a7c455ed70f56146cd6eb1,/V2/SN/A/AWM.mp3
24f0a90376888f88e41fa92762903f18,/V2/SN/A/AWT.mp3
1f347bb7b78ac40f2da9fc988f6013c2,/V2/SN/A/AXM.mp3
4e10a116637a1c00f4015f96eb96b88e,/V2/SN/A/AXP.mp3
570d17aa901f951a03ba1f628cb93a80,/V2/SN/A/AYH.mp3
dba0222fc570520eb692a3574308475c,/V2/SN/A/AYL.mp3
5748b0d67ab00ffc274f8f9a455fcf68,/V2/SN/A/AYP.mp3
ef60bce510982c7f94b5d08438a849b3,/V2/SN/A/AYR.mp3
ceb756f7682edfca0475823dda68484e,/V2/SN/A/AYS.mp3
17179aec94b3263258f6a49e02a94a66,/V2/SN/A/AYW.mp3
b0a810d613acdc26ad1c0516687f65af,/V2/SN/B/BAA.mp3
d3c32801b74d998d54d8cb23d9778244,/V2/SN/B/BAB.mp3
d5c1f4429b0e14214afb7fc8c72a69ae,/V2/SN/B/BAC.mp3
3a6e535a356c5491e23bd39e25744c00,/V2/SN/B/BAD.mp3
2933c0aefeecbe5c601d8ca15ecd6bbe,/V2/SN/B/BAG.mp3
b019593f0045ae903018f89af6d44395,/V2/SN/B/BAH.mp3
54cf58b275b61c481739107c3f86ed57,/V2/SN/B/BAI.mp3
e2cbbb91fa59b43e00799c0b4d600951,/V2/SN/B/BAJ.mp3
4adfb7f57eb16800619bcf7c4fe62094,/V2/SN/B/BAK.mp3
c279c412d922c1101d7b9bd6fa7138c8,/V2/SN/B/BAL.mp3
cfe674342aeeeb2ab5d6047a2de2a558,/V2/SN/B/BAM.mp3
79759a058b0fa78b697629d7fc852a73,/V2/SN/B/BAN.mp3
830c48b1a5ca5706750f5b129df7e5ee,/V2/SN/B/BAR.mp3
fc8474e88fb4a1f1b4bddb41f3a92d9f,/V2/SN/B/BAS.mp3
36079dafe647e21e3c05f70626604aef,/V2/SN/B/BAT.mp3
ad1a2a9e7887bfd41e0871eecb81736b,/V2/SN/B/BAU.mp3
8d18a5868c444446e1102e31346943c9,/V2/SN/B/BAV.mp3
af5509fcd622ab0769fce2c2b0f521ed,/V2/SN/B/BAW.mp3
08533ed0b09f23d97e59c56835dcc451,/V2/SN/B/BAY.mp3
28799251f3be551588dde95e6ae3ee18,/V2/SN/B/BBG.mp3
3dcf652aca32069a0c7835aa013d4cc8,/V2/SN/B/BBK.mp3
d1f7d27d98b093258ac3a30097169206,/V2/SN/B/BBL.mp3
a6a792de30f8048640d84e6ff4b2f3d9,/V2/SN/B/BBN.mp3
77eaab1360bdb84f138d7729eeae1826,/V2/SN/B/BBS.mp3
ce4ba58f99948806aaaccb190dd29137,/V2/SN/B/BBW.mp3
6ce1f4eec22de1ed4f3e91e4d304e8bd,/V2/SN/B/BBZ.mp3
b41729d06c4af8dc1f258519a9d2db88,/V2/SN/B/BCB.mp3
ae995d7da1c53faac1fe0a3e0af58ee6,/V2/SN/B/BCC.mp3
bf99fbd04df9cd4c57b5dcd826765a6e,/V2/SN/B/BCE.mp3
ff147019e89a84cfb05c86fb9c40edfb,/V2/SN/B/BCF.mp3
78428599fcdd5e8aba7855d74907d7a5,/V2/SN/B/BCG.mp3
74c2b8b6d3ea4fcd7aa3d9bfa622209b,/V2/SN/B/BCH.mp3
3ca3da4fecb3600730f8af0ac40a3dab,/V2/SN/B/BCJ.mp3
892e5dba0636225fba4f8b098dbf2295,/V2/SN/B/BCK.mp3
435f66f50022ca6eed6c4f8f58fcd2c2,/V2/SN/B/BCN.mp3
656d09ce414d163f9d0b7aadd3366e61,/V2/SN/B/BCS.mp3
807a75e161df09adc582904a1eb9535d,/V2/SN/B/BCU.mp3
36af2122fd529e3500cddda60223040f,/V2/SN/B/BCV.mp3
801cb87b5431c23c2055b688e9f79271,/V2/SN/B/BCY.mp3
37f5747788941ed6e40577e019890993,/V2/SN/B/BCZ.mp3
0cdfae848488bb80b9b6e9ff38342cf4,/V2/SN/B/BDA.mp3
a3c3b659ed9537b0c0c5239daf2c2a68,/V2/SN/B/BDB.mp3
94281343a41f0727c63ce17c77800277,/V2/SN/B/BDG.mp3
57ac9d0a068355dff2d0ffc4cf2c620b,/V2/SN/B/BDH.mp3
dd47d0ccf9264c8f38823d0295ff7d36,/V2/SN/B/BDI.mp3
560b6e62238db50760cfd0a59825cb22,/V2/SN/B/BDK.mp3
9757346aeabb2977ead37c1d11bb3a2e,/V2/SN/B/BDL.mp3
8f7c4811383f1a95604bd8d607116ac0,/V2/SN/B/BDM.mp3
d4aafa32a40c65072ba076b194854dce,/V2/SN/B/BDN.mp3
4a2f9456dacb7aa1c5a2b77a2782409b,/V2/SN/B/BDQ.mp3
d3a1c275eb309a75badaa2d482ec0852,/V2/SN/B/BDS.mp3
88acb8945ff8b062e0d3e2e2754b6c38,/V2/SN/B/BDT.mp3
aa76ca23cef7a2213dd3bce47d3bd46d,/V2/SN/B/BDW.mp3
133bb754884d855aea1c6fc7ff5a52da,/V2/SN/B/BDY.mp3
99d27f6c5feda81aad7b6360612d8411,/V2/SN/B/BEA.mp3
3d89ab34c551f1946e9710277b3c9eaa,/V2/SN/B/BEB.mp3
ce4bca63487c9c84090463313cefd1f4,/V2/SN/B/BEC.mp3
ed63bbe7e68a2849f582bfab9e05bf80,/V2/SN/B/BEE.mp3
5818a2012c1d581e591387ef6607dbca,/V2/SN/B/BEF.mp3
963a37f091cfb060903631f1207c3815,/V2/SN/B/BEG.mp3
e2a2f0ee3021c564b32d044d5c3d7a16,/V2/SN/B/BEH.mp3
ac130bc3b222bbe7c501d69467ca33dd,/V2/SN/B/BEJ.mp3
c7536d56f7a8dce06243cb3cf7a0dc89,/V2/SN/B/BEL.mp3
d90b3a661042aae9b3db45db0561a88f,/V2/SN/B/BEM.mp3
cdc5bbc27b462783f2ac8cec972a3152,/V2/SN/B/BEN.mp3
70680393a835a3db3311800b4c4f0eab,/V2/SN/B/BEP.mp3
10c5ea4953dfe5e84887aa100c695b97,/V2/SN/B/BER.mp3
3c98200fedeb52769be7fd6fb6eed4ab,/V2/SN/B/BES.mp3
e0b9f77033cc04417df176b42c57c335,/V2/SN/B/BET.mp3
bdd92af35eecade8875aa042314c2424,/V2/SN/B/BEU.mp3
e4efed89fbd6b944c7168fb06fc834de,/V2/SN/B/BEV.mp3
c33951eef9faee0736c735326f4baee6,/V2/SN/B/BEX.mp3
54f7e87a5fdd524fa0c56e6bd472f2ee,/V2/SN/B/BEY.mp3
af672f6a0ee73b24819c6c9dc5759349,/V2/SN/B/BFD.mp3
5be8df84ee0ba2efa9d19fb98cc2db2d,/V2/SN/B/BFE.mp3
a4063c8644beed97aca51171fa296fb8,/V2/SN/B/BFF.mp3
519729ebdd78042719a2b4b896ef3b52,/V2/SN/B/BFN.mp3
18b7e87bced52d015dc9d8b4f8d5e195,/V2/SN/B/BFR.mp3
e2538e17ee77f62c38e02ca342eaa579,/V2/SN/B/BGA.mp3
d80b5ccdfbbc33c05fc378f81ca753a9,/V2/SN/B/BGD.mp3
694d5e27de2563cad81ce7a974690725,/V2/SN/B/BGE.mp3
91f20adc61f396aa0c64e8bae0eb7466,/V2/SN/B/BGG.mp3
14fd655fdd15943106e372cf067bfe6d,/V2/SN/B/BGH.mp3
17041d702ed80df0df93635e3a7a526e,/V2/SN/B/BGI.mp3
6b2cc5bd31303ca682d205b4709c011e,/V2/SN/B/BGL.mp3
0a0a7eb4ff7a93b84ac1635868b9553a,/V2/SN/B/BGM.mp3
8e8146c4eef8029f80478aa452855132,/V2/SN/B/BGN.mp3
dce4e8447d59d238c65e37737fa68c25,/V2/SN/B/BGS.mp3
8091facd37208978030afc58ac464269,/V2/SN/B/BGV.mp3
9c333a6b8c6e1a431dd2092d87a58521,/V2/SN/B/BGY.mp3
7774519dd96c0a1b0e3d687f543d2cc0,/V2/SN/B/BHC.mp3
93a5aef92a1c08e19c210737421c7552,/V2/SN/B/BHD.mp3
ca19339070b453b21f1bc9dd55a3c045,/V2/SN/B/BHG.mp3
f5b418e1803f6ed8eacc86c3ac0a4607,/V2/SN/B/BHI.mp3
61986bb20afa0f47c306d7f6c5f88da9,/V2/SN/B/BHK.mp3
94d70da55ecac7fc73d6656dc3dba154,/V2/SN/B/BHM.mp3
dd97e0c73459a34f694a63494e43c820,/V2/SN/B/BHO.mp3
7252800b3f2c58f44405cc68761dd197,/V2/SN/B/BHR.mp3
1add83a8790c51709fe455be207109f3,/V2/SN/B/BHS.mp3
e35bcd3a435685f0fdc113195201b56e,/V2/SN/B/BIA.mp3
198c4ec3e048a419bfa50de9ed650f35,/V2/SN/B/BIC.mp3
123d65bfdba3d28ff00685c18f00ee30,/V2/SN/B/BID.mp3
567615e6afeb3e3615b3665745fce2c7,/V2/SN/B/BIF.mp3
5e297d99050851a329cfe847fa4815a8,/V2/SN/B/BIG.mp3
ba8b92f1297d737ab427a889bf1ca955,/V2/SN/B/BIK.mp3
fa53997c317987ba09defd3bb1b58438,/V2/SN/B/BIL.mp3
1f8f8c476657b66b4b87274e6abdb6f1,/V2/SN/B/BIN.mp3
2ce561f28f97b8b461fa7ecd51ca5098,/V2/SN/B/BIO.mp3
cad59fdeff48143f2f9bc43eec2fde47,/V2/SN/B/BIP.mp3
bb547f658f32e917b9aa0e28cc25b603,/V2/SN/B/BIS.mp3
b5f6eeaa101ffb8a5b0c0c9c7fba0db7,/V2/SN/B/BIT.mp3
53f6c11a78219f387776851d3df3e9ff,/V2/SN/B/BIW.mp3
f6320393229d3c5a3f509c62d31d2b41,/V2/SN/B/BIY.mp3
3898936b3f3c9e6b0d43076d2fb8676f,/V2/SN/B/BKA.mp3
528ac2cd7b2b6f117b84968bfd985d9a,/V2/SN/B/BKC.mp3
9954b3bf2666bb7805288e75669e3d5f,/V2/SN/B/BKD.mp3
0539220ac6ef24ed369a920205eff034,/V2/SN/B/BKG.mp3
1711b5406d1aaf6d1190586eef6d6359,/V2/SN/B/BKH.mp3
7a25eae8821c2c340ede61c96bf1b6ab,/V2/SN/B/BKJ.mp3
97bdf69fef6bbf2b8a9117a8be0e6873,/V2/SN/B/BKL.mp3
cf126d99749e94b1a3699cca02c89e4a,/V2/SN/B/BKM.mp3
0d46a3f95a6fcc8b166cf081df31592a,/V2/SN/B/BKN.mp3
3f0695f263aa965e6bc37398f0fd1663,/V2/SN/B/BKO.mp3
dc05613e13f0b2b85999cbdf5c381589,/V2/SN/B/BKP.mp3
32fcfca25160bedc3315b983f3466552,/V2/SN/B/BKQ.mp3
a67c38572c0ab32998a6bdbbb1964f68,/V2/SN/B/BKR.mp3
a582bdc28c2c71f100fee2103e0a8112,/V2/SN/B/BKS.mp3
447cc6784ba215d11330326e9f034c4d,/V2/SN/B/BKT.mp3
88c44606b5372872c31a9364e5ac43cf,/V2/SN/B/BKW.mp3
e0ec4c51a3dff14d16a10c29ab1073dc,/V2/SN/B/BLA.mp3
41fdb64c723ab6bfa1217d4511c00142,/V2/SN/B/BLB.mp3
4ca95c40df0b1d3ec41238e0439f5b05,/V2/SN/B/BLD.mp3
4dc594c6552d970c8c7d6f6149ed7a2a,/V2/SN/B/BLE.mp3
084ea687514f52b56f97a38f8b9e0eac,/V2/SN/B/BLG.mp3
b9792221e28cd7afbca7c4b41cdfb0f6,/V2/SN/B/BLH.mp3
12310574d350644500dfb8dbbf05a856,/V2/SN/B/BLI.mp3
7e7a30cea9bab3bc3f996d83f7786baa,/V2/SN/B/BLK.mp3
9fbd99b5dc8884a17a4660bb14ce2fdd,/V2/SN/B/BLL.mp3
23142e6ac28e76b17d386d81db2b03e4,/V2/SN/B/BLM.mp3
d593ff75f9f59ca69f594c37877c35d7,/V2/SN/B/BLN.mp3
dda1cfa2d14be96c4871bdfd4adb04d2,/V2/SN/B/BLO.mp3
13b7c8ba98c3938084afead0eb8c78fb,/V2/SN/B/BLP.mp3
2b45c790d6210f32a8d67dab1b1d7ed6,/V2/SN/B/BLT.mp3
055158c5cb8cf94a535bb98cde683828,/V2/SN/B/BLV.mp3
7d553894a0184483fd5cffff0814eb46,/V2/SN/B/BLW.mp3
d18d380fb80f2126ab3b170c04ef6b26,/V2/SN/B/BLX.mp3
7439853a98820dd1de1f89e6c36b80ee,/V2/SN/B/BLY.mp3
b136cf4848dbd78bb510cc7921aee9e7,/V2/SN/B/BMB.mp3
f9f344e705029e9f39cc9021e9ff6549,/V2/SN/B/BMC.mp3
5e0bed16305d4a82d2d252ef3cabbd06,/V2/SN/B/BMD.mp3
551a2b2ae7052d453c5936fe87859fec,/V2/SN/B/BME.mp3
3917dec92e91b8bdf99038b78478ce04,/V2/SN/B/BMF.mp3
660bc03aac3503677ad037222550b670,/V2/SN/B/BMG.mp3
fdff1e0e40647903ffa25d2c32b25965,/V2/SN/B/BMH.mp3
015bc18a3226c7f12ce16c36e6a747a0,/V2/SN/B/BML.mp3
8c8b397f3ffec1c6e3cacce39049183e,/V2/SN/B/BMN.mp3
57021bbb5a7318f9901d86d24de112f3,/V2/SN/B/BMO.mp3
d5e11bd579039a3beb9a1f1f498a2653,/V2/SN/B/BMP.mp3
6367b0fd90acc726cd9433bb8be3822e,/V2/SN/B/BMR.mp3
e9b50bbd065f0865210ebc0443633be1,/V2/SN/B/BMS.mp3
943f0704c1cd9f92b004164c1cc33c6e,/V2/SN/B/BMT.mp3
efc792c20a8ed4ea98591b657cf9aaab,/V2/SN/B/BMV.mp3
44868329f6640fb584ec1e7a91e3713a,/V2/SN/B/BMY.mp3
59718edef44a433b4f8552482cb2e445,/V2/SN/B/BNA.mp3
a2550cb8e63ca8b844f8a5b9688394bc,/V2/SN/B/BNC.mp3
312db5fe0996cccfb3ce761a26dc6f36,/V2/SN/B/BND.mp3
ad4de57d90a2827969b571149d631e20,/V2/SN/B/BNE.mp3
821bb4b086b459dd47517de5e07a49be,/V2/SN/B/BNF.mp3
63bd786c95b79807a8d6ed053d356c10,/V2/SN/B/BNG.mp3
453912e307de4227564b218a316c770b,/V2/SN/B/BNH.mp3
b5daa5817600d1e143242fea8a00fc31,/V2/SN/B/BNI.mp3
14fcc9a2d8b2b4c1ea6fc2025d4ec2ae,/V2/SN/B/BNL.mp3
52a9506d27f0ef41e7bf61dd5f0f8c5f,/V2/SN/B/BNM.mp3
683cb946582d0ab6abca7fd98bc19f19,/V2/SN/B/BNP.mp3
a4ee39b1aa64e488d69782cec68e25fb,/V2/SN/B/BNR.mp3
1538656282ffe6ceac09598276551993,/V2/SN/B/BNS.mp3
d03c27c15143d0da8636178ba4e1a3bd,/V2/SN/B/BNT.mp3
aede982046abaf3f6b4ba6b86ab2f62a,/V2/SN/B/BNV.mp3
8ecfcf032ff69c73d797a7fd8f04105a,/V2/SN/B/BNW.mp3
1b0dfe6088b49f1a91d6d64e66504ac1,/V2/SN/B/BNY.mp3
d380e243be246a122322c6eef72680b1,/V2/SN/B/BOA.mp3
4dd3abb664a9cf99abeefff0fb01f8e3,/V2/SN/B/BOC.mp3
0ed584b2e67f4c32548a3c5c45756212,/V2/SN/B/BOD.mp3
6e5f6dc7fd305fd6dfe22926e555a766,/V2/SN/B/BOE.mp3
3a5009b132922f2bf10ede72477e0ad0,/V2/SN/B/BOG.mp3
f8a76ce0c388a338f7c50da4ee05fe7b,/V2/SN/B/BOH.mp3
c23893054b6f2ff849ad28f52918b907,/V2/SN/B/BOM.mp3
fa885e64df0758f47f4d889508e7ccee,/V2/SN/B/BON.mp3
503a506e09e454269d1a5a3b902be3fd,/V2/SN/B/BOP.mp3
8f0264e39ac0a76cc970739ad53e9db0,/V2/SN/B/BOR.mp3
117899c78a19bbd44caeb8e35578af6f,/V2/SN/B/BOT.mp3
2d638e40467238bcdcd1c3d16e3788d8,/V2/SN/B/BOW.mp3
cf1717bd8c3dd1d3cc91b4f3f4a08323,/V2/SN/B/BPA.mp3
4e477611fd55f7d6fa0c18a770a70e53,/V2/SN/B/BPB.mp3
997dc463a748d57232123536167ff404,/V2/SN/B/BPK.mp3
0da4a711858880cd6334084f9a8efd29,/V2/SN/B/BPN.mp3
da143405d5ba00c08ee621613c96bd79,/V2/SN/B/BPS.mp3
0ae42faaec96956b84cf419409ac9453,/V2/SN/B/BPT.mp3
ca99fe279b81ba34741b257016279d63,/V2/SN/B/BPW.mp3
fb264b09f545e808201bac63eb70155c,/V2/SN/B/BRA.mp3
8b588f713c9fe5d43913fb88722c4af6,/V2/SN/B/BRC.mp3
ff53069294336e542341a6c842877a78,/V2/SN/B/BRE.mp3
77037938bb1f8187a39d610235999d16,/V2/SN/B/BRF.mp3
8118e3b67d424c9e9050c0241c287e42,/V2/SN/B/BRG.mp3
fb50b7eb11247262171d5d4c2ab3d128,/V2/SN/B/BRH.mp3
817dc14700bf2b1221419f0de49909dc,/V2/SN/B/BRI.mp3
b85be357f992b0c3e1549e563a35be0a,/V2/SN/B/BRK.mp3
4f6fe1923776b9404cb8d778741c661a,/V2/SN/B/BRL.mp3
d138936ad5ae5ec75ef43be9d6ec312c,/V2/SN/B/BRM.mp3
4edf9d631387b416aec3bf6c57b4e4d5,/V2/SN/B/BRN.mp3
e77cce43b7b6bf0eba478026c0548c29,/V2/SN/B/BRO.mp3
09a0f0448cd30d68c7379263c8a94a53,/V2/SN/B/BRP.mp3
eb9a453fd98d01070b3e12115bbd9fb2,/V2/SN/B/BRR.mp3
36b858965e0258ea793637401f6b9ced,/V2/SN/B/BRS.mp3
e2f301b4dc392611baaa52745a547fd0,/V2/SN/B/BRT.mp3
f50932c57881c9317d96eee691d5676c,/V2/SN/B/BRU.mp3
cc4b14df9715485c9fbc32cdc2cd3733,/V2/SN/B/BRV.mp3
3adc46ba858299860deb9c0c6a0f686c,/V2/SN/B/BRW.mp3
edb381b26a16225f02a07936e0de3bf0,/V2/SN/B/BRX.mp3
e2a4d09181c81d30b189d54a5fd70b13,/V2/SN/B/BRY.mp3
2c11f380e5ac4606c6688080356074a4,/V2/SN/B/BSB.mp3
f7b70d3262baaa932f0897e4573c0302,/V2/SN/B/BSC.mp3
aabd5c5312376c3ed543869838ffba34,/V2/SN/B/BSD.mp3
ca857d5eb0ecb529f6c97febe3a33d30,/V2/SN/B/BSE.mp3
911fb52385ce59a48a9b32c384bdf02f,/V2/SN/B/BSH.mp3
329532c207cc839769694bfe9633ba55,/V2/SN/B/BSI.mp3
544567ac7bf8dce6100c8201f73c4ddf,/V2/SN/B/BSJ.mp3
d4ed35f5132d17c124598e3842418070,/V2/SN/B/BSK.mp3
cad50197f24d0b9904b0f0fe1cdbbbc1,/V2/SN/B/BSL.mp3
5a2643cea602a0fe19d70d002757f6c7,/V2/SN/B/BSM.mp3
c5e43a5b2534a317d813599b2f600195,/V2/SN/B/BSN.mp3
2a13ec6e315ebcebcf747aaa9a080805,/V2/SN/B/BSO.mp3
8b763a2bc03533915ce36e2366b0930f,/V2/SN/B/BSP.mp3
b1c66643272ecf377feaada23e62b7f3,/V2/SN/B/BSR.mp3
386417708cfb5e79ce2f243b609b7c0b,/V2/SN/B/BSS.mp3
8c7ac4819a07d1be99a622ec6c32453c,/V2/SN/B/BSU.mp3
94c00ca3b65cc7c5f202d6d37a159623,/V2/SN/B/BSV.mp3
1b0e5ed02bbe3f4c76a5234b6061d17a,/V2/SN/B/BSW.mp3
d5e18e145cacaa34d57d067e87661ee7,/V2/SN/B/BSY.mp3
a63076499f719877d23a169a2f9c39d4,/V2/SN/B/BTB.mp3
39e3b14feb2a1529d4fe2f64ea014ecb,/V2/SN/B/BTD.mp3
589c1fef257000456bdbfaedac0a71d4,/V2/SN/B/BTE.mp3
4ab863d39adc3a332349881bdff0c36c,/V2/SN/B/BTF.mp3
4f32d51d1609579ba0cfe354167dbe32,/V2/SN/B/BTG.mp3
8d62308a31cc904bf476eeb40e5c23aa,/V2/SN/B/BTH.mp3
e3e91e1f34c693d6f272a5e517ec6502,/V2/SN/B/BTL.mp3
6641c8473f73fbca0de4bd9a78d32d21,/V2/SN/B/BTN.mp3
ed8555955e9efb5af8bbfa14d20b2957,/V2/SN/B/BTO.mp3
813bd2797c0756f770d351fcdaa25a8c,/V2/SN/B/BTP.mp3
e28b03f9105bb97af3e6004fd7c6aef0,/V2/SN/B/BTR.mp3
6287a9928904d57f74fcc9a820f77a54,/V2/SN/B/BTS.mp3
f4aea1e68610ed042fb96a42092a6a40,/V2/SN/B/BTT.mp3
c6ae86d1797131ffa3acf205b33cf730,/V2/SN/B/BTY.mp3
3a817496866e8eb1339b6ae7a6716813,/V2/SN/B/BUB.mp3
be62fb7ca8dbd4e140b2c8c9f56ec5ce,/V2/SN/B/BUC.mp3
eaccdf465665c248ef1859b7b0fff220,/V2/SN/B/BUD.mp3
4c2846eb9b066939c62629596deb861d,/V2/SN/B/BUE.mp3
b94fa6dc6572568adc4ed99b6edb19a1,/V2/SN/B/BUG.mp3
091b3c566a24c56af5532f9c3f3b4a3c,/V2/SN/B/BUH.mp3
99ebb4bfa9ce51d7ed3fdeb05283c3c2,/V2/SN/B/BUI.mp3
6356823f3c6aa0aabdcbcbaeaa91ecb4,/V2/SN/B/BUJ.mp3
334416c4b4c1cbcd834f312d2279cc78,/V2/SN/B/BUK.mp3
7ee8e16d4870b0ae0fbfebc3b886c930,/V2/SN/B/BUL.mp3
81d540611890c5687aab5500e077f246,/V2/SN/B/BUN.mp3
a5bf2dad415abb1327258029ce7d4b8b,/V2/SN/B/BUO.mp3
e966a7348ea6708e230cd66b5b9d3fd8,/V2/SN/B/BUS.mp3
341e4b663b78723feefdac04004149a1,/V2/SN/B/BUT.mp3
a964fd59d1671386f27a7ccde8a32342,/V2/SN/B/BUU.mp3
3f88ec87d2c5126155582ed0c6d50207,/V2/SN/B/BUW.mp3
5bcba986de1ad19a4485fe6824202d65,/V2/SN/B/BUX.mp3
fcfcdc56ddbb09fd432e3260e0156b4f,/V2/SN/B/BUY.mp3
01606785b5b1b804235e751da081173d,/V2/SN/B/BVD.mp3
18d04d6984a9940f6b325a43c63e4323,/V2/SN/B/BWB.mp3
80f8354b84e1d8a93e3646a693ace12d,/V2/SN/B/BWD.mp3
84507ab1be6dd54633ce7cd32889cb27,/V2/SN/B/BWG.mp3
ccdd46d177101e380110aed5d9fede10,/V2/SN/B/BWK.mp3
c523207c5dc3f0a86cc08d52d0fff6c3,/V2/SN/B/BWN.mp3
f50ef94724110c762a5e0e05981e1fdd,/V2/SN/B/BWO.mp3
20c9ce6a4390b0656ead1dbf3241fd48,/V2/SN/B/BWS.mp3
b3532a92a9609b497b33cdf50e7ded3d,/V2/SN/B/BWT.mp3
a59bd25ce1865cf4ed959bab92de125b,/V2/SN/B/BXB.mp3
46a9ed98846cc541b81ba5cb1d3b4354,/V2/SN/B/BXD.mp3
9d3cd4a63885017465166391ce84de47,/V2/SN/B/BXH.mp3
62da216a6ac98038976f72a5b7849ad5,/V2/SN/B/BXS.mp3
cdcf9e60e832f998f029e7b6ba20b505,/V2/SN/B/BXW.mp3
714935f510779713286ee361250ce8cc,/V2/SN/B/BXY.mp3
f4927e997a8717e172eb4550f2316bb8,/V2/SN/B/BYA.mp3
ae3be2468194506e6b9d93ef356ab3cc,/V2/SN/B/BYB.mp3
e3ce3288c85084cf57d294874fe079af,/V2/SN/B/BYC.mp3
5e06ed6b99b5e8ea5cfd1d7afe7cf0ae,/V2/SN/B/BYD.mp3
1b2851a3c915cd3b780116c6cac9065f,/V2/SN/B/BYE.mp3
05cbc83d6ebd28c58aa3d075ca2ad4f3,/V2/SN/B/BYF.mp3
8c181603f882363abda289644fe4bb54,/V2/SN/B/BYI.mp3
95117d741b276581cd0f29f108cad60f,/V2/SN/B/BYK.mp3
23335bcbff4cd63cfa18e7f6630b54f1,/V2/SN/B/BYL.mp3
87aec9e1358f33243c50aa8613de0c47,/V2/SN/B/BYM.mp3
ae88a9d720ed54fa7d8454ebbffa260c,/V2/SN/B/BYN.mp3
4e138cbcb726919a674a042a7abac2a9,/V2/SN/B/BYS.mp3
4e4de6366526fe539bf5dc3cbd93b785,/V2/SN/C/CAA.mp3
5d0f0880a44965b7cca4e7024f2c235c,/V2/SN/C/CAC.mp3
cd8c0053d62ab7acb9090e7e14e2e85d,/V2/SN/C/CAD.mp3
246fff4af02f48a4aecde6220a53a424,/V2/SN/C/CAG.mp3
ce84c82a0cd4eab1db38737bbd8ba9de,/V2/SN/C/CAK.mp3
aea439065bc8ca9a369a0ad23c59f5c3,/V2/SN/C/CAM.mp3
e1a861010489448cf140259df60d8bff,/V2/SN/C/CAN.mp3
62c930d7bcac94a0e7e3f75fbc037e3a,/V2/SN/C/CAO.mp3
184ca4851b9b7bd6e1a22b34be6d2920,/V2/SN/C/CAR.mp3
ea6a14d951623b2795c1d0b4ef144eec,/V2/SN/C/CAS.mp3
2c4100a27b612bae3924c8f8c0d268e8,/V2/SN/C/CAT.mp3
f00516a80f8476cf539fedbc7b55c011,/V2/SN/C/CAU.mp3
6844d3adbaf14c31c44bce9cf462c31f,/V2/SN/C/CAY.mp3
34a3348f3244700ecec4d30bc319cc08,/V2/SN/C/CBB.mp3
8e31acbeac55b44f14c2a415f57694a4,/V2/SN/C/CBC.mp3
c62795a45148e61ba9120b8fe24b480c,/V2/SN/C/CBD.mp3
4e240b2d4d0ae412907118118fab184b,/V2/SN/C/CBE.mp3
ad91899300fbfde2fc3fcc06c5a165dc,/V2/SN/C/CBG.mp3
7f2cb3f0111cd3a15940b78cc50dc753,/V2/SN/C/CBH.mp3
2956a3d37054d0c522a09959911cdba5,/V2/SN/C/CBK.mp3
308da4dfcfca30c4423b70dc5fdcfc8d,/V2/SN/C/CBL.mp3
64bbc703629de5fae9d9c2e8f88a79eb,/V2/SN/C/CBN.mp3
c99423d804936c48822bc80a49172afc,/V2/SN/C/CBP.mp3
01c8a1793dc9b0710e32213767233550,/V2/SN/C/CBR.mp3
ad236118c309295ba91f6b9258161045,/V2/SN/C/CBS.mp3
4c32cc837edb307881941cec9637b64f,/V2/SN/C/CBW.mp3
90f30946e465953bc8c4cfc94bfbddee,/V2/SN/C/CBX.mp3
461158e5d7b7bab9bfeef49202c3175e,/V2/SN/C/CBY.mp3
7bb6eda0dc8130979c2ce5c14c269260,/V2/SN/C/CCC.mp3
23dd9a65d16823c2505a7abe3c8a02af,/V2/SN/C/CCH.mp3
73238190018f19e6e2004d083971e835,/V2/SN/C/CCT.mp3
b6ba789db2a4ff2436a9dde1fe915a3a,/V2/SN/C/CDB.mp3
34f9c9a14b06f28e87f080cf3f90b902,/V2/SN/C/CDD.mp3
8b81a66f7356e823b3e04c580bf22585,/V2/SN/C/CDF.mp3
129edcd24d17059f953841d0068ff128,/V2/SN/C/CDI.mp3
dbd8a36417e5db8580b4530888712bad,/V2/SN/C/CDN.mp3
386772958d681a8224679ce13be94d1f,/V2/SN/C/CDO.mp3
7cf93386a9711176873a08646d01ccef,/V2/SN/C/CDQ.mp3
483958c5effd5e12767f51fac1e86bc7,/V2/SN/C/CDR.mp3
c52d5a741301b44f98b0c652040a56be,/V2/SN/C/CDS.mp3
e6d6e8d65d177c5350d08ab0b721ab13,/V2/SN/C/CDT.mp3
02e0aa0099a946fe05777d62867a154e,/V2/SN/C/CDU.mp3
a2ddd06590d18c15266636fe63a5a29c,/V2/SN/C/CDY.mp3
f8cd1501389557386438d78837f0c29d,/V2/SN/C/CEA.mp3
d431db577c62db4a843df34cfdd7b683,/V2/SN/C/CED.mp3
0795a15c26413c8e2f0e87441f05d0f3,/V2/SN/C/CEF.mp3
2220a49ea5e023ed7190bf168c5c59c6,/V2/SN/C/CEH.mp3
083cef14bae943d3fc07d45824e46810,/V2/SN/C/CEL.mp3
997f44f44bbcd92198108fa5cb12e7df,/V2/SN/C/CES.mp3
a4e07ead9289cd7d99f0daa44b1c0e1d,/V2/SN/C/CET.mp3
6943ec7ecc53d7970654f5b4c072ce85,/V2/SN/C/CEY.mp3
9c3e21c35af0784a618f3f181f583e6d,/V2/SN/C/CFB.mp3
949a40278df68fb85ab8c221557c4d7e,/V2/SN/C/CFC.mp3
32d47cfb855dcc086495aa892a1f2223,/V2/SN/C/CFD.mp3
c55bc06ebac672889150f7e9f83f411e,/V2/SN/C/CFF.mp3
672611e3291a40079f39fb1be6b98f03,/V2/SN/C/CFH.mp3
c5e8b441db5ad1f1ddce3d5561caf251,/V2/SN/C/CFL.mp3
47b9c4c050ef83ddcd99c89ed90fa7aa,/V2/SN/C/CFN.mp3
7dae3d6b5c8c53f0e1ecf256007c82a2,/V2/SN/C/CFO.mp3
33884e5fd5429bf5af83061848b56668,/V2/SN/C/CFR.mp3
0d11bd7704112e637565c41f76d0a4ef,/V2/SN/C/CFT.mp3
5e17649275360cf4f692802c156d53c4,/V2/SN/C/CGD.mp3
2f5b4ee291460f7a0e4f27a37404f4b7,/V2/SN/C/CGM.mp3
a985cc9fd79d2c062e7190185f783396,/V2/SN/C/CGN.mp3
f97746aa4da1b500a61f097b2890fd7b,/V2/SN/C/CGW.mp3
2dd5419fb30e3089b965a23967420c3f,/V2/SN/C/CHC.mp3
3c6a7963c774c402d639f27d68d19d73,/V2/SN/C/CHD.mp3
0e17b9129dbcab8af1f8c6b82c10b598,/V2/SN/C/CHE.mp3
df4d77e3e367a77e0e0c851cd9545ffd,/V2/SN/C/CHF.mp3
9a8391f649e439e7351cbed848e55b16,/V2/SN/C/CHG.mp3
678ef636387a675e736c2823283eef2c,/V2/SN/C/CHH.mp3
f91ef2f9fbdf2f7bf5bc3f5dfb2412bf,/V2/SN/C/CHI.mp3
62f40bdc2cdd96170989075d8a47e494,/V2/SN/C/CHK.mp3
61c212bee04f5c2321dda06a30514362,/V2/SN/C/CHL.mp3
6338277011bccd589dc150671e631cde,/V2/SN/C/CHM.mp3
c59b96f30ecf250d835c7d0520c612a3,/V2/SN/C/CHN.mp3
5e25dd9ba72a2ea2c198839a0abee954,/V2/SN/C/CHO.mp3
b620981e345c91c7f8d042bcb6400d61,/V2/SN/C/CHP.mp3
baf3c3f0e221798c5696b81b608deb7b,/V2/SN/C/CHR.mp3
d09d5f068458d5ac259e7ce1ff123278,/V2/SN/C/CHT.mp3
bb8a3259c90da9fa1e5e0ff3b2b9941f,/V2/SN/C/CHU.mp3
855f5b17699284d7e32f5864fcd3e94c,/V2/SN/C/CHW.mp3
4c070cc42a205dc0604cf704b4f60265,/V2/SN/C/CHX.mp3
633014b1ff191795f58999e4e8572cf6,/V2/SN/C/CHY.mp3
5335951a32a7e970dcd34ace74285613,/V2/SN/C/CIL.mp3
319de7c0bc5451e12619bcea3a7ae35a,/V2/SN/C/CIM.mp3
8daf3073f983b051f8752ad318c86a9f,/V2/SN/C/CIR.mp3
2da0916ab7be04bd0dade3be0bcf0514,/V2/SN/C/CIT.mp3
4ae812b7f43c65709a5283ce481a7c3f,/V2/SN/C/CKH.mp3
45b1f39ef3e115950338d8bc90913c29,/V2/SN/C/CKL.mp3
48cf60d742451f66c5673df2b6667445,/V2/SN/C/CKN.mp3
340447f14f9ced6192334dfb1cb18aee,/V2/SN/C/CKS.mp3
96f899e297cfc10b09657c64a6d2fb6c,/V2/SN/C/CKT.mp3
65ff625c6fbd135cfb904c3b94bcd5ca,/V2/SN/C/CKY.mp3
c7a684f4060788d1c6c9febdf3670534,/V2/SN/C/CLA.mp3
25313ef68f8a650287e3cdf4420abeea,/V2/SN/C/CLC.mp3
ad56b8b5b5be0bcf5068d83188e454fd,/V2/SN/C/CLD.mp3
8dc0fabd4e99431b451b2f26c785b3af,/V2/SN/C/CLE.mp3
31e282df99f36ed9cd70dafd1459fd97,/V2/SN/C/CLG.mp3
c975b6b95a64901741c48e07f49e004a,/V2/SN/C/CLH.mp3
1665384914ec9dd047a2b9ddab6916f9,/V2/SN/C/CLI.mp3
07689dfc11212e710e903d6bf2e34638,/V2/SN/C/CLJ.mp3
24f410b4c688d12ebc9cf0583024df31,/V2/SN/C/CLK.mp3
86dc41ad95ddab00df9a9353c84fa193,/V2/SN/C/CLL.mp3
6517cf0a53f3b1b92848b820e1d7da32,/V2/SN/C/CLM.mp3
5ee950f5d9d13d366880c659e7d55277,/V2/SN/C/CLN.mp3
631d99c3632651018ef3acea721374b9,/V2/SN/C/CLP.mp3
a82757cf58c5ba708ccc02bc754188f3,/V2/SN/C/CLR.mp3
2bbb63b62882b3c9fc6ddc1d9a7f38a8,/V2/SN/C/CLS.mp3
1d16cb90601ae5b706d60e6e1aecea88,/V2/SN/C/CLT.mp3
f3de4f9bedd8269491bb0e779325aac7,/V2/SN/C/CLU.mp3
d06c41a1d05bf0eae618d50d2ecb2927,/V2/SN/C/CLV.mp3
4e8d075c865171ed2baa7f3e788d2a71,/V2/SN/C/CLW.mp3
63283265f59f76d2f0abb18d2ed3d79c,/V2/SN/C/CLY.mp3
8fa31eadc7f1ec87a4ed98c70a5fa41a,/V2/SN/C/CMB.mp3
5e2853b15ae598cc2b6e27c17d378636,/V2/SN/C/CMD.mp3
3bb9c4e915487500d280a81d40b99ef1,/V2/SN/C/CME.mp3
ed63e2e499284ebd56f22450bfa7b534,/V2/SN/C/CMF.mp3
e0e98def5c35c8533ec0dc9b51a32ed8,/V2/SN/C/CMH.mp3
0c8fabdf51617b5c1b9398a6c11e3821,/V2/SN/C/CML.mp3
06987b922b6dfe2488a9524d23548aa7,/V2/SN/C/CMN.mp3
7ba975a9c7e3bfa0723774d956c2abe9,/V2/SN/C/CMO.mp3
312ca6bebd04e0b4eba716877faa1daa,/V2/SN/C/CMR.mp3
12013c14373ea7128701849b6877bf0f,/V2/SN/C/CMS.mp3
4f967f04e932e5fccac3022b785eba8f,/V2/SN/C/CMY.mp3
d73c3f6b0fd79f75cd7150ed6d05c506,/V2/SN/C/CNE.mp3
c16e0614560428dfd08b95dce02042e8,/V2/SN/C/CNF.mp3
722564b425ad47a47a310c12ff366545,/V2/SN/C/CNG.mp3
4b69b6f7f4ed222cd129efbec6888f2a,/V2/SN/C/CNL.mp3
de066f3cb6a185f1986dcbd654fa5619,/V2/SN/C/CNM.mp3
65b070e47ca9813f2a72ef6bd12005c5,/V2/SN/C/CNN.mp3
42f3778089fc8555f443a2c7c8bc48a9,/V2/SN/C/CNO.mp3
0a66d3ec753aedec17b358b03dff49eb,/V2/SN/C/CNP.mp3
42c6b56a7612ad873437977d035f6d0e,/V2/SN/C/CNR.mp3
f53f508ee4a84687092f5cf31e9c4563,/V2/SN/C/CNS.mp3
653ff9e878684f94d7f7152945839655,/V2/SN/C/CNW.mp3
735da7aa42384b9881adfba675096973,/V2/SN/C/CNY.mp3
8d4584aeee3d242e736b88db02c8aeae,/V2/SN/C/COA.mp3
8a52f6f571a2410b533645b92857cbe6,/V2/SN/C/COB.mp3
9631e553a0175c435e4d84353f32bbd3,/V2/SN/C/COE.mp3
6c525741605bcb15b79a823e713fbec9,/V2/SN/C/COH.mp3
8eeab9c02c688506876ec1593e1cf35c,/V2/SN/C/COI.mp3
bf2343c3a13441d12fa6b32bad1d254f,/V2/SN/C/COL.mp3
890ba1ef614c216dda28555b411947a1,/V2/SN/C/COM.mp3
169bc23e371aed6008afca3ac0745d3b,/V2/SN/C/CON.mp3
56eabf7634c2efe9aa14e8301b6d6326,/V2/SN/C/COO.mp3
c99c1b337825ad15ba6a3861ed64e259,/V2/SN/C/COP.mp3
19c0723ad85d4622c89c7c626861fa9c,/V2/SN/C/COR.mp3
1b49dfa92fdcfbdc87cf55363d077ace,/V2/SN/C/COS.mp3
6dc73fd72145c2d977d08df4e61dccf3,/V2/SN/C/COT.mp3
f5f4d1cf1b489a495f235a248b55b140,/V2/SN/C/COV.mp3
195f05c7d4d9ac2586f90a5fb1a5be4c,/V2/SN/C/COW.mp3
bc21ab051741e26f31c946f00290d0a7,/V2/SN/C/COY.mp3
a0e1bdaaba3689f3f9427824dae3a4da,/V2/SN/C/CPA.mp3
3bacd9e37253125475bbef70f1a487c4,/V2/SN/C/CPH.mp3
633fc38d88c00b68efec1ce68203f456,/V2/SN/C/CPK.mp3
a784bb1965c151032f1a90329c5370c2,/V2/SN/C/CPM.mp3
9f8ba13930c9cc91c5e4c79fa1f49b89,/V2/SN/C/CPN.mp3
da07c284b70e317eb06d8f13900ec464,/V2/SN/C/CPT.mp3
a3f39f973d0eed23a233f99b343c7556,/V2/SN/C/CPU.mp3
511cb578466b78f18069ed9081573a7a,/V2/SN/C/CPW.mp3
45c4c32c27a413921f6325079a44a794,/V2/SN/C/CPY.mp3
67584db78c3bff59ac8c759abc0e16e0,/V2/SN/C/CRA.mp3
d19f4f4fcf7371263e61e7478925ff17,/V2/SN/C/CRB.mp3
594b5fba3835f39d6031f864549c24d5,/V2/SN/C/CRD.mp3
4c87afcebff23d424255912cc5c3a0f4,/V2/SN/C/CRE.mp3
8b29c1373e8d4947f8e2bdb7c2825429,/V2/SN/C/CRF.mp3
8b349d01806c82d984605309f2781823,/V2/SN/C/CRG.mp3
b492e65cf148226623000f9cca56d9b8,/V2/SN/C/CRH.mp3
1dda6e989787d001a17adb627b68c823,/V2/SN/C/CRI.mp3
950cee46dc19c1b029f60bd0d88542ec,/V2/SN/C/CRK.mp3
27532cfe58c7b687b8e7eb9a983e48c7,/V2/SN/C/CRL.mp3
f1c31a7f590932fd19eab05aa44846eb,/V2/SN/C/CRM.mp3
89cf89cf9cfdb6b38cb3babac9b6d56f,/V2/SN/C/CRN.mp3
df765279d34eec9b0a23eddaace0301e,/V2/SN/C/CRO.mp3
9243a6c574a5c559a60a73d695f3682d,/V2/SN/C/CRR.mp3
aa529ffad3a97d6fe3ce306768241802,/V2/SN/C/CRS.mp3
0ab25e5458fd95328a3cb14b75f025c5,/V2/SN/C/CRT.mp3
0d9833605e5fd0a3fdbdb2399a21b63a,/V2/SN/C/CRV.mp3
120c7ece20c995dfbbddfe691ec9f02e,/V2/SN/C/CRW.mp3
9765c01e15fc91d188f22c4cfef432c7,/V2/SN/C/CRY.mp3
bcd01597711ce702b5f767eeb65b6795,/V2/SN/C/CSA.mp3
6b6de8375b59f16a31cdb18106a9190c,/V2/SN/C/CSB.mp3
53430e3ee7177fa19ed7fb7cc1f59343,/V2/SN/C/CSD.mp3
dbc82f437e06311170aa933844a5015c,/V2/SN/C/CSG.mp3
3099eee58474e2803cb301d456dfc7c2,/V2/SN/C/CSH.mp3
9d1324cc375079a6f1e7a31741e5b20a,/V2/SN/C/CSK.mp3
ed8728661736c0980032e1db400ed694,/V2/SN/C/CSL.mp3
4b85f2368534898fe8b8fc25c820be67,/V2/SN/C/CSM.mp3
970287b0a86d4a139eef2cabdc1a57fe,/V2/SN/C/CSN.mp3
ff8aaa5363ccc72802e03c5055fca1c8,/V2/SN/C/CSO.mp3
155ce76da7934764a8866f3b2adba053,/V2/SN/C/CSR.mp3
0c24d95c297a32d2aa08384cae45bca6,/V2/SN/C/CSS.mp3
414023dfe232160be0989315c6385e8f,/V2/SN/C/CST.mp3
629264b11afd6ce8873a4d6e84557059,/V2/SN/C/CSW.mp3
3976122680dba7aefa02ad558895a7be,/V2/SN/C/CSY.mp3
36ec0e30cdcd6db4fffedbe829b10b32,/V2/SN/C/CTE.mp3
9ecfcbb0851f037c61833a2ca28837e8,/V2/SN/C/CTF.mp3
074ea5f94b48d907647a7078bc7656fe,/V2/SN/C/CTH.mp3
0286ee87228f11e6b34d8d3b643b9c5e,/V2/SN/C/CTK.mp3
e43f841b137461442b745c6ab74564ee,/V2/SN/C/CTL.mp3
eb73236b74c595cae29af90bd22de5fb,/V2/SN/C/CTM.mp3
787e3d259f6e99df2e6d1f07c4cc5ee9,/V2/SN/C/CTN.mp3
269e225cee383e3b69ec3a391b0f73ab,/V2/SN/C/CTO.mp3
7e2d293c34803b108a139c67701906d8,/V2/SN/C/CTR.mp3
d7e9097721a8e9aaa978217deb3cf2f4,/V2/SN/C/CTT.mp3
b2e194189fca11ed353cf51deb0ac199,/V2/SN/C/CTW.mp3
b6fc7abbefd5792c62e1fe4f2f3608e3,/V2/SN/C/CUA.mp3
c01647e74d43edaac93f2789be760535,/V2/SN/C/CUB.mp3
2f991417e829f012c294dcdbab83b3f9,/V2/SN/C/CUD.mp3
4d1935711887af7465f9f6bf03155411,/V2/SN/C/CUF.mp3
30f684159a22c5390c347a44f24d724b,/V2/SN/C/CUH.mp3
298c619af4e80ac95ffecd4ed32caec6,/V2/SN/C/CUM.mp3
2871e30709920fe6339a746f233f14d5,/V2/SN/C/CUP.mp3
6d1ac09a64639106d5dfdf900a4393c4,/V2/SN/C/CUS.mp3
907c5a42e9373f72c3c1c21a5679c3e0,/V2/SN/C/CUW.mp3
b3920238d356d8e0456506f3796bb921,/V2/SN/C/CUX.mp3
e907888af52d41aa25fa998b37d413bc,/V2/SN/C/CWB.mp3
5cd1d646094e373c73b81248b6e9ea0a,/V2/SN/C/CWC.mp3
c0957aa2ad2772c08e1b12e694a326c5,/V2/SN/C/CWD.mp3
c6528bae454a2c79a545daca086bca01,/V2/SN/C/CWE.mp3
3fdf7e7cea3b6b63dc1acd633c6fa2c7,/V2/SN/C/CWH.mp3
8b508772f15eec9e607b6d7f6112ad95,/V2/SN/C/CWL.mp3
e30340662403296afa553e18413123e2,/V2/SN/C/CWM.mp3
5f09efe12cf8ee0e9bbcaa3b53ac185f,/V2/SN/C/CWN.mp3
e421ab1add0196e795692f5b536bfa80,/V2/SN/C/CWS.mp3
9143d58fd480bc9a43fe19bd4ed54b70,/V2/SN/C/CWU.mp3
6d6bcbe923b97a81620d4f78dfb7c173,/V2/SN/C/CWX.mp3
bfcb5486d243e2090843a4dbfc45d9a8,/V2/SN/C/CYB.mp3
2008d71c54dabf9c76f74d20ff2c2342,/V2/SN/C/CYK.mp3
59b8df43058d2070a6f186c89dedfe0d,/V2/SN/C/CYN.mp3
c54340abd29a207c8e0d33509a884e73,/V2/SN/C/CYP.mp3
52eac3da98b2b3b418730dc055437aef,/V2/SN/C/CYS.mp3
7ea8f342f531b63876cd1d2b42f8a096,/V2/SN/C/CYT.mp3
c0bf3d6b647353f26ff4fec6d93d4506,/V2/SN/D/DAG.mp3
55a808f7feff5876505f8223a2a8bb59,/V2/SN/D/DAK.mp3
64f90634e7a6c57cac5ffd0efb9cf63a,/V2/SN/D/DAL.mp3
c45fd547a488558e05a89ccb60275a0a,/V2/SN/D/DAM.mp3
6d43a15de47da184041d0806a46aae69,/V2/SN/D/DAN.mp3
420f1d89ed8d1eb80d010d67f4749372,/V2/SN/D/DAR.mp3
408aaf86bde783af53faed36305b81b4,/V2/SN/D/DAS.mp3
1264029aabef025568bd680935fdbeda,/V2/SN/D/DAT.mp3
b0d7a36587457ff1793e3501fa65b317,/V2/SN/D/DBC.mp3
bec6988780940c204869288d6c8b818b,/V2/SN/D/DBD.mp3
7daf3994a06702a48faab28e91bd0d34,/V2/SN/D/DBE.mp3
0d5f434d4be176c299251bab5bdfb6a5,/V2/SN/D/DBG.mp3
3124f36529883c3ea075dae5a69eb35d,/V2/SN/D/DBL.mp3
5aed01726ab81816e22007c7ac46a474,/V2/SN/D/DBR.mp3
4cbc774d3afd730dbb267dc2626226eb,/V2/SN/D/DBY.mp3
df322a429cf4916c9140e8b9aee81a6a,/V2/SN/D/DCG.mp3
4921808fafd3f470b319724b3a886284,/V2/SN/D/DCH.mp3
ffce9bce2db2e4dc2d35624740dc1913,/V2/SN/D/DCT.mp3
b50ebb4fe1b84fd52aa1d0c8782a8d19,/V2/SN/D/DCW.mp3
7ac5b82e36b923dbe4c6a72856042632,/V2/SN/D/DDG.mp3
5b9101535dab1f1ff623e0832c7a8a25,/V2/SN/D/DDK.mp3
5910fe0c4f455416079326423b004039,/V2/SN/D/DDP.mp3
a60005c118d3e6d20aa7368db007f175,/V2/SN/D/DEA.mp3
cdf9e3b1b386713c2d67c5ecc6eeb7cc,/V2/SN/D/DEE.mp3
41c7e7786fe932a2c50921737cd8a49f,/V2/SN/D/DEN.mp3
dd0f054308fdcf11bb0448ce51653292,/V2/SN/D/DEP.mp3
267572a6731be57dc0535d894434a04e,/V2/SN/D/DEW.mp3
ce311d826d499adf77e6a1b1cece0885,/V2/SN/D/DFD.mp3
ce79432af968235aa4ddbd1fcd0e5e61,/V2/SN/D/DFE.mp3
06017f06c7bc964bd4b799cb51debbc3,/V2/SN/D/DFI.mp3
e2db5ccd99ef713e3eb865cf65c9acb8,/V2/SN/D/DFL.mp3
76b607865f867b920070557d27e76aa2,/V2/SN/D/DFR.mp3
4a43a2839277a04fefd4b1582a51f946,/V2/SN/D/DGC.mp3
c31b31dcef229383d498e0543f2316fb,/V2/SN/D/DGL.mp3
ce484e8f7139eff51341ff67c04b349a,/V2/SN/D/DGT.mp3
4d1398c54e78d9d7abf660eca15d210b,/V2/SN/D/DGY.mp3
021a610d26de5378add27e6e5b87ee1b,/V2/SN/D/DHM.mp3
cdea2768a554988a030dc3a111f83d94,/V2/SN/D/DHN.mp3
451be2b8dc2c66803af89a671a197dcf,/V2/SN/D/DID.mp3
5b7e15219544a141101c54a0bbeece6e,/V2/SN/D/DIG.mp3
6f7ca89f868e81e64c3f188f6390bf23,/V2/SN/D/DIN.mp3
0c9fcdf5f160760cb9c881f461b70915,/V2/SN/D/DIS.mp3
1d750995660b185f7a5123215df200cf,/V2/SN/D/DKD.mp3
d0c163a99de9a7c8ae654b47899e4ad6,/V2/SN/D/DKG.mp3
88112bcd2df8f28cf5e1ff088605ea95,/V2/SN/D/DKT.mp3
bcf20c85744fe102dccd08b34174631b,/V2/SN/D/DLG.mp3
adca7a9f20819c5b131267fbd3ee986b,/V2/SN/D/DLH.mp3
bd6a8687c8cc8816100d533392c48ff6,/V2/SN/D/DLJ.mp3
fb4e700b802c96d6a80332c783acc6f6,/V2/SN/D/DLK.mp3
2c95ae3d42beab50846ed46f78f495e8,/V2/SN/D/DLM.mp3
36b701920bc5e26d1d129757e06e2f85,/V2/SN/D/DLR.mp3
cbefc701d95061627b3cc53690fd2a93,/V2/SN/D/DLS.mp3
e34f132cb0ccf7fbc3306b353b338285,/V2/SN/D/DLT.mp3
d55fe88806a5d3ea7853bb6abae2be23,/V2/SN/D/DLW.mp3
3f292cf5d0126532e46405bf004b65d9,/V2/SN/D/DLY.mp3
0e62e687832998cffee0a5f2ecc5ba0f,/V2/SN/D/DMC.mp3
840cdd205aeb025f34175a8ca878941d,/V2/SN/D/DMF.mp3
45d348e263fa5860532bd52ba403e88b,/V2/SN/D/DMG.mp3
0c17aa7875388261c9314cc1e83849f6,/V2/SN/D/DMH.mp3
7ec7f2b14699da2e1560ff18ec1f6a84,/V2/SN/D/DMK.mp3
ba07355cce748de8400b180541a8a29f,/V2/SN/D/DMP.mp3
22476fd5116962cb431d51ba67cf0596,/V2/SN/D/DMR.mp3
7651b0c29dbf8f36008d719a75e22a51,/V2/SN/D/DMS.mp3
b4c8b4366ce2c9d1cc1b70e239592870,/V2/SN/D/DMY.mp3
680fb142ec8f0a5485096204cade9ef5,/V2/SN/D/DND.mp3
72858e6ed4679bfe81e93db1fe2dfb41,/V2/SN/D/DNG.mp3
e7d16e546de8a6649412919a559c830f,/V2/SN/D/DNL.mp3
c15f9bbac571c816fbb171ae583e06da,/V2/SN/D/DNM.mp3
a719cfb88ab2107f493a5511313508b2,/V2/SN/D/DNO.mp3
2e17c782b132a8217c5b0509496641be,/V2/SN/D/DNS.mp3
1aea69e5d282df81ad2103b877c7fa8e,/V2/SN/D/DNT.mp3
d362b1a6f3080ff70aae0742aba78274,/V2/SN/D/DNY.mp3
7a74470449e8261bc2c3e06b442c7e0e,/V2/SN/D/DOC.mp3
0298f74e88c97125f843306d25cd648b,/V2/SN/D/DOD.mp3
508fec62100ff9f8f016815fc6e2df87,/V2/SN/D/DOL.mp3
fd7cfa81d4c0b03bb0458d8f75f7f8a6,/V2/SN/D/DON.mp3
15b416137de698cca79f3ff5b79bf07c,/V2/SN/D/DOR.mp3
a220e61199913b1a4ad3f289bbd0dca1,/V2/SN/D/DOT.mp3
c76b6b127f6c301aabfefea0dd089a74,/V2/SN/D/DOW.mp3
affff5e73788e7347c935335e81acb18,/V2/SN/D/DPD.mp3
316e63e6ad4d39fe84195793a7b4af3a,/V2/SN/D/DPT.mp3
64af90e75d0fe7593d2910ede976ab42,/V2/SN/D/DRF.mp3
3701f668527ee5bac6f70d8c2c953ba3,/V2/SN/D/DRG.mp3
b124981291f984114332c038d1e8dd5c,/V2/SN/D/DRI.mp3
ddd9660756e16ce19d3687636dfdfa36,/V2/SN/D/DRM.mp3
721ba8660cda184a77f408691d3be187,/V2/SN/D/DRN.mp3
d983fbb9f46aecdd18506ec34df63f36,/V2/SN/D/DRO.mp3
26741d7802e52aad94bfc94978c699d1,/V2/SN/D/DRT.mp3
830adca40a34dee9edececfe3779f364,/V2/SN/D/DRU.mp3
9a80ee6ac1296332df096816fbf84833,/V2/SN/D/DSL.mp3
c3be727c86f70d3294441a20f8880f14,/V2/SN/D/DSM.mp3
2a7561762fdfd083b576ef2109e9cdf5,/V2/SN/D/DST.mp3
70087ba73815a5f783588ba4b0ba705a,/V2/SN/D/DSY.mp3
8a0d92609d38c99b8635ed87a2296d42,/V2/SN/D/DTG.mp3
5c6de47f3d4e0699c9be174d541ed0b7,/V2/SN/D/DTN.mp3
22503bdb1fbe5fa2fff104fb4a66f6a5,/V2/SN/D/DTW.mp3
68dcfcdf378acbdf3bc52ad1ae255ea0,/V2/SN/D/DUD.mp3
4ee54e6f6da634eb25910e24142e8c0a,/V2/SN/D/DUL.mp3
f411040a0acf13b2d7c02c4ac0b8bcb9,/V2/SN/D/DUM.mp3
471908961a7eab37f01109dd0032c6a7,/V2/SN/D/DUN.mp3
4e35a8e5c33c4727f0c078ccdadf2ed0,/V2/SN/D/DUR.mp3
7f1afd0d45f8e34765b429ae3a2594cd,/V2/SN/D/DVC.mp3
db339e226cfdf134767d0482c1af4290,/V2/SN/D/DVH.mp3
ab28e9209be23197725f2780000d3bc6,/V2/SN/D/DVN.mp3
c10ecbbfd9976f5a10c15932efab3203,/V2/SN/D/DVP.mp3
25a957a13160760420a79639b95d5ad3,/V2/SN/D/DVY.mp3
6099c212e65a5cf24bd8b1d802c99a08,/V2/SN/D/DWD.mp3
9caf7a958bfb67a1a1634024ac5fb9c0,/V2/SN/D/DWL.mp3
a1f4e4ffec65d7b7618d6c11fbfd1154,/V2/SN/D/DWN.mp3
166ad14098430e6751a166abf12de5f0,/V2/SN/D/DWW.mp3
1d99ca3a183abfcba04d47c622a0d605,/V2/SN/D/DYC.mp3
92c320366c968a81a66e31fdb5a88cd9,/V2/SN/D/DYF.mp3
bb64da0142a720b4e20448d221c20c54,/V2/SN/D/DYP.mp3
efd59e844597a6e1ea07480a63073906,/V2/SN/D/DZY.mp3
9961e4575216f59571c3c5f3e79bebe2,/V2/SN/E/EAD.mp3
5611e0be54c8bae661853eb46c4da904,/V2/SN/E/EAG.mp3
cc62f53a59c1a43bd323b43543bab703,/V2/SN/E/EAL.mp3
035580327c3d5f2b102467a61b00c69f,/V2/SN/E/EAR.mp3
ceca90dd15183350f3dc310f46ef3857,/V2/SN/E/EBA.mp3
c0fdb8df8f9fc88e38a0c0972c41e6be,/V2/SN/E/EBB.mp3
c710c4a2fd4225600f6e6baf1573f266,/V2/SN/E/EBD.mp3
ad711e244c014147ac8937ff2e45bf14,/V2/SN/E/EBK.mp3
87b1c643e3d8dbf53d9c5501f9021e68,/V2/SN/E/EBL.mp3
4a045f9b9faaff59b551f70ea29c136d,/V2/SN/E/EBN.mp3
cc782137e5c19b3e0139bfad6beb2e88,/V2/SN/E/EBR.mp3
d780a5af0fc2dfd4aae753cae1b5726d,/V2/SN/E/EBT.mp3
80f77e7fa33626ddc4cf40837799e0b5,/V2/SN/E/EBV.mp3
f78ca4d7ab3460cea36aeef68fe88f5a,/V2/SN/E/ECC.mp3
13e4666f3803d86012a22af048d2eb15,/V2/SN/E/ECL.mp3
04123d99a2757e0c4c8c0227ca8a3089,/V2/SN/E/ECP.mp3
98828097d80e6629132a6d1c900727ab,/V2/SN/E/ECR.mp3
27473ca9f049a5785d75fe679e8b5732,/V2/SN/E/ECS.mp3
c6467bf1673abc08772b364aedfb8861,/V2/SN/E/EDB.mp3
3f00ac83f7fa16413cb9207a941900d3,/V2/SN/E/EDG.mp3
cb62756103114008c1af4a67fdbecf26,/V2/SN/E/EDL.mp3
309afcdc610a0c31c421af41e08d1360,/V2/SN/E/EDN.mp3
10bb55b4f90f22f5dca621c78a6bb43a,/V2/SN/E/EDP.mp3
61fa33d3fcc820ee8db2041d229f8826,/V2/SN/E/EDR.mp3
3124e5c9d8a5f9beb2e13760439cd234,/V2/SN/E/EDS.mp3
a1e995468838fcb55d13d74d8b8867ed,/V2/SN/E/EDW.mp3
94e43117155d89915d99b07016dc1175,/V2/SN/E/EDY.mp3
dfd5c0f7c1b29a5ad49426af2a2d6ba9,/V2/SN/E/EFF.mp3
22bdc9a966f3312503751b3327ab789f,/V2/SN/E/EFL.mp3
f298a92648f417ebc296a003e101d569,/V2/SN/E/EGF.mp3
43f8ab70751ef121589e1db0ca27bfe4,/V2/SN/E/EGG.mp3
fbade28a4f4c7daf48e1ea75226610db,/V2/SN/E/EGH.mp3
c655fffed3755aece13b49d71cfcdcc2,/V2/SN/E/EGN.mp3
aa032529af409feb490120ff774e0b92,/V2/SN/E/EGR.mp3
eeb620432e305d47be14dcecc3e9f718,/V2/SN/E/EGT.mp3
ee0ff916c299b9e0e3e61e518e97c23c,/V2/SN/E/EGY.mp3
91f91ababfa13e5648d6b66f187961da,/V2/SN/E/EKB.mp3
2fc4a2d33118f8d70953942f5a1abc82,/V2/SN/E/EKL.mp3
076dee660ae19984ef0c67bd74b85470,/V2/SN/E/ELD.mp3
3da773f3304cd9f08c5cf5ebd4670638,/V2/SN/E/ELE.mp3
a6af388d8b5d3c341cf990c08890d49d,/V2/SN/E/ELG.mp3
5efb4d5ccd7d541a31ab68524fa2d419,/V2/SN/E/ELO.mp3
7e35aad925d758b105bbf221d1500582,/V2/SN/E/ELP.mp3
c43cf07443225057c3eb5fa56a063e92,/V2/SN/E/ELR.mp3
01e396f751948d46cae6f456648f4492,/V2/SN/E/ELS.mp3
a705d2183c7dc4b24dc73f7cc540a0fc,/V2/SN/E/ELT.mp3
ef6968633f879daf9ecfc1181e492856,/V2/SN/E/ELW.mp3
69f5d70c0682a152262bad925a7f5f96,/V2/SN/E/ELY.mp3
884179dba24d3658bba1ff820efc4d30,/V2/SN/E/EMA.mp3
95cc9d571dc10d049ff86cc00bccd2fc,/V2/SN/E/EMD.mp3
44a4616641dc487e8a7b3865daed9922,/V2/SN/E/EML.mp3
6a2ac7b31d8d60d115a59645e9d9a5c0,/V2/SN/E/EMP.mp3
874fe8aa40d49ca7fa949f9b7ef38651,/V2/SN/E/EMS.mp3
ff58ac92a36e18ab596f9fd60faa7e02,/V2/SN/E/ENC.mp3
14398b5b2a80a305dee056ee88fbed5a,/V2/SN/E/ENF.mp3
d7d842334a7c03b28041ac03e4356a59,/V2/SN/E/ENL.mp3
e5a27e0369781e72043a467c878d19dc,/V2/SN/E/ENT.mp3
25308842d6ea4f987928cee7899e2d1d,/V2/SN/E/EPD.mp3
34dbd88663a7f0b9e261a6030a67b9a8,/V2/SN/E/EPH.mp3
d9d1bb0a74410ef76aeb4466aa0393ad,/V2/SN/E/EPS.mp3
89e88c50ebce055a06897e779917119d,/V2/SN/E/ERA.mp3
cd3403023b9eae0936bd30faa376f512,/V2/SN/E/ERD.mp3
46416c61cae294a972442ed6407e8690,/V2/SN/E/ERH.mp3
48be36d2fbf574e712c22671b67b92f0,/V2/SN/E/ERI.mp3
300adf325525ef3c15ecd4b0a7f49170,/V2/SN/E/ERL.mp3
4ac5f345a200db26022a02fcd3202718,/V2/SN/E/ESD.mp3
e8c70f0e472c77ae1933cdb3b83a638d,/V2/SN/E/ESH.mp3
479a4131115b6b11f7bee1fe67c275e3,/V2/SN/E/ESL.mp3
c8952622766cad489c0268e02d5200b9,/V2/SN/E/ESM.mp3
02138b19a87309d62127db2362bcaada,/V2/SN/E/EST.mp3
41e133c48e734aec333afa2ad5f60373,/V2/SN/E/ESW.mp3
6a7df0b2bfaaee3e899028d9da235e82,/V2/SN/E/ETC.mp3
c2f548849c6b3b578fb727869139f456,/V2/SN/E/ETL.mp3
0aea0bfdf8ec1f43305e8ca840e504d0,/V2/SN/E/EUS.mp3
f1bfc6f5d9bfe255a7558a3e353ff5f0,/V2/SN/E/EVE.mp3
b6b839793bb27cfea344d3b9375b6ab1,/V2/SN/E/EWD.mp3
5aed427846d6b207f44823f2fab8f820,/V2/SN/E/EWE.mp3
dc4e6c741d4ba86e076b6cfd12262e47,/V2/SN/E/EWR.mp3
f6f976f8636ef10d7d4657843f3a5f89,/V2/SN/E/EWW.mp3
9cade7ab03c1306b4d0de29276099aa1,/V2/SN/E/EXC.mp3
2e7c49a289d54f9e5a7076d3bb5bcc54,/V2/SN/E/EXD.mp3
2cffbb21960956258693ebf2dfecc544,/V2/SN/E/EXG.mp3
7a7bd9da3bcaee9eeae57df8c67f42c8,/V2/SN/E/EXM.mp3
56f5cb84bf6e528deac09b3ce1308591,/V2/SN/E/EXN.mp3
9da24d9dd12f27589bb10bc34d5eceec,/V2/SN/E/EXR.mp3
aa6df14edbd82df54c3f54f90fe52340,/V2/SN/E/EXT.mp3
1dba55966718fd120e71c7955c85307a,/V2/SN/E/EYN.mp3
d63a4fb8e14765fe84e0fca72e8be43a,/V2/SN/F/FAL.mp3
a9e64a1e87f709c1ce2fd3909c0003f4,/V2/SN/F/FAV.mp3
5b964f63fc8a4066677820c721c9c28d,/V2/SN/F/FAZ.mp3
d289e6b52ee90fb9eb9fcaecfd3ebf4a,/V2/SN/F/FBY.mp3
aab3c30c9a5f0252ac0b078ff6f71eb0,/V2/SN/F/FCN.mp3
2b2e7196e5581ba4108ec9c70cf7d10a,/V2/SN/F/FEA.mp3
36ab19e0d76744e5eb7b7d5124573d7b,/V2/SN/F/FEL.mp3
cab5793d69aa2368080dd487d6e53307,/V2/SN/F/FEN.mp3
0083e16680362154e0c93336a0ffe4de,/V2/SN/F/FER.mp3
e594783e57e2ccf4320a066934759728,/V2/SN/F/FFA.mp3
82503a3dea60f81c8f3f5b8b233cc7ca,/V2/SN/F/FFD.mp3
76dcec48a9ac6c5779d5f0aa2ec83de2,/V2/SN/F/FGH.mp3
1de1518cf3f6e2447ecc05d27d05ed53,/V2/SN/F/FGT.mp3
47527c17487acb11950041b963481785,/V2/SN/F/FGW.mp3
17af0d2074ad84221eeb9db8fff2cac5,/V2/SN/F/FIL.mp3
1d35bfa3f10b8a655e327b22c13d5530,/V2/SN/F/FIN.mp3
68328208c7ed33e54432ca064f0a8919,/V2/SN/F/FIT.mp3
6a6f0a4d634f5b62c465ed6db939b459,/V2/SN/F/FKC.mp3
bfcec46dc7d55967b55ffb156dbc56c2,/V2/SN/F/FKG.mp3
b12764b5adc5e96190acf0de3348450f,/V2/SN/F/FKK.mp3
105262a014745f31a766b42047d7be3f,/V2/SN/F/FKW.mp3
8738c4cec950e9747d8c141987fac4e5,/V2/SN/F/FLD.mp3
940bb362b6f01f0424986dd6c0618537,/V2/SN/F/FLE.mp3
5754cfd5e0d0968210cfeb677c173e12,/V2/SN/F/FLF.mp3
681b1bbb7fcc624b7db5de784656b033,/V2/SN/F/FLI.mp3
5b8669adf018c0dc4aa347283130eed2,/V2/SN/F/FLM.mp3
d420922d21caf3273b7643eb80629a1a,/V2/SN/F/FLN.mp3
467d496ee7085e5d841edbc7eef5489d,/V2/SN/F/FLT.mp3
dd0d015a61ccfc31071662239a52c367,/V2/SN/F/FLW.mp3
38abad4d98e2779ecfd4b095fbd23bbe,/V2/SN/F/FLX.mp3
7c00b64479eead934aee0f0c16ae1234,/V2/SN/F/FML.mp3
38518fd1878cf8c261ebf3c858c40983,/V2/SN/F/FMR.mp3
d639660459eefd5c248e0977e566cc45,/V2/SN/F/FMT.mp3
48b5ec79a411601c5737c210ed3fdfcd,/V2/SN/F/FNB.mp3
2e10f9724c8a6059bac35eca080e8b2d,/V2/SN/F/FNC.mp3
08a495b4651c0fc2f11942e79f3c01f3,/V2/SN/F/FNH.mp3
ee11641c79ed31f627011a1652528058,/V2/SN/F/FNN.mp3
6d9dd9bea3b05174293f115d06791d4c,/V2/SN/F/FNR.mp3
6eb681821ca1cd9c1485b5151d71e0eb,/V2/SN/F/FNT.mp3
a907de20b326087e1eed853df0ae74fa,/V2/SN/F/FNV.mp3
729700d0cffeeead58941d3b387a49b6,/V2/SN/F/FNW.mp3
024e3183bb952a4b6cfbffcfbbe8af3e,/V2/SN/F/FNY.mp3
2ed34bd348e43b5ef3f33653597583ba,/V2/SN/F/FOC.mp3
fd71a046f4ef704e522ad2979ae9d780,/V2/SN/F/FOD.mp3
db9038c7c3b791015c1a6451ba0e98b4,/V2/SN/F/FOG.mp3
275adcc40f25975a1ee619382486c96a,/V2/SN/F/FOH.mp3
2b4130fe2c08c56ab6e293521e6f5119,/V2/SN/F/FOK.mp3
fe5c951463123786db11bf92f96d2a4b,/V2/SN/F/FOR.mp3
1a464ba1d6e58c86df9fba923d5fc090,/V2/SN/F/FOX.mp3
ee5e15a3bd95bc3a8203c9f0cb2235fa,/V2/SN/F/FPK.mp3
aa70f2e900bab46ee817e0342a9ab18a,/V2/SN/F/FRB.mp3
d3eac849f6f71f4f88fdb637a2d8cc21,/V2/SN/F/FRD.mp3
933c9755946c2480e60e84c22787a79f,/V2/SN/F/FRE.mp3
136bd4543041e6596adcf202fafe316f,/V2/SN/F/FRF.mp3
9012ea474eee0a761eb9721c6367e0cb,/V2/SN/F/FRI.mp3
e3ce78876dd2a980eb8e3c20a583c26d,/V2/SN/F/FRL.mp3
0d01aff148f970cdb17fbe49b318a482,/V2/SN/F/FRM.mp3
ceaa9cea1e337574ddb80a407ab7a3d2,/V2/SN/F/FRN.mp3
7d2bbea214ba7723b427a3516deea20a,/V2/SN/F/FRO.mp3
293fc3506e1b1f000647276c66b94c99,/V2/SN/F/FRS.mp3
49c67b5414db5b8d2696a9223d2fde2e,/V2/SN/F/FRT.mp3
fcd6d97cb5a2b05792aa78e917162f4a,/V2/SN/F/FRW.mp3
843f99d393447a9f027ea37356bbcd17,/V2/SN/F/FRY.mp3
cf4b9bf525dd52a7f47ab4342a2b7939,/V2/SN/F/FSB.mp3
f8c983c94ae00f05fdb866d9562d15a0,/V2/SN/F/FSG.mp3
b11044884f35ba39a0feb5f7efae5a0f,/V2/SN/F/FSK.mp3
e6c3bdb4d2893fde2be9ebfe10ccd5c3,/V2/SN/F/FST.mp3
2a0612165421023b1be882b81a97f168,/V2/SN/F/FTM.mp3
994700126c3d0b16262ad8c25c9373b0,/V2/SN/F/FTN.mp3
fa53a4e08724f16abea7f09533c759a4,/V2/SN/F/FTW.mp3
cf6507ee7e730071eb6b96aea17e47fc,/V2/SN/F/FWY.mp3
e106bc0eb251342b70233f50b0aca2e4,/V2/SN/F/FXN.mp3
e78dedb958943faa91d1f60d3cd23189,/V2/SN/F/FYS.mp3
f8f1c4cb395c7ff98efa1a2618cda20d,/V2/SN/F/FZH.mp3
3a2cb440b338c33e680e8ff2825276ed,/V2/SN/F/FZP.mp3
31dfc4accdb986820f5d965f5c070e64,/V2/SN/F/FZW.mp3
fdb6356cdecf932b8cb218fbb542bdc0,/V2/SN/G/GAL.mp3
6de39c1579f1b365a214fd72281b6879,/V2/SN/G/GAR.mp3
909a67de2a9e9befb7ef5e1274915726,/V2/SN/G/GBD.mp3
3d154eb7aacf260eeb4582a16e56f711,/V2/SN/G/GBG.mp3
0cc0a1ca2c2e8a3593cdeaf90798f7bb,/V2/SN/G/GBK.mp3
bd26d767d782f709e843e9fbb2bddeca,/V2/SN/G/GBL.mp3
6f766dc505e01d222e06954ff97addba,/V2/SN/G/GBS.mp3
866fb85be7a771e64d96b8b5ecc9f337,/V2/SN/G/GCH.mp3
12717a009f8573af2a7b5e93d8060def,/V2/SN/G/GCR.mp3
4fab823597b98a1501354dd227949a91,/V2/SN/G/GCT.mp3
49bbc6c05d00444bcfb0ad8b6731964d,/V2/SN/G/GCW.mp3
55d53cc4ea448391716fb05fb342f808,/V2/SN/G/GDH.mp3
ea6afe51c5436f7af71f7be66df46e4f,/V2/SN/G/GDL.mp3
1213e869d0c378db119fa805aad04200,/V2/SN/G/GDN.mp3
118cc0fee24649fafacc84c1360507a2,/V2/SN/G/GDP.mp3
6c043f3b0241bd6238dd2d60b65e06d7,/V2/SN/G/GEA.mp3
d8330386e4514001fd398cbd52e3b513,/V2/SN/G/GER.mp3
1f11072158978b680304f7edaa67e3ad,/V2/SN/G/GFD.mp3
1b9caa68fb96820377002551fb143ac4,/V2/SN/G/GFF.mp3
caf6b3e0bd4a464a8452a5cd07e89d56,/V2/SN/G/GFN.mp3
f63d6be9a813730cdf866312d33db15a,/V2/SN/G/GGJ.mp3
6593d4900b3aef370ce602bf96d627a2,/V2/SN/G/GGV.mp3
bef868c7d6366c28a2bc7f8587fef7de,/V2/SN/G/GIG.mp3
5bd7b599c2033f7a6505b85e54fb1330,/V2/SN/G/GIL.mp3
173f4138d1c721c619f1b002c1ff4158,/V2/SN/G/GIP.mp3
ed80cfaffcd2ca983a580ba6d66a3206,/V2/SN/G/GIR.mp3
bad012b5b2aa1c1d2e847d257c59885c,/V2/SN/G/GKC.mp3
b3892c0f894c6814bba23cbfdb8921d7,/V2/SN/G/GKW.mp3
344c5183c98b06313dd7a105ed85f832,/V2/SN/G/GLC.mp3
cb22b8675081865f8f849629c1ef7427,/V2/SN/G/GLD.mp3
170ee46c8b602feb8df86b16ce67c971,/V2/SN/G/GLE.mp3
b057b6b48f8b60eb24bdeda6636c7de8,/V2/SN/G/GLF.mp3
59aae45d21be0b421b23c63b462b4dd2,/V2/SN/G/GLG.mp3
d316b617525e10f902ec5c5df02ed242,/V2/SN/G/GLH.mp3
43a37bec9ad1b2b43ffe4f4d1b7c03b9,/V2/SN/G/GLM.mp3
aae6e2936467c4c3fa42f1b158070559,/V2/SN/G/GLO.mp3
81b7163cee9584279882044aea1eac44,/V2/SN/G/GLQ.mp3
7e528e8e112f29282d3d3e7f4f53310d,/V2/SN/G/GLS.mp3
3572432c8d9c91c1c274c4ee437c87eb,/V2/SN/G/GLT.mp3
97cc01a74974fcff859d229312978e10,/V2/SN/G/GLY.mp3
5a0151ba319a50b325b5ed5abe46ebba,/V2/SN/G/GLZ.mp3
6260966e7f99e8eabc17e3b759d21784,/V2/SN/G/GMB.mp3
b61bae108ffda3d5b6947aa33d353de1,/V2/SN/G/GMD.mp3
94c2c95f89e822c1cd044a1a4083f82e,/V2/SN/G/GMG.mp3
5af1913cd19896ea48a7b70e1a86fcc8,/V2/SN/G/GMN.mp3
6fb0cd68f44fab8190b8dc38c8abe39b,/V2/SN/G/GMT.mp3
41bef6803a5031f219d1b3ef39ae2b27,/V2/SN/G/GMV.mp3
8b982df22a4230a0ec25ef4244c412ae,/V2/SN/G/GMY.mp3
d6247c8a0e38d07bb157dfbc7860f239,/V2/SN/G/GNB.mp3
d4ef4b3c8ee4647385b0d41c946ea2d0,/V2/SN/G/GNF.mp3
c02ab543149e6e0d9b2fd7a4a986b639,/V2/SN/G/GNH.mp3
4b641ee4d72bd74617d8d17162d5098b,/V2/SN/G/GNL.mp3
1c7361429da710b0928361be08ae8073,/V2/SN/G/GNR.mp3
06714d69171a50254642bf8c5bc7f100,/V2/SN/G/GNT.mp3
c047c7565902f0ece3b2866fc5a2744e,/V2/SN/G/GNW.mp3
820145a14eb943fca329c642ffc3e103,/V2/SN/G/GOB.mp3
563dd42924835285119f13a613b2b2b8,/V2/SN/G/GOD.mp3
86f44a9871dd2b6932a97edb54057213,/V2/SN/G/GOE.mp3
e531f069bbcf020c3d38621b4c45079b,/V2/SN/G/GOF.mp3
96db4561b1f41c9ad6930634107b9258,/V2/SN/G/GOL.mp3
703403e92cc99aaa7299077dfc26c743,/V2/SN/G/GOM.mp3
ab0a60658d771ab986f87c8b9e6aee5c,/V2/SN/G/GOO.mp3
9a81467261d7ac834916f5325d74339e,/V2/SN/G/GOR.mp3
6fc39ab066e4cd77e7dac0d2c176bfcc,/V2/SN/G/GOS.mp3
f58d3ee2e202836ffea2a414cbcc209d,/V2/SN/G/GOX.mp3
e9dde5a708b1999faa489bf5697130dc,/V2/SN/G/GPK.mp3
1b3069eec242ddd9823671c556d31986,/V2/SN/G/GPO.mp3
05b17474ad7aa75dbce3879669c78e7a,/V2/SN/G/GRA.mp3
54c3ec9c43b4ad77940199892f025f59,/V2/SN/G/GRB.mp3
1cb40a6ae182439d749fff786b3dfc79,/V2/SN/G/GRC.mp3
75342a97d031a8faa60e069346bf5b40,/V2/SN/G/GRF.mp3
8094c2c398bc2ae46149da483050a6bd,/V2/SN/G/GRH.mp3
0663865f731a03a306a585646566793d,/V2/SN/G/GRK.mp3
3cf120c318cfc62e3bf8a721139d351b,/V2/SN/G/GRL.mp3
697bc337f5b26e8b2ef52046be9f18e8,/V2/SN/G/GRN.mp3
4f9bc9fd30d8843ba3299563ef401719,/V2/SN/G/GRP.mp3
015371f805a4844436c34dbb72ecebd8,/V2/SN/G/GRS.mp3
5a1a554996c1f5f1b02f99085fd8807e,/V2/SN/G/GRT.mp3
be9561840fa8a3bdae442029fc97d4f4,/V2/SN/G/GRV.mp3
8881b24007c79e5558837c57d56791aa,/V2/SN/G/GRY.mp3
bb0b0f482521755a3851fa1650ccf452,/V2/SN/G/GSC.mp3
0b0525e7883ae657c5cb9f9221467152,/V2/SN/G/GSD.mp3
16f398b7baf5527c3bed8571a7e1018d,/V2/SN/G/GSL.mp3
dc8ef1c40846e173f78b88af7f407c15,/V2/SN/G/GSN.mp3
4e07e1787401b29122288c5773f77f05,/V2/SN/G/GST.mp3
7ec8fb1dfebb14591d57070e69cd1b62,/V2/SN/G/GSW.mp3
9a5416a8c8bb78e9799a758d7d86d24a,/V2/SN/G/GSY.mp3
566b3f8b2a384e93c837df0c8badf428,/V2/SN/G/GTA.mp3
8f4f7b522e0a7d7d94842e6c99f2c814,/V2/SN/G/GTH.mp3
c919096bb3c1e73f215ff53630ae2cff,/V2/SN/G/GTN.mp3
f316ce043a9eab2037b4d4fda3486257,/V2/SN/G/GTO.mp3
4b864f0067217a56718e9297aaebbd8e,/V2/SN/G/GTR.mp3
e910d943e4b5cbd9a0e2ce255aa3fd68,/V2/SN/G/GTW.mp3
d3f0b588b7c577f6fff1aabba7026dfa,/V2/SN/G/GTY.mp3
3e78d7b1beec89f42eb8d9369d1f3d58,/V2/SN/G/GUI.mp3
b83e2c743f941c81fcaa4d49c79f9524,/V2/SN/G/GUN.mp3
60460e24bed551dd1d0331c34742d30c,/V2/SN/G/GVE.mp3
93b894205fbb30cbf0ed2093fa043101,/V2/SN/G/GVH.mp3
a35d0c6339c3d39c8e79e0eb5274d83f,/V2/SN/G/GWE.mp3
96943df3b1685b8e697cdd281f625e65,/V2/SN/G/GWN.mp3
d9cae77cf5e2658467b0809167045770,/V2/SN/G/GYM.mp3
d9639f6df185a68847d283ad2152b8c4,/V2/SN/G/GYP.mp3
3ed4a5a5d86464a78b74f54ab037d2ce,/V2/SN/H/HAB.mp3
ad7eed4ed1f3d6aae62c4dbd07b276fc,/V2/SN/H/HAC.mp3
adaf32a6bfda1404ea8a24c375948ccc,/V2/SN/H/HAD.mp3
ed7de185f4ef334bc1ec9ccbac7e6382,/V2/SN/H/HAF.mp3
795377f4203d53892eabc249d796e9bf,/V2/SN/H/HAG.mp3
5e9e2a0f67734f74153ff2e32cd6b6c2,/V2/SN/H/HAI.mp3
6c09dc9a417b5d704601249e36c3ce08,/V2/SN/H/HAL.mp3
41db91e3f36e1a7076853eb5ad26b859,/V2/SN/H/HAM.mp3
6418cf68a382327a96e97acd5152a326,/V2/SN/H/HAN.mp3
bf1fab91168cd909f0ae9c442932da4c,/V2/SN/H/HAP.mp3
057022f0c84ee46275073e566036c093,/V2/SN/H/HAS.mp3
5d6d45ea376b2fbe307327960a52498b,/V2/SN/H/HAT.mp3
d2bb306a2ed25bfd9182cae941fedee9,/V2/SN/H/HAV.mp3
9aa42f609ac6f21da0a53d836f638d35,/V2/SN/H/HAY.mp3
72925067b443f5462fdfdebe1c161f81,/V2/SN/H/HAZ.mp3
80b8494f2da99032571becb309349560,/V2/SN/H/HBB.mp3
f82e2043eba688d685df6dc5d651a90e,/V2/SN/H/HBD.mp3
295e030aa04a5134c3c1895255ae2ae9,/V2/SN/H/HBL.mp3
48b001aa9c6e273a55152f4625187635,/V2/SN/H/HBN.mp3
b3d781d8a76a984e238ca1b6d132b4a6,/V2/SN/H/HBP.mp3
7fef1138bef9966431424fb00cd2941a,/V2/SN/H/HBY.mp3
6261ead301e81d27f3b33af31d36685c,/V2/SN/H/HCB.mp3
a2561b4248e6abe8b881687747ce7208,/V2/SN/H/HCH.mp3
54701f994def9ae5aac03c7106c495f8,/V2/SN/H/HCN.mp3
2b99d732dcd623782f824562dcc52b19,/V2/SN/H/HCT.mp3
f383a4efcb8e3d0fa9c93872293554ef,/V2/SN/H/HDB.mp3
4de0ba68e7b3f05e87837074530f060c,/V2/SN/H/HDE.mp3
34aaadd0bf1570c77d0f2ea112ae4c18,/V2/SN/H/HDF.mp3
1dfafbfabb2e9da5d33a12e5902169fa,/V2/SN/H/HDG.mp3
2d2de3825779608fde0959014c6a688e,/V2/SN/H/HDH.mp3
d9ff895b0a234618985df731ffaf6708,/V2/SN/H/HDL.mp3
3a97d0a391e7f0b8dcb826af2a44bb25,/V2/SN/H/HDM.mp3
9e99ec29874f3523cb6ded7bf54cb00d,/V2/SN/H/HDN.mp3
56f00e62937bc85870c373705889cf44,/V2/SN/H/HDW.mp3
cc865e8fed7666c4699ac60f65c5a640,/V2/SN/H/HDY.mp3
301e8a829d26492cc63446c6484bbdbe,/V2/SN/H/HEC.mp3
7488b2e538de973eb6525bbc29311ade,/V2/SN/H/HED.mp3
33e945fb071703bc4148ffd6cf4a5bdc,/V2/SN/H/HEI.mp3
824218b85a8d0c995a0f5b2ec2ba091b,/V2/SN/H/HEL.mp3
d6e41f1f7055972dfccc86d54f4ebe12,/V2/SN/H/HEN.mp3
8e4a8f7c5b24481bb0a89fb3b6462965,/V2/SN/H/HER.mp3
1a5d8ec1dde6de02ea9fda0387173c6a,/V2/SN/H/HES.mp3
d2be689063dfa3e64c201069349ec776,/V2/SN/H/HEV.mp3
46cd5884871a70dbb603ab579db3d4c7,/V2/SN/H/HEW.mp3
2472be475aa6a647c5ce095adba317c8,/V2/SN/H/HEX.mp3
88b6c0ddd6bc605632449c3149f0e7bd,/V2/SN/H/HFD.mp3
2124319ec91f22a33214f473e5cc3a34,/V2/SN/H/HFE.mp3
15db06bd6885e33bfcebcfb16ed224a8,/V2/SN/H/HFN.mp3
ff126f8e70055ee5a177351bcdc43713,/V2/SN/H/HFS.mp3
afe1f2e299f7cd6b07695e373ff4c914,/V2/SN/H/HFX.mp3
e332f929486593329e7f6313846cc1db,/V2/SN/H/HGD.mp3
87ac1d25442c573c991883e08990e8aa,/V2/SN/H/HGF.mp3
ae07f4c720b0c991a763de61274c399a,/V2/SN/H/HGG.mp3
29f336f98babec0602eeeee1cd65b933,/V2/SN/H/HGM.mp3
4b4e77dfef9abf0d4991971f7da1ab0c,/V2/SN/H/HGN.mp3
b54157485e2bf391d50f1f0eff4cd686,/V2/SN/H/HGR.mp3
f15e86688363ac35ddee89fdf0f6fc65,/V2/SN/H/HGS.mp3
cc4e9de65752000cbe0d52c0f1419bcf,/V2/SN/H/HGT.mp3
8802f58613dbd713b18f7a585a5067f2,/V2/SN/H/HGY.mp3
783b560f26b57c9bc1d60fa2004a34cc,/V2/SN/H/HHB.mp3
b8a326f32dd6e21fe9ebee998e99be99,/V2/SN/H/HHD.mp3
b1c0bee7bc77deaf28313673f8758425,/V2/SN/H/HHE.mp3
af3a4ab585fa7ba2b8e082e87ac928f0,/V2/SN/H/HHL.mp3
76ee9245fb45ba3e19ac9e0422d43c9c,/V2/SN/H/HHY.mp3
1acd3d3871b02292fa42e995bd2de04c,/V2/SN/H/HIA.mp3
4fe1fb5b1afb90f51cf9858f9b9238ad,/V2/SN/H/HIB.mp3
9611628e7fe3d8296656c0844ff39f38,/V2/SN/H/HID.mp3
25642814a4faff40284dbec531adb8f7,/V2/SN/H/HIG.mp3
9bb67a3c0f084a1bf74fd950de0ce2f7,/V2/SN/H/HIL.mp3
a184bbbb8597af6d915c8ed50f15e154,/V2/SN/H/HIN.mp3
f279c0018fb3c3b30854071c68b037b2,/V2/SN/H/HIP.mp3
4649b8f3c0ee238b0931c0deb108474d,/V2/SN/H/HIR.mp3
161cc7806ca36114a5e428bf35e15c06,/V2/SN/H/HIT.mp3
ea00eb834db942aa9df2c157d8beab93,/V2/SN/H/HKC.mp3
f94b88ed3262ec9668e9104b4cebf64f,/V2/SN/H/HKH.mp3
d7f9583cd5f56e7521a0750a9585d3cc,/V2/SN/H/HKM.mp3
826491ba90a723286ddaab97c737c0d9,/V2/SN/H/HKN.mp3
a35077c3ea86c6bb49fd0f4d1dbec484,/V2/SN/H/HKW.mp3
231889d1296b0c582ece8fb11d614515,/V2/SN/H/HLB.mp3
28e844eff6170bdec3dee47f0bafe6da,/V2/SN/H/HLC.mp3
91f2bcb809194076ca30e5694254cff4,/V2/SN/H/HLD.mp3
b9e77645a0c2d45a4054104cd78e3dfa,/V2/SN/H/HLE.mp3
648e3a78206c659a436eb2531ace9af1,/V2/SN/H/HLF.mp3
2fb4d5b2e7ac131c4657c6dfc13cfd74,/V2/SN/H/HLG.mp3
151db3b2259d559b3ecf79dc454e4b9d,/V2/SN/H/HLI.mp3
1ee133c82ed1f77cfe66611e3ff3920a,/V2/SN/H/HLL.mp3
56c112ce4cdadc5a92d5ba2f8a450a2b,/V2/SN/H/HLM.mp3
a425689291213edd5576c381a27ac3a0,/V2/SN/H/HLN.mp3
4842584ae94c8eab267fbdea3e333595,/V2/SN/H/HLR.mp3
f74518cae8ca950260930e8cc43d1f25,/V2/SN/H/HLS.mp3
3aa4e294d7200669eeca21feca99df85,/V2/SN/H/HLU.mp3
0339b9fb6473a09f70d02950d0cb3a01,/V2/SN/H/HLW.mp3
e23cd009a0044cbd698dda9092c0c10c,/V2/SN/H/HLY.mp3
ecd073a2dad10e63026b5aa2835074a7,/V2/SN/H/HMC.mp3
7c5505bc28c7e0ff3f1011a8e8864c68,/V2/SN/H/HMD.mp3
45bcc120d42a7216c93c05ca44d45380,/V2/SN/H/HME.mp3
9f411d39cd161c5cd7045071c3feaa94,/V2/SN/H/HML.mp3
3da757105016accb7ef66e1ab4ef9e99,/V2/SN/H/HMM.mp3
9851ebe03aa08ac8a996bce3c27b72ae,/V2/SN/H/HMN.mp3
61795870554cc6b8f56259a79f45fa12,/V2/SN/H/HMP.mp3
5d18adf1fb1f9aa205391a66a8348736,/V2/SN/H/HMS.mp3
49469e95b20aeedfff31dcae0f7e3d70,/V2/SN/H/HMT.mp3
fca65246adae05b6975ad41fdebc98e2,/V2/SN/H/HMW.mp3
09194cabd072eab1e518e625bd7725a9,/V2/SN/H/HMY.mp3
a1ebd9bcd9c834e1a22f54d2687211c5,/V2/SN/H/HNA.mp3
09b50c34abef02afa821c72e51a6b6b0,/V2/SN/H/HNB.mp3
8642759183807b66e6b4ef3382c5f498,/V2/SN/H/HNC.mp3
6fd49e616a0bd1f8fc2c0cf273cc3810,/V2/SN/H/HND.mp3
42024e8c98175f1b6bfd7e174ed81097,/V2/SN/H/HNF.mp3
cd2ea21d34afc19968cd55af9d4bbf96,/V2/SN/H/HNG.mp3
fa0f1acece2801fbb51d29b95875c77a,/V2/SN/H/HNH.mp3
160d142df9374613254d7e2485d27c23,/V2/SN/H/HNK.mp3
5ecef706a867055280aecefa1fe815f1,/V2/SN/H/HNL.mp3
28886ba39a4c777e93ce53681fae9b91,/V2/SN/H/HNT.mp3
da95521ebc3e6a1c9632c09cb2cba7fa,/V2/SN/H/HNW.mp3
9847af780c7a1a2351b919009d6019c9,/V2/SN/H/HNX.mp3
ea6576e3ee2a8b997781da9e6f98c197,/V2/SN/H/HOC.mp3
cab90346f0ba2c23fc67783d50c722e6,/V2/SN/H/HOH.mp3
c40924a1052b7df157cb6aa2e2aabffb,/V2/SN/H/HOK.mp3
d98cb8bc74be6247cea77fcc660f5226,/V2/SN/H/HOL.mp3
b3dcd5d358343786369fa057cbb0ca89,/V2/SN/H/HON.mp3
19324810c8b74bd5abaef686dba7c42c,/V2/SN/H/HOO.mp3
0d9bdb6db3ed94abde619fb1a1c706ad,/V2/SN/H/HOP.mp3
303b36f28ba59ddc79f9b1d168bf3ee3,/V2/SN/H/HOR.mp3
83407801c77fce262ce6216611020244,/V2/SN/H/HOT.mp3
f648483e708a1e434db92f28321d004b,/V2/SN/H/HOU.mp3
7d8beb54440a25ebb7b502c99cdd310e,/V2/SN/H/HOV.mp3
d1f8b34b1516fdd447ca77e9fb4c0dfb,/V2/SN/H/HOW.mp3
ac912ecc1dd5fb30e65e258d8afd59c6,/V2/SN/H/HOX.mp3
7353a22ffbf528e92a45678697f8bde7,/V2/SN/H/HOY.mp3
c3075c8fc9d28a9f06a384cab1a3890e,/V2/SN/H/HOZ.mp3
413f80fcbbc502856200bf26b7fb72a1,/V2/SN/H/HPA.mp3
5619e43124de9065cebcb658fc2937e5,/V2/SN/H/HPD.mp3
7e10fbd4ad129be9282599da2dbecd6a,/V2/SN/H/HPE.mp3
2f2b24f49968c0b6e48f6e801cc5fcfa,/V2/SN/H/HPL.mp3
7c6f880989e03f8ad1f21e2337dfc0e7,/V2/SN/H/HPN.mp3
2c36676c50b60ba5b48e675ecaf94ecd,/V2/SN/H/HPQ.mp3
4267f6cb39b3ff39936b551bcaa6b6f5,/V2/SN/H/HPT.mp3
73ee111bef106e0b5e6b787f22c88947,/V2/SN/H/HRD.mp3
7042d21f3b0c257809214c240ca25fc9,/V2/SN/H/HRE.mp3
1973061c2a97606d0978ceed4d17898b,/V2/SN/H/HRH.mp3
f8c78922e966569d3b031731f15ea16c,/V2/SN/H/HRL.mp3
4848c314456e8cb9897379021a88eb58,/V2/SN/H/HRM.mp3
71d47fedf6c7778beb47f16e38145c6a,/V2/SN/H/HRN.mp3
3c2e9917772a7b5eeb2572649146a015,/V2/SN/H/HRO.mp3
e74814c7caf24809766bfed7c3d2eff5,/V2/SN/H/HRR.mp3
736d232a9a2c58ea1496cd3b190b48e7,/V2/SN/H/HRS.mp3
dde7c4c9230f44f9f87a9ec4f1132b4f,/V2/SN/H/HRW.mp3
f595e07d4868c5ac4e2bc08537123a55,/V2/SN/H/HRY.mp3
71460a1fd17960d019956feb6b4078e8,/V2/SN/H/HSB.mp3
d7e29cdaaa23bf0e24408ef48777734b,/V2/SN/H/HSC.mp3
1312829499f794bfa4bdcae6c5c3f709,/V2/SN/H/HSD.mp3
0fb82bf0fe75d63021ba709b836eb953,/V2/SN/H/HSG.mp3
3276441e0a144d66746251af5a1658e4,/V2/SN/H/HSK.mp3
9e0930cbe6a1ead899249f4030eda2e0,/V2/SN/H/HSL.mp3
fe54e4fbdcd0916aa39e0de63a3411dd,/V2/SN/H/HST.mp3
77238f8f18d90866f49e273203ef8e11,/V2/SN/H/HSW.mp3
2cbe1ef09e5dfabb453af255b94f0d82,/V2/SN/H/HSY.mp3
dfb41fa57253870997ba313fb569c5a8,/V2/SN/H/HTC.mp3
f859262003cd9be53b9984d7830d78ce,/V2/SN/H/HTE.mp3
7fe3b94af1d3e457044a8ab68ce6b386,/V2/SN/H/HTF.mp3
27b6be17e26d14133929f97e9a3dd10b,/V2/SN/H/HTH.mp3
1aaa269afd87df0db181d56fa0a02fe2,/V2/SN/H/HTN.mp3
f3e8b5ab2dd1408ca5d7c14aa6b910a8,/V2/SN/H/HTO.mp3
72928ffe840f7332d7477b96b9a35374,/V2/SN/H/HTW.mp3
2791455e9c6edb134e1065a805b2aa6c,/V2/SN/H/HTY.mp3
e9d1c2c3bd999379f1721202d52bddf7,/V2/SN/H/HUB.mp3
1d15becc5bfa7b8543a3be257722854d,/V2/SN/H/HUD.mp3
69ee112352a0a6c90a7aebbbe52653bd,/V2/SN/H/HUL.mp3
e395a69773491b6e9b565872a044bbbe,/V2/SN/H/HUN.mp3
45920a5ca2900d2466eda27b3d8b18d4,/V2/SN/H/HUP.mp3
94f8578cac6e36d8931ebe2ec947e00a,/V2/SN/H/HUR.mp3
0f842baff85045f40f4e21feaec35fd5,/V2/SN/H/HUT.mp3
896aee4b6423c66b0355169d09f4d326,/V2/SN/H/HUY.mp3
d0060efb83d8e3893f4feee7defdad79,/V2/SN/H/HVF.mp3
903171c138595b181e7789c1cda2e0be,/V2/SN/H/HVN.mp3
da0f4af6801ef6b9f46fb9d914faba64,/V2/SN/H/HWB.mp3
65ce166c319c74c7b5355019ab7ce685,/V2/SN/H/HWC.mp3
7a76f9b368be23545d868759e9aa28d8,/V2/SN/H/HWD.mp3
56488b9a26a25977c985bbfd16d0c400,/V2/SN/H/HWE.mp3
f09601796d9c096cbd3cac6615dd819e,/V2/SN/H/HWH.mp3
a656a1eb03c7d0487bd753b210b49bd9,/V2/SN/H/HWI.mp3
6bfcb1a55febe82af090d53c73b0317b,/V2/SN/H/HWM.mp3
0ec6fd0e36e6ef5532dec9123300280f,/V2/SN/H/HWN.mp3
ebd8da2e80603843feca10b1d8ec7061,/V2/SN/H/HWV.mp3
bb3e8c391e2b811b29e62baaf66e7773,/V2/SN/H/HWW.mp3
902aebb4c8209f011ef9ad35bd21ad99,/V2/SN/H/HWY.mp3
ff5286c09cadfcbfe82269eba2a41214,/V2/SN/H/HXM.mp3
a548474e4a897d3a49b55fdbf5ee06c6,/V2/SN/H/HXX.mp3
09f807c4f31b442d7237ce5e5ebe472c,/V2/SN/H/HYB.mp3
16b139acbc09095c995e4d2ecd1dd931,/V2/SN/H/HYC.mp3
45fab57c4fd970d6c2f8879e6b0594d4,/V2/SN/H/HYD.mp3
2691e4d887b355e4dd986fabe3abca26,/V2/SN/H/HYH.mp3
0476e0ab9480e52e857bddb972bdbb60,/V2/SN/H/HYK.mp3
b67d67941f7a2c019ca8a230d464bcaf,/V2/SN/H/HYL.mp3
fef3fed6c7462ea2a2f9e88ef0518e86,/V2/SN/H/HYM.mp3
fcc19fb64d753e8827dfb3a0904add86,/V2/SN/H/HYN.mp3
75e7d2fcce06b6bf9899a3f552c5eccc,/V2/SN/H/HYR.mp3
13e49f1583d093332a78da19dafb6576,/V2/SN/H/HYS.mp3
ce234725564cdfa2932a67c914129265,/V2/SN/H/HYT.mp3
3dbc0f3d6d1b1878d94246b3c5cd90a8,/V2/SN/H/HYW.mp3
3f0b41352653c68821cc404bca2056ff,/V2/SN/I/IFD.mp3
f5255332af53ce132b6919e10e80ac9e,/V2/SN/I/IFI.mp3
185b4d212c009787554acaa95a9cdfc8,/V2/SN/I/IGD.mp3
21ec475e3a2a6d25b4f2ef23d164244b,/V2/SN/I/ILK.mp3
0de4d7c7e64fb23419b87c7ade930fdf,/V2/SN/I/ILN.mp3
007ba489ec031b59dedd194bc887bd0f,/V2/SN/I/IMW.mp3
e926982ae08b65d9bb1cadc2c46e388b,/V2/SN/I/INC.mp3
6de448084f5f3afd7ed60ab8c8a31e6b,/V2/SN/I/INE.mp3
28d06a3db630e534ccf9d99d3a7cc82d,/V2/SN/I/ING.mp3
4688fff239c4e14aed99dfbfb51464cb,/V2/SN/I/INH.mp3
d5defd66dc4f25fdb4e727f81781614e,/V2/SN/I/INK.mp3
c02b206486834cc0d0f0193c7b1a9e15,/V2/SN/I/INP.mp3
3c2db32c557c814e384daed2771b5285,/V2/SN/I/INR.mp3
88fb89a0c018828d2ce30529f8370ea5,/V2/SN/I/INS.mp3
2e4a1e8e26030cd7af4c5c5ecffaf8ca,/V2/SN/I/INT.mp3
10d8d218519340a066b1eb9d303ef323,/V2/SN/I/INV.mp3
29ada7303a8118199b74e92929336ff5,/V2/SN/I/IPS.mp3
e980de13bffd6e4e7a6ea268d4c327f9,/V2/SN/I/IRL.mp3
2708810aaa25b13543af27751ea70092,/V2/SN/I/IRV.mp3
d1bd92b0d3588c7a996069a6c42a60d9,/V2/SN/I/ISL.mp3
48df8292f8bd0b1e4013ea988a19a1cf,/V2/SN/I/ISP.mp3
275c45fcf7156c217fc9664f0d88afd2,/V2/SN/I/IVA.mp3
22ce3374feb9fbae10a1b4c2137a09cd,/V2/SN/I/IVR.mp3
c1a6d641644c80a3c33a7863d74643df,/V2/SN/I/IVY.mp3
9c9493c38b200800a228b279d4db1c46,/V2/SN/J/JCH.mp3
4dffb0d79110e83f1bdda92f712b11e7,/V2/SN/J/JEQ.mp3
a0d2f7c6c6027ee1060d03f81e0efcce,/V2/SN/J/JHN.mp3
40219d2692f09ab60cb159d05479b36a,/V2/SN/J/JOH.mp3
8212bece14d869004251e01e60f113d0,/V2/SN/J/JOR.mp3
00310c3b8d49f7244979d6007f9908bb,/V2/SN/K/KBC.mp3
3f1762dd6c897a1ee5976d1e567629e7,/V2/SN/K/KBF.mp3
8983bd0dfe2fe660aaa95f2c22a32382,/V2/SN/K/KBK.mp3
d1cbbd64654d795873f92415d2b7188c,/V2/SN/K/KBN.mp3
6e6d8c71f731b6f583a3ce95706c7e3e,/V2/SN/K/KBW.mp3
858d4900e4f1817cd4c2bd023468aa97,/V2/SN/K/KBX.mp3
717fcf5e9171906f72394badb297f8dc,/V2/SN/K/KCK.mp3
c7cb727647992e2f3d710b07699f337f,/V2/SN/K/KDB.mp3
c17332331350af3d847acd51ce857be4,/V2/SN/K/KDG.mp3
e5aec34de1af959c2335a9866f3bf4be,/V2/SN/K/KDY.mp3
9647e3c06b0f241ecf6a95f6ad74e3e6,/V2/SN/K/KEH.mp3
40cd4fada44294b2985982a84b4c59a5,/V2/SN/K/KEI.mp3
00556549ecdf6c506b8b678a21113a9d,/V2/SN/K/KEL.mp3
bf542f2b40d6a42784b8677cc6d9718b,/V2/SN/K/KEM.mp3
1dca2138c828ae87e8ccabe5868ff8a3,/V2/SN/K/KEN.mp3
9b13f019fd6c1c3bb3866dac7d02b89c,/V2/SN/K/KET.mp3
86f5d67c16ce551818386942be4ebd89,/V2/SN/K/KEY.mp3
cb7856cc32d71e26c340e0ef923a1c4e,/V2/SN/K/KGE.mp3
66e2c218a52aa34b4a51a81f48829b8a,/V2/SN/K/KGH.mp3
7ce2f8aaad400f12f4d41d55653b1c1b,/V2/SN/K/KGL.mp3
940c3bc78caa4f7e0fe221ab98634147,/V2/SN/K/KGM.mp3
98a7ca3d36e230989b20881b71765c18,/V2/SN/K/KGN.mp3
6f9be431ac705247f00a8033a7d0457b,/V2/SN/K/KGP.mp3
2da0f31e51f2172119749e7d7fcc5e63,/V2/SN/K/KGS.mp3
22520a9fa10d8e9c8d4dceb5b49ed2ca,/V2/SN/K/KGT.mp3
7fd8637572a2f315b56ab6fdde238c55,/V2/SN/K/KGX.mp3
8468dddca93336614006fd41b3c37534,/V2/SN/K/KID.mp3
3d70c6938fce0404d5510b627b463be7,/V2/SN/K/KIH.mp3
e1dd40743db9ba6632e2bd0d0d998a42,/V2/SN/K/KIL.mp3
c84e819034b276d505a618b477ae7229,/V2/SN/K/KIN.mp3
4471d969c91cb600ebbe80ab1314a986,/V2/SN/K/KIR.mp3
9feba2c97241ff23e721cdf1fc77ef90,/V2/SN/K/KIT.mp3
1c2093e55020cdb0f6daf52d186a418f,/V2/SN/K/KIV.mp3
e978b80120f5678a0a53b968f72ef9b2,/V2/SN/K/KKB.mp3
00341ca780db2d91583bba97c02e7aaf,/V2/SN/K/KKD.mp3
a197d3948b0e754ea7f6c652c27ba1c2,/V2/SN/K/KKH.mp3
285f4aede4e35277a607b8ccffb7d023,/V2/SN/K/KKM.mp3
f46fc87cbfa65fffd04b3126de221cc7,/V2/SN/K/KKN.mp3
16a2a75f4a9159c61a62f0e1bb13c519,/V2/SN/K/KKS.mp3
57012b749d7737b3ae068008fc1e6d9a,/V2/SN/K/KLD.mp3
366ef143de4bb4aa757a6cce25750d88,/V2/SN/K/KLF.mp3
bca9198f8a23cf696a61519b2fe87762,/V2/SN/K/KLM.mp3
825904ddf3f6a174b46c377985761569,/V2/SN/K/KLN.mp3
dcaec63f86479c02b53dca563a7d2058,/V2/SN/K/KLY.mp3
67aebf3d848f8d7bcea1d1f85ab73057,/V2/SN/K/KMH.mp3
6818696c5ecf1c910cb3c7fac1f19788,/V2/SN/K/KMK.mp3
8c0d3e64d86aab92f54c91b50800416d,/V2/SN/K/KML.mp3
d73751f034e8ed2fd27371b50071d5b4,/V2/SN/K/KMP.mp3
45e2e8fcc344f8a0c186f55f90db7cb8,/V2/SN/K/KMS.mp3
27e580883d4b1d7913305c0c9479c3ce,/V2/SN/K/KNA.mp3
d47a3676589919322893202b08de9140,/V2/SN/K/KND.mp3
14b860cec83d4557f62bf57c7b8a02f9,/V2/SN/K/KNE.mp3
947f99ca790962b0dc532d7a31d9b1cd,/V2/SN/K/KNF.mp3
b264fbe08a9d15111f76388e78043280,/V2/SN/K/KNG.mp3
740b0c6db4087b786fee062cab6d9f30,/V2/SN/K/KNI.mp3
a924c3775d55a249130b7231c1c97efa,/V2/SN/K/KNL.mp3
552d1f548275e03a8e15db2f9826efd4,/V2/SN/K/KNN.mp3
984aec0ac6e153ecfd73d1e5cf3e6f13,/V2/SN/K/KNO.mp3
635f0ec2edb318b02e86aa9daff75b67,/V2/SN/K/KNR.mp3
0217d027eb376fff5a7c70dde4d1c26e,/V2/SN/K/KNS.mp3
d76990bc8a327ce572a2dc1642601e6c,/V2/SN/K/KNT.mp3
14e317438c8e69876bd84eed867b5108,/V2/SN/K/KNU.mp3
547e65aca89e0382573b681b776e52f1,/V2/SN/K/KNW.mp3
c4801b3ba08aa8c0f5762b197e5a06ca,/V2/SN/K/KPA.mp3
374d44bc32d03952c43a7ba5ec002676,/V2/SN/K/KPT.mp3
83d2da5729d8bee988ab39077ae70181,/V2/SN/K/KRK.mp3
50b1c2f1cafdcc8782b346f2d5be6378,/V2/SN/K/KSL.mp3
044d986520888f2c6488dd59293478f6,/V2/SN/K/KSN.mp3
1e3c1f9094a338ef793020caec857dc1,/V2/SN/K/KSW.mp3
0eba6d2d0ddb61ae88bb68066e5f822c,/V2/SN/K/KTH.mp3
9b29d3a4d3c4701cbb9c82dbfe5dd386,/V2/SN/K/KTL.mp3
0e6abbad65cc354377843f7a21752488,/V2/SN/K/KTN.mp3
8a6a7d385531fba20f17e05c0b2f2950,/V2/SN/K/KTR.mp3
30c91f87fb9152f5ed762c81b629b537,/V2/SN/K/KTW.mp3
a609f86eb20fc64d724a15ef273d6e9d,/V2/SN/K/KVD.mp3
87250420a695c247707e29659c7bb46e,/V2/SN/K/KVP.mp3
5f1a641dabc99058e564d89cd8bb5099,/V2/SN/K/KWB.mp3
59f97d1ce1745bbc8ea77e22c8514fb9,/V2/SN/K/KWD.mp3
6aa70b69e18c8c12940b291547439a35,/V2/SN/K/KWG.mp3
7a7175ba3ab40239e38ef4ba619f80b0,/V2/SN/K/KWL.mp3
cc9161a0656737e447cbe6eba6e8aa78,/V2/SN/K/KWN.mp3
b5837e48324406c33370a929769cc299,/V2/SN/K/KYL.mp3
a77779a7d19631891a7801e0f72ac87d,/V2/SN/K/KYN.mp3
2cfaa50427abe245edbaf975495324c0,/V2/SN/L/LAC.mp3
072f209fa91b4d07b69e3c2375eb513c,/V2/SN/L/LAD.mp3
79aa514ff71450481bc33f490548e3be,/V2/SN/L/LAG.mp3
33e549c30ad83760fd39c0286b925ba9,/V2/SN/L/LAI.mp3
e2f5dc60cd3a446bfd12e0c1fd3366d8,/V2/SN/L/LAK.mp3
728aba6468ccf6f9f2aea6c2531658a8,/V2/SN/L/LAM.mp3
c4985110d0b79a13b1d77016683f9abb,/V2/SN/L/LAN.mp3
b95a9ccc0dbba1a29bc58f24ccff3876,/V2/SN/L/LAP.mp3
85c49c80cefb85eb5c86d14af9b58a6c,/V2/SN/L/LAR.mp3
829fb03b59c4302b339f0f3552235a8b,/V2/SN/L/LAS.mp3
909c366cb1cf85e47262827e52685f30,/V2/SN/L/LAU.mp3
7a2d18f4ca1d9a047aa95bdfe67d0f2a,/V2/SN/L/LAW.mp3
9e3e2171f39a6ecadc0d123720961c6e,/V2/SN/L/LAY.mp3
52b62947d2f3bd7da6a7b5520116df41,/V2/SN/L/LBG.mp3
0cc033c31e545eeae0e03f85427b5314,/V2/SN/L/LBK.mp3
4a1f1158a4c960fb3b043023bbbdcb41,/V2/SN/L/LBO.mp3
88f63a02be82f40304fa65df235d0247,/V2/SN/L/LBR.mp3
f70d15c22e134d408b584cc0b44bed54,/V2/SN/L/LBT.mp3
4762f4ccff5fee693c9fa1ab79a15dc3,/V2/SN/L/LBZ.mp3
dbecf758960a85b4d5bd0a54f76b4f98,/V2/SN/L/LCC.mp3
7b7966a098fd8309ebae93e30ba0e03c,/V2/SN/L/LCG.mp3
9225b5d5e023a379ff4fd02592196788,/V2/SN/L/LCK.mp3
7052a2a446879a7fa1e770865a73682f,/V2/SN/L/LCL.mp3
f2d0c02a8a36b4a83bbe58131e88cc26,/V2/SN/L/LCN.mp3
326fc017b6e52bfd36258f5743e281f7,/V2/SN/L/LCS.mp3
493ef61ba18d35794c7372f2f75c389c,/V2/SN/L/LDN.mp3
fa467b0ba37b1ad8ed39bf512dd71c21,/V2/SN/L/LDS.mp3
da863933aaddf97ce359ae2e31a86d51,/V2/SN/L/LDY.mp3
39ceed53cb55f241da141f4c6c441d38,/V2/SN/L/LEA.mp3
2c98d9c25798786261eb24220b6dfca6,/V2/SN/L/LEB.mp3
4120e482b75f456d58057e52813f19c3,/V2/SN/L/LED.mp3
62f6099f33e5f09f3b08e519317ec155,/V2/SN/L/LEE.mp3
ffe09ff6509574e96aedf1c829152eaf,/V2/SN/L/LEG.mp3
68af76d78dd151b5ec9af48352de7f69,/V2/SN/L/LEH.mp3
c9aa49562d02e665dfb677f2a0bcbd1f,/V2/SN/L/LEI.mp3
ba93907a990e02b5d51036088236b7a3,/V2/SN/L/LEL.mp3
daf7e15a313ca8b1a7d783777bb2eb56,/V2/SN/L/LEM.mp3
d38a04d4f8aeeb2d95926460f399f453,/V2/SN/L/LEN.mp3
807b7dab6e8b648486a7594d69503bd9,/V2/SN/L/LEO.mp3
f1e8230a75ec8f4689305953daa3ce94,/V2/SN/L/LER.mp3
c8671eb905cf06df7f8296ae2278f5af,/V2/SN/L/LES.mp3
47c56993d85c9a93b9a2fd9902d7e9a2,/V2/SN/L/LET.mp3
63eea356a1bd8e150816575fde5d3b5a,/V2/SN/L/LEU.mp3
8ddf4257981b370d3e235305b9e3c0da,/V2/SN/L/LEV.mp3
e518477c7b55b0a776c82a276d733012,/V2/SN/L/LEW.mp3
d9d98737193fc0e0deb98437f7f7af1b,/V2/SN/L/LEY.mp3
da8c0f2b05b360b3401cca5d11468659,/V2/SN/L/LFD.mp3
29cc934a3ded078cf66a5bf8723d647d,/V2/SN/L/LGB.mp3
8219962aece383c84da63469ee37416f,/V2/SN/L/LGD.mp3
3bad97d0c487adf14384ffda85d866c3,/V2/SN/L/LGE.mp3
e19584ff7ba9c938a4fa65c876da040a,/V2/SN/L/LGF.mp3
c85bbeeaf619be15010a8cbb7f3c9864,/V2/SN/L/LGG.mp3
9f052b8c770462c850371dfe5de6d120,/V2/SN/L/LGJ.mp3
f12e6de8ec775a64fd0fd6a023d64c96,/V2/SN/L/LGK.mp3
590a8d355a58674c3d46404882ec7841,/V2/SN/L/LGM.mp3
eb687ebc2f92a192bb6004971172818c,/V2/SN/L/LGN.mp3
c06fb2d074d8fea65b69e95a74c0c62c,/V2/SN/L/LGO.mp3
bd6fa4bbda60283692c4e00142204bab,/V2/SN/L/LGS.mp3
9c49a240a686d58915ac030ae716fea9,/V2/SN/L/LGW.mp3
7efca551137077acaf109e1f8f165a7d,/V2/SN/L/LHA.mp3
3d922cb7bedbc1204fe5cc5ce824cca9,/V2/SN/L/LHD.mp3
f5bfb274f6b237fcb7d1fa6823433940,/V2/SN/L/LHE.mp3
712c11bd544745b8a504f361ccb772b0,/V2/SN/L/LHM.mp3
6393c1028490ae16f8a8e3b7818cefcd,/V2/SN/L/LHO.mp3
b46ca77998fc6b1fa2d41f68ea099faa,/V2/SN/L/LHS.mp3
be34ece49d2db7260bc64205c9dbb5f4,/V2/SN/L/LHW.mp3
243b131b18bfd13f276db24c9902c10e,/V2/SN/L/LIC.mp3
d8633ab2a70281c6ce210ccdcc77559f,/V2/SN/L/LID.mp3
0b20f73a8c2e9370efb854278e27bf35,/V2/SN/L/LIH.mp3
d57eab700c944a99ba3c6f8c82cdf3fd,/V2/SN/L/LIN.mp3
6e6ee7a8a75f2e6d558e7e5ba2a05f45,/V2/SN/L/LIP.mp3
65a6004c81fc9d672f7f3aa5cd0801f0,/V2/SN/L/LIS.mp3
da87bfe5ab84cee569950b795f6d2d5b,/V2/SN/L/LIT.mp3
ba66f5ebb93807eba464285f2ee070c4,/V2/SN/L/LIV.mp3
21adc8c8c68f0c9224042e641fbfe160,/V2/SN/L/LKE.mp3
2a4203a5cfc717832fe10a18adcabc85,/V2/SN/L/LLA.mp3
c08ce6c3a8597c04ea1753513e85e2d1,/V2/SN/L/LLC.mp3
da8d631b0acd17f853e9bc82b0eb8be8,/V2/SN/L/LLD.mp3
14017e7633d092e2d9fc2fa508c27621,/V2/SN/L/LLE.mp3
a221b58f44e8996398783b9b5e273002,/V2/SN/L/LLF.mp3
dab4091c06343e28636bed05a780838e,/V2/SN/L/LLG.mp3
886e424b3be26a460f0e5790594e787e,/V2/SN/L/LLH.mp3
a81d444a54933f5e7dd2f0f24b62b019,/V2/SN/L/LLI.mp3
094e7a46f0ed857529240a20b37e7b4e,/V2/SN/L/LLJ.mp3
37e2a5ccc4bea16168914bbc17baaefe,/V2/SN/L/LLL.mp3
54116e7b1382d084a8699f6f6d48fd6c,/V2/SN/L/LLM.mp3
0846ce3a86c687de3fe6c10ed9504ded,/V2/SN/L/LLN.mp3
fe20265d3c8c0cea68b1900dd810672a,/V2/SN/L/LLO.mp3
a9f12d1525a1132b574d81c77fa488ea,/V2/SN/L/LLR.mp3
6b4c5d5535375d35af47d32920c808b9,/V2/SN/L/LLS.mp3
14cc540af4d0e867d9fdb601c43da6fd,/V2/SN/L/LLT.mp3
d511fa2f26f4244f5321a30c20052fe9,/V2/SN/L/LLV.mp3
ede5631a360a01a8ef1f9623a4f6e934,/V2/SN/L/LLW.mp3
dc5bd310f415fc9e134abcbb35f5221e,/V2/SN/L/LLY.mp3
20c80218650ff1250234add8cd8ec907,/V2/SN/L/LMR.mp3
184ad942e2a568c4992f97849845b064,/V2/SN/L/LMS.mp3
4d1815af306bc0429b30ef04e7510b7f,/V2/SN/L/LNB.mp3
2067014f26826157c5306b299b6324dc,/V2/SN/L/LND.mp3
4cdac092e6325f4584931ff4e97942c5,/V2/SN/L/LNG.mp3
7b5aa376dfbf578675ef160d2622a279,/V2/SN/L/LNK.mp3
d010e240c044b1b9f911de0128174566,/V2/SN/L/LNR.mp3
783dd8f262a9b13829832b1971add078,/V2/SN/L/LNW.mp3
b6142f0a76c027879efc7942ec62170b,/V2/SN/L/LNY.mp3
1e94d59c32f2dc41b8e4e2843ec72a03,/V2/SN/L/LNZ.mp3
cf89e8ccf068bae4ce3053c86fa6674a,/V2/SN/L/LOB.mp3
a13d4fcbbc9c8748b3e0aaf00d117f9c,/V2/SN/L/LOC.mp3
a5741bb6dc557486003b1b2200720cc3,/V2/SN/L/LOF.mp3
f4b477cd51bcabef3734552ca53b8373,/V2/SN/L/LOH.mp3
b80292c0a3b8ff8c8c2f542afaa4b0f6,/V2/SN/L/LOO.mp3
e10ae5c1dffd01f411a623a88202d5e8,/V2/SN/L/LOS.mp3
377d9cbb0205583bc820cd8caadae8f7,/V2/SN/L/LOT.mp3
168b990d69814595b3520ee30e851b58,/V2/SN/L/LOW.mp3
e9c625b2b40b04f318a9c5a79a8630f3,/V2/SN/L/LPG.mp3
3dd7477e5fb6bf16cc1f368da979fe8a,/V2/SN/L/LPR.mp3
41a44057e389692e86acb89d3c67d236,/V2/SN/L/LPT.mp3
df5928bb5934c4eff4c856d615ccc65d,/V2/SN/L/LPW.mp3
c7177c72beb354cbf38a29568daba83e,/V2/SN/L/LPY.mp3
65b8ae0af91ae62bce35e6390004a3d0,/V2/SN/L/LRB.mp3
a65c48896d70a20c131c5e9f2e13f823,/V2/SN/L/LRD.mp3
0befb759fa9f46b5b2bc3e3eacb9022b,/V2/SN/L/LRG.mp3
11e0cc3e082ac5f79534edb03788313b,/V2/SN/L/LRH.mp3
5ea46087c20bbc41f6793340885b792a,/V2/SN/L/LSK.mp3
214be8c9d5c33511b1b962b95d114678,/V2/SN/L/LSN.mp3
8a988ede969c5dfe6577439cfea47aca,/V2/SN/L/LST.mp3
9c9bbadec5bae39696c3df4ab2e8efae,/V2/SN/L/LSW.mp3
3e21d4dff5c7c172beefd8437a910282,/V2/SN/L/LSY.mp3
76c09147a89fbdc220598e5767552057,/V2/SN/L/LTG.mp3
75fb89ff6979338a8dd7c50e3afe5cc4,/V2/SN/L/LTH.mp3
0da61a922930e5fc4f24357d646c4bcd,/V2/SN/L/LTK.mp3
ea323790ca0ec5330470fc55cf0a1cb1,/V2/SN/L/LTL.mp3
c70a892871e8a1fe2b4f76994bfc8e8e,/V2/SN/L/LTM.mp3
9849e32bc13d6fa612057de42d97886a,/V2/SN/L/LTN.mp3
853168ed601b21ae29f0406317297643,/V2/SN/L/LTP.mp3
3a2cf2773976cf3938519c20d3efa1eb,/V2/SN/L/LTS.mp3
f4210a78ac95f9fc4c0251d1086d8482,/V2/SN/L/LTT.mp3
eb6dc28a34451dd287a5c46b93faf376,/V2/SN/L/LTV.mp3
dc568238dcb53ed5485140414ae2480a,/V2/SN/L/LUA.mp3
ab973e7c0897cf62e940ddd51bc65e18,/V2/SN/L/LUD.mp3
60c1326e210a2f53049e765674a2050b,/V2/SN/L/LUT.mp3
38d57c5ebde03de7c448de4668bed6b5,/V2/SN/L/LUX.mp3
551b05a3ab9825a293bdba24f9d18eb7,/V2/SN/L/LVC.mp3
a7281d15f9886b67ab67c13ad5dea696,/V2/SN/L/LVG.mp3
78bb5cb4970601b73910ff1059261f0d,/V2/SN/L/LVJ.mp3
40fe225ba79bc57d682632bf6ba3a8d5,/V2/SN/L/LVM.mp3
e589398053a8f8a499e5e40f6d2fc08b,/V2/SN/L/LVN.mp3
e6f4607837c77c10819308f03b3af3be,/V2/SN/L/LVT.mp3
b413ef13b8bb7c5d5077fab376fad631,/V2/SN/L/LWH.mp3
25604c8b96559020a627dae91092871a,/V2/SN/L/LWM.mp3
6da7bd321d68554944c00039a88e9265,/V2/SN/L/LWR.mp3
57e2f7b2e6c9348d89a95f6c678345d8,/V2/SN/L/LWS.mp3
31f1871030bba880d8bb9ecaac02a239,/V2/SN/L/LWT.mp3
781f5c5491d743c6f351eef6131f1cec,/V2/SN/L/LYC.mp3
48aa6aba587c5333b350b82ec15ba4a1,/V2/SN/L/LYD.mp3
48b3bb9d33472a9e6df214f4cba374cd,/V2/SN/L/LYE.mp3
c977a31ed1f5233ae89d6049a9fd65c3,/V2/SN/L/LYM.mp3
83e8b7f276ee46d4d95aa6448cdca86a,/V2/SN/L/LYP.mp3
ca18d7c9c025aa9389d92711bd8a9be0,/V2/SN/L/LYT.mp3
56f44015010eba530f7267b0db6952cc,/V2/SN/L/LZB.mp3
7a19309b7c800e0ff5b9c8b908976399,/V2/SN/M/MAC.mp3
1534e010cba330487e18cb597568cbe6,/V2/SN/M/MAG.mp3
0e3f9d865a27ceedb233f2affa788e53,/V2/SN/M/MAI.mp3
07ce593e2a30bdaf276a7c21d4f0ac1d,/V2/SN/M/MAL.mp3
ed3b9daf1cc4f18f4a81e27a2b0bcfa1,/V2/SN/M/MAN.mp3
73e5095def70a873e599a822e8a01313,/V2/SN/M/MAO.mp3
185679d2cb24dad35555d292569c9870,/V2/SN/M/MAR.mp3
ea62908dc65f8b875628a2abcb614c7d,/V2/SN/M/MAS.mp3
c62983ddd158f661930472b614fe2d35,/V2/SN/M/MAT.mp3
bab41438449280fbde7c20cc44ed2cf7,/V2/SN/M/MAU.mp3
56404120a2bc719e7091b9288ec07c2e,/V2/SN/M/MAX.mp3
b2d26cd228180785251417490bb0e0f2,/V2/SN/M/MAY.mp3
9c52783efbf27800ca3353cf43e433b1,/V2/SN/M/MBK.mp3
ff507a26258943e8e7c7425916611175,/V2/SN/M/MBR.mp3
407eb35ae41bd0d8edbaf27268b2f0be,/V2/SN/M/MBT.mp3
5298b148df0787412b41b63007ce892f,/V2/SN/M/MCB.mp3
35639b790d42cf178e03c1c6e87af30d,/V2/SN/M/MCE.mp3
d4b93e5334d544d534a32e25ee7b19df,/V2/SN/M/MCH.mp3
eb6f08a82ffbb03c25e84ed0b33138d8,/V2/SN/M/MCM.mp3
1ecf1bdb994cfb20040e4511aaacd7b0,/V2/SN/M/MCN.mp3
b0213636fee86edd93a77a20a5e8ade3,/V2/SN/M/MCO.mp3
666ce378a5db510e4482e00d174538c1,/V2/SN/M/MCV.mp3
4e843214dfec557ccd68e8db37dd168c,/V2/SN/M/MDB.mp3
b9e1d1b315570834bd3d6099d93e1026,/V2/SN/M/MDE.mp3
325a422c88a27f520c5c2e2842f77156,/V2/SN/M/MDG.mp3
c95e8af9092ec2a74db0b5bc856df9f8,/V2/SN/M/MDL.mp3
8037811b798deca1467dce4c070c24e4,/V2/SN/M/MDN.mp3
72bcc925ce07259dd6665c2418c9cc60,/V2/SN/M/MDS.mp3
e965d907ebe340b0a7e0980d6385a247,/V2/SN/M/MDW.mp3
a7311f6bff8f469a2b08b0b5bd5ed50c,/V2/SN/M/MEC.mp3
f81eb099c36aaeae63904e8b5df76e70,/V2/SN/M/MEL.mp3
6627eac0b6c5a6630e5ef08e2ccf6ec5,/V2/SN/M/MEN.mp3
c1753e7f6a29563129265cd41ac990a1,/V2/SN/M/MEO.mp3
42266f73559a77eea67836b3a662c948,/V2/SN/M/MEP.mp3
fa5695929defc3d6cf3e70c2af72a217,/V2/SN/M/MER.mp3
f18541f413746e98e4e049ac27a233e0,/V2/SN/M/MES.mp3
bd54d8f83b8adcc24a8754f3f0dec512,/V2/SN/M/MEV.mp3
656125b7e4095a83b828721464381604,/V2/SN/M/MEW.mp3
e1e37c870cd0d28ef8b9fefc86f71300,/V2/SN/M/MEX.mp3
40dd03f467f72e8e9a921deb497682c6,/V2/SN/M/MEY.mp3
e8d5fd94a8aa8ab0cf48e56e25dd25e5,/V2/SN/M/MFA.mp3
b922729c432d75ee89ba8899aecd510d,/V2/SN/M/MFF.mp3
e89a66b6efbaa6c0030db2676ead2dad,/V2/SN/M/MFH.mp3
719735868ab945ff9d5004c1cbbe3d73,/V2/SN/M/MFL.mp3
e2d908d958d76baf19256ea13afbef56,/V2/SN/M/MFT.mp3
57bd77fcbcee2f8b242129ec1a679ad6,/V2/SN/M/MGM.mp3
da0d383edae914f018d443f06ad78b75,/V2/SN/M/MGN.mp3
3439821e3ce7585f1363e6ea64b34499,/V2/SN/M/MHM.mp3
6f8ab2500d68f76f67c7c420b803a746,/V2/SN/M/MHR.mp3
5a4f4fbebb56b2cd04400991adc0e9c7,/V2/SN/M/MHS.mp3
e5de2c7d2d716dcdbe9bf3f0b7b6ec00,/V2/SN/M/MIA.mp3
16f08898ad6f7d4c97d1f25091bcf1cb,/V2/SN/M/MIC.mp3
86ebbf6c6ec25bc34178958e1718f2fb,/V2/SN/M/MIH.mp3
2089fc6c17a610a2cad5ab9e79afeede,/V2/SN/M/MIJ.mp3
02bde9f32f2da191eb7efde17a27b91d,/V2/SN/M/MIK.mp3
6ad56c2c28196c2df6f6746208910e37,/V2/SN/M/MIL.mp3
20aca75bec7cdd79f5100f81f9f1c225,/V2/SN/M/MIM.mp3
b6eaf37261f455e320b4be0fd1b9f180,/V2/SN/M/MIN.mp3
5c1f62c9a0571df36aab2ac9569a37e2,/V2/SN/M/MIR.mp3
47a77e4b0d1718f147a2b0317270506c,/V2/SN/M/MIS.mp3
74b80ac4e0ef7ff001ee580ac86c316f,/V2/SN/M/MKC.mp3
5f98e201d10baa52c07fd1db371a2c66,/V2/SN/M/MKM.mp3
510fd2e6d165a7e2e798b7e8bae86364,/V2/SN/M/MKR.mp3
d23f0edc46079444662c373e8c41099f,/V2/SN/M/MKT.mp3
ebd5c18469011984f2955a93f8d8b3df,/V2/SN/M/MLB.mp3
175a24482414794338d969ce3404eba0,/V2/SN/M/MLD.mp3
05fa6109edd2b558a383b97da683b920,/V2/SN/M/MLF.mp3
f7ba411833ec54dad856602e491bd185,/V2/SN/M/MLG.mp3
bd7f10674b87a48e015932c97cba1d4a,/V2/SN/M/MLH.mp3
83702a5278dc1afb27403f5c5288c325,/V2/SN/M/MLM.mp3
bc2f14348d16400aaff128f47342617d,/V2/SN/M/MLN.mp3
93b9d049ebd134c0b401245166c26b48,/V2/SN/M/MLT.mp3
1f01b1c42cf6f081ed3acb52bf2cbb2f,/V2/SN/M/MLW.mp3
cb16eed6ff19f0fb8a2587826a3c3ac0,/V2/SN/M/MLY.mp3
ea971e006489e49ec53c66e98ea491ea,/V2/SN/M/MMO.mp3
a8e61c53d48fb9441063bceea3a71cb6,/V2/SN/M/MNC.mp3
b67c204a77aafc8b9a5d15d1d082f22b,/V2/SN/M/MNE.mp3
5068502555df007fe8aee2beb1033c54,/V2/SN/M/MNG.mp3
ff574a3b9d3b901b9b0cc6871092203a,/V2/SN/M/MNN.mp3
7877884364bd8169c167cff552d2b9f2,/V2/SN/M/MNP.mp3
f813526b12161c8e7f2ea0edb534e0ed,/V2/SN/M/MNR.mp3
17e2e4f38f8f3e2095837a0909abe2f5,/V2/SN/M/MNS.mp3
190a62b1022649b8d17002e73cfe8684,/V2/SN/M/MOB.mp3
dbfef4a813f37a606fa4b74adc23f57e,/V2/SN/M/MOG.mp3
2ee8dfaae97e03fad6c309101053db0c,/V2/SN/M/MON.mp3
39f03564ec97119e25ea2a19040979d4,/V2/SN/M/MOO.mp3
5bedc0eeba53575094e294a26b81e563,/V2/SN/M/MOR.mp3
ddfb62c8f83a9adcb102355310ed30c5,/V2/SN/M/MOS.mp3
b1751cf49d40d3ab1f64c9ea343bf2c3,/V2/SN/M/MOT.mp3
35ec0ea59e33336632f81e1c3cee8f79,/V2/SN/M/MOV.mp3
0378475ce9de253997fb6a280fc4c1af,/V2/SN/M/MPK.mp3
f365a3b7192bd0346a1535433cb3b994,/V2/SN/M/MPL.mp3
ea072f1b0437dee0f7c2b4435b29b3f1,/V2/SN/M/MPT.mp3
fb7b7331aa6bfd3eaeebcc648cfaee49,/V2/SN/M/MRB.mp3
0d5f26f1c27be2099572ddca8d2fb03c,/V2/SN/M/MRD.mp3
1d9cad7ebcd6df98accccb655074a0df,/V2/SN/M/MRF.mp3
8a0bcc76c641188ca5b544253623f79c,/V2/SN/M/MRN.mp3
6248dd0ff196e51755e4ea8bd474ec02,/V2/SN/M/MRP.mp3
dcd874b4fadd87f0b8ce8305e321ae57,/V2/SN/M/MRR.mp3
172c4e7210db239d9e7aa9dfeea5a325,/V2/SN/M/MRS.mp3
b92b1d08de1be466e75626d183342f72,/V2/SN/M/MRT.mp3
94f6f0ffefd1192104b3c2285837bb36,/V2/SN/M/MRW.mp3
aabc476648fd438f5ceb0880ca533afb,/V2/SN/M/MRY.mp3
4c368b625e74e110c2a50b80b57de634,/V2/SN/M/MSD.mp3
216f55ea375b567b9be4c525aa4149e7,/V2/SN/M/MSH.mp3
2ed7319b4cc1a2f795ad5645b8376efc,/V2/SN/M/MSK.mp3
3fa34f3ddaa2680536e60d74150ec73a,/V2/SN/M/MSL.mp3
7e8aa6456e1c01f47e7e6d817043c37a,/V2/SN/M/MSN.mp3
cbac641ec5354b6f6bfd739f768989c8,/V2/SN/M/MSO.mp3
c1a6e9a758e3aaae4fb1d295ff804efd,/V2/SN/M/MSR.mp3
f7170db5f427b6dcdd7e9d465dcee597,/V2/SN/M/MSS.mp3
0efe26ef3c31e3ec5266e28b1f0e248b,/V2/SN/M/MST.mp3
91db0253025c6bf9d8b4fb03ffc4d37d,/V2/SN/M/MSW.mp3
5f657283d0e7367dc67dbed6d2c0d7ab,/V2/SN/M/MTA.mp3
7d6ff718485215a8e46a618ce79983ab,/V2/SN/M/MTB.mp3
3f92e3c895e833952f94ff163e2fd075,/V2/SN/M/MTC.mp3
6094dbaafeea34e463f225f575f8f9ac,/V2/SN/M/MTG.mp3
06416d0f2450d701848060726c40ceb0,/V2/SN/M/MTH.mp3
4c2385b4f3f7b4f1cde89e0ebc6f6d34,/V2/SN/M/MTL.mp3
066b17ed1b236549e54268d2645bac4c,/V2/SN/M/MTM.mp3
b887de17ad013f15463ed9685dc7cd2c,/V2/SN/M/MTN.mp3
d86feeb84e0ce6b35e686861157f0b90,/V2/SN/M/MTO.mp3
f862b3805006c0435f0dc68e837efe37,/V2/SN/M/MTP.mp3
cc87d71cc65c2894335d726f17fc0c25,/V2/SN/M/MTS.mp3
e93fb0e1d07a7c4287d7e973bbc505b5,/V2/SN/M/MTV.mp3
b9fa320ac8a20265f0177bb780a3ca75,/V2/SN/M/MUB.mp3
f5e3cf6ce6f12ab2970f52920ba850d7,/V2/SN/M/MUF.mp3
7d20a9018e0db2886390947a0a94a0c9,/V2/SN/M/MUI.mp3
fda325b03b060aaa512ef682bb79250a,/V2/SN/M/MVL.mp3
b458cec9b2474f875314070dd0a03a6e,/V2/SN/M/MYB.mp3
30d1224910a5864104a3bc66133e8596,/V2/SN/M/MYH.mp3
a1b40ad1c267763a51548403df98b101,/V2/SN/M/MYL.mp3
d0ca77145df7165f93b97bc4219f49d9,/V2/SN/M/MYT.mp3
de5720e25f06a29c433336ba50fa5821,/V2/SN/M/MZH.mp3
0c69bfe220a1db0280f4308403c5f7d2,/V2/SN/N/NAN.mp3
049039d9d2c0b9df859a57e0e693f914,/V2/SN/N/NAR.mp3
4b6fb8e08ec8243a406fc9c15d67f789,/V2/SN/N/NAY.mp3
a1fc3769982855a91a26482f38212d36,/V2/SN/N/NBA.mp3
f5532623de4f2d34c8068a1b21ce08fe,/V2/SN/N/NBC.mp3
f08ba2e9d3691fca7560f81c437755bd,/V2/SN/N/NBE.mp3
79a8bea9e58922a263ec2838a99b5fec,/V2/SN/N/NBN.mp3
4cef3451abc98b516daff640a1a8f611,/V2/SN/N/NBR.mp3
b70456ba0509f6567cf40d2e231e313a,/V2/SN/N/NBT.mp3
9cc699ac1c5c191b83732c992fa8a107,/V2/SN/N/NBW.mp3
ad01b89e724084da65f481c5e7f2f657,/V2/SN/N/NBY.mp3
97bb4c2e7059a3fd893eb8e5356cf0d2,/V2/SN/N/NCE.mp3
c7502ea8086c2a09888916f3d2d523d8,/V2/SN/N/NCK.mp3
cc86d07fba6eab91b0e753aeedcdd188,/V2/SN/N/NCL.mp3
a759c2450e97d3326541dbed5ca551f8,/V2/SN/N/NCM.mp3
f5cc51f3e68679554c8e100c86b89543,/V2/SN/N/NCO.mp3
cf257b2e07640843a3599eb8d34601a5,/V2/SN/N/NCT.mp3
a8053042bb33d0c01219b0152e30627e,/V2/SN/N/NDL.mp3
a9ed21da65faecd4762496c31cadc8ed,/V2/SN/N/NEG.mp3
4fd113838ffcd312b915d3c73e29acfd,/V2/SN/N/NEH.mp3
ef99130e234f0c093ecc191be0956535,/V2/SN/N/NEI.mp3
a3316e5edb69dcc4a40765077937053e,/V2/SN/N/NEL.mp3
b004ad6fafaca6650a715a001ded2ffc,/V2/SN/N/NEM.mp3
c2c73d7d531dceb68fc5cb717a31e014,/V2/SN/N/NES.mp3
d53ffa03bfa70d17e9fbd83015145d0b,/V2/SN/N/NET.mp3
747631a862cf312966014ab2b04071b7,/V2/SN/N/NEW.mp3
5ff37da1e9117a97f09c8abe339b6045,/V2/SN/N/NFA.mp3
ba32ebfadb805b88edb4f137d8840ddd,/V2/SN/N/NFD.mp3
fa1b1358bb60583ffefcedc18ac769e1,/V2/SN/N/NFL.mp3
e7035c41a52e23f3d4aee23d3648afaf,/V2/SN/N/NFN.mp3
10a036f43538a683ab99b19309b38634,/V2/SN/N/NGT.mp3
f345f836d1263f5b6e589b88d3985387,/V2/SN/N/NHD.mp3
0c19b19b26eabd5fbafbd43ea914c522,/V2/SN/N/NHE.mp3
91218f2cc035d6d28e1ac356e3ee8591,/V2/SN/N/NHL.mp3
7870b0bd13f1b79ffede3456afbf4486,/V2/SN/N/NIT.mp3
70ddd5001e48fa22def4e8d21537dccd,/V2/SN/N/NLN.mp3
c21af360b5fcf3028e32dd6168072f8c,/V2/SN/N/NLR.mp3
814a85fe1c13a286cf355ceace3dc7e3,/V2/SN/N/NLS.mp3
e058f15be142b1ee6b2c39cefc822faa,/V2/SN/N/NLT.mp3
34ee686881bc07c0c402a61f7a36acd9,/V2/SN/N/NLW.mp3
5a7f659f0cfa4a64497b5e992271b0c4,/V2/SN/N/NMC.mp3
b5bdb67c744f94b756264f01ab8eec02,/V2/SN/N/NMK.mp3
fca1f28da238acdc4decf8475cc40b02,/V2/SN/N/NMN.mp3
59d1f8ab92765c9bb0f2f7cc2ce3a2a8,/V2/SN/N/NMP.mp3
df110c851aeca589fe5fe75a965c2245,/V2/SN/N/NMT.mp3
aebedb0c445365e6eb375bce4ae21455,/V2/SN/N/NNG.mp3
96e37cf561c534c0c3c4a2c45f7e7b55,/V2/SN/N/NNP.mp3
2b855f45cd4403c6525235578b8ef40c,/V2/SN/N/NNT.mp3
396b5f3425a715c5861e9b10fbb8b4d1,/V2/SN/N/NOA.mp3
27ea415b2c58e119fd940ae39574ef4e,/V2/SN/N/NOP.mp3
c5cbc632582cca8bb1cfbb29f812c60b,/V2/SN/N/NOR.mp3
7f3fd057de933c5c1e8a20e7b40e0a03,/V2/SN/N/NOT.mp3
953a861cf371ed36a58c46e2afc43a1e,/V2/SN/N/NPD.mp3
f4b58cf5d481ef3a218a010a7c73e1e0,/V2/SN/N/NQU.mp3
c30645ff2229078fc039f4ee75265982,/V2/SN/N/NQY.mp3
3e0c0f374ce465fe690fdfb8d77aa336,/V2/SN/N/NRB.mp3
433fdf8c1c2b43b7978e2b52ac726063,/V2/SN/N/NRC.mp3
316bca0d9cb74a868989c8b4b2b507af,/V2/SN/N/NRD.mp3
5f560e8e3487fb9e8c3641888a37d80e,/V2/SN/N/NRN.mp3
80ce0928d5656c6229e8c308cdb31c5e,/V2/SN/N/NRT.mp3
025f2fcd5cfd31ed10c3800eab61d716,/V2/SN/N/NRW.mp3
eadd733712f0f4bc127393cadd804e12,/V2/SN/N/NSB.mp3
7e3346d127288832c7f1a63dd8d72937,/V2/SN/N/NSD.mp3
00703ddaef675c4cd7b04afab58b3e0f,/V2/SN/N/NSG.mp3
62a04a3ed309bf0c9e4e95640d3b935c,/V2/SN/N/NSH.mp3
7665e57bc5220c38141e32fa8c448cea,/V2/SN/N/NTA.mp3
3c2580bd4a272346848a60fb72d9faab,/V2/SN/N/NTB.mp3
4e24bae54cdae943fe49b2b63098a085,/V2/SN/N/NTC.mp3
bd3d7840157feabf6e41360ce807469c,/V2/SN/N/NTH.mp3
d1bf2aef6ccaaf5b48908548a934db60,/V2/SN/N/NTL.mp3
6f945fe96918a6f8f1433f679ee7179f,/V2/SN/N/NTN.mp3
f16bbc77ecfac5620f09f7438fa43a42,/V2/SN/N/NTR.mp3
9eccd1cba5e8bd94bd886bc1ffe69832,/V2/SN/N/NUF.mp3
9b1d0faf3524247ca173ea7c135c4837,/V2/SN/N/NUM.mp3
3714d49f96b1c8ded1644913580df37c,/V2/SN/N/NUN.mp3
02cb799877056f4ad13fbacfbf7a9334,/V2/SN/N/NUT.mp3
58b2f6305783baa0dcd129a762d10f0c,/V2/SN/N/NVH.mp3
6591c68bee6120fc0a483b927c0b6792,/V2/SN/N/NVN.mp3
c1ed17093c05b870292fb81aecaba1aa,/V2/SN/N/NVR.mp3
54f14cddab518959e47b2459ba253d54,/V2/SN/N/NWA.mp3
aa27b3137879ee71e6c1dbcdf9408863,/V2/SN/N/NWB.mp3
9f5e7f6c941efe7581a769625e3c0a04,/V2/SN/N/NWD.mp3
cc9bee3e988e459002158ae885121b91,/V2/SN/N/NWE.mp3
e73c69c70d91ed58b848457a0a85839d,/V2/SN/N/NWH.mp3
52228ae4373dd6d804d1282b81905c73,/V2/SN/N/NWI.mp3
2c5652efa22e930fa2116e63ddf09f4d,/V2/SN/N/NWM.mp3
edae30111f998578a65b9b203868c4e8,/V2/SN/N/NWN.mp3
866d713a5d63bd0044b4d3b72f1e35e6,/V2/SN/N/NWP.mp3
7a7ce6b29101f028225ecfcc7c66e99d,/V2/SN/N/NWR.mp3
e0e98399a951c07c10527f522270b4f6,/V2/SN/N/NWT.mp3
f11b25d804ded2feb1b5a61b719757f7,/V2/SN/N/NWX.mp3
a68297dfbccf8af26e56dc219e016535,/V2/SN/N/NXG.mp3
67f4e3a4c13ebf7968a11b95e1bab73c,/V2/SN/O/OBN.mp3
79aece78d4689c5f80dcec6ad5680412,/V2/SN/O/OCK.mp3
12fc04853210d4534a722dd3bba676bb,/V2/SN/O/OHL.mp3
3316783a09e60b313ed334192a5b2a94,/V2/SN/O/OKE.mp3
382e3d2aa72fcf5ba4c4e7234efd729c,/V2/SN/O/OKL.mp3
fb5bdc8081dd122d5a9dd6a6ed3364a5,/V2/SN/O/OKM.mp3
d334ef07247404a1bfde3a8572f4b23c,/V2/SN/O/OKN.mp3
9a1d4bdbf2445361f9068383573c494e,/V2/SN/O/OLD.mp3
3e0dbdf77cee0f36e32e010eb0dcd152,/V2/SN/O/OLF.mp3
acc9cb49bff616b3fa89c56355a03960,/V2/SN/O/OLT.mp3
f361e9ed1423d3a51839a1a235667024,/V2/SN/O/OLY.mp3
0593a650838c60ac2a61b4c6811153e8,/V2/SN/O/OMS.mp3
e48f4c8982f06266eabbf6e2dd6f5556,/V2/SN/O/OPK.mp3
507cb6c284e5250aef305e38dec1f6a6,/V2/SN/O/ORE.mp3
738e6cc0a88a07314c484a67a24c578f,/V2/SN/O/ORN.mp3
3209bebaf28276c18f682954ae69e9ca,/V2/SN/O/ORP.mp3
f564ca45a62950fc301be2687addee5d,/V2/SN/O/ORR.mp3
e001702a760c6988015a361381159154,/V2/SN/O/OTF.mp3
a28cfd220fd5260cdc8547e1a19f172b,/V2/SN/O/OUN.mp3
62323c5bc61be10e5754ba49a51a664d,/V2/SN/O/OUS.mp3
5707becd5b03296604e19c6041c6f709,/V2/SN/O/OUT.mp3
bd9cbd95667688fcfed7234a431d91f5,/V2/SN/O/OVE.mp3
6bc6a59bc85b1df966daf6ee5411bd12,/V2/SN/O/OVR.mp3
d780ceae85606a5e60b349745ef4ca6f,/V2/SN/O/OXF.mp3
6b512f1d33c31504c00b194141d04918,/V2/SN/O/OXN.mp3
a92efb938ec2c842e05f60c408a18765,/V2/SN/O/OXP.mp3
19ef8e22f94d46bdc755c079925a77fe,/V2/SN/O/OXS.mp3
4d8927118321cd564c664ec3c7d0d811,/V2/SN/O/OXT.mp3
2a9f409391e90ede732c79ea882cccf9,/V2/SN/P/PAD.mp3
71e36c20ded1b3e795960c0e3985b59b,/V2/SN/P/PAL.mp3
082e890a49deb0c8ccb8a1eef696e2fe,/V2/SN/P/PAN.mp3
29d441914bbe4da4ff66b961752bbe5e,/V2/SN/P/PAR.mp3
4cfea347bc121918c952368f2b72b3ad,/V2/SN/P/PAT.mp3
7f1930d04ee30c2a82348a3122c1deb3,/V2/SN/P/PBL.mp3
12b124b8f6bfd4c50ef78bea19f9a41d,/V2/SN/P/PBN.mp3
364fe316f622e68c7376dd0f12df72eb,/V2/SN/P/PBO.mp3
b46f9b7b88d025b3cdc72b9021c11159,/V2/SN/P/PBR.mp3
a4003971e7c5cd0e47f1cf41791eb8af,/V2/SN/P/PBY.mp3
728926af9bc5fd95b96bb3202ad34916,/V2/SN/P/PCD.mp3
9c39753e329d69ad68dc35d9dde34bbd,/V2/SN/P/PCN.mp3
3c491844c53cad02002196dd494a9229,/V2/SN/P/PDG.mp3
6902b3462b8f6483defb472cb7d54b95,/V2/SN/P/PDW.mp3
6e361c2e048fcc6636a137b6b38067db,/V2/SN/P/PEA.mp3
66e939406888f3d02ff80344af74b58a,/V2/SN/P/PEB.mp3
83b6300ba4b2bf618b78daa97988cad9,/V2/SN/P/PEG.mp3
af1fc0e099cbc40a5c5205bc4b826f40,/V2/SN/P/PEM.mp3
db0fd2e90524191622d804503965ef0e,/V2/SN/P/PEN.mp3
987d7811b3d843a66f90b6ad511abcfa,/V2/SN/P/PER.mp3
3b0af14de0eaed1d165b32b35c83a592,/V2/SN/P/PES.mp3
748909561910b7696ec2c2918a6cbd2c,/V2/SN/P/PET.mp3
14a1e41b7288016c98f7c907542027b9,/V2/SN/P/PEV.mp3
a45aff9ceb603991c9e156f238c95582,/V2/SN/P/PEW.mp3
1b3b2220286e3b3735ba03267e0d4fa4,/V2/SN/P/PFL.mp3
3a79890f06cc3ea1dd5de1f991a1242e,/V2/SN/P/PFM.mp3
9d351eeb15c90f8cb7c25dc3bfaa1217,/V2/SN/P/PFR.mp3
e8899210bd9ecdac0b04193defe0fd79,/V2/SN/P/PFY.mp3
2565fa683700321bc90da08369992324,/V2/SN/P/PGM.mp3
077477d1509efdee95b515e2fb7e6898,/V2/SN/P/PGN.mp3
cf355ebaa14d1ca9b8c224a9ea72590f,/V2/SN/P/PHG.mp3
09a79f4e2c8acd53cf5b5c26bae39f35,/V2/SN/P/PHR.mp3
d880d62fed79be402536783ad9bc71b5,/V2/SN/P/PIL.mp3
e248d56e30ea855a30bfae0f058ef5e2,/V2/SN/P/PIN.mp3
520071e4c8be9bf53dff009ace188e0d,/V2/SN/P/PIR.mp3
f213f5ca3bbcad41f3e6a802d724c281,/V2/SN/P/PIT.mp3
8c45f42797ab6507985c85a58cecaf85,/V2/SN/P/PKG.mp3
0e28ee59cc8e00b2d7abe41320428b2d,/V2/SN/P/PKS.mp3
0b7ac730c924f17046919544acbdfb51,/V2/SN/P/PKT.mp3
be710a0b7495862d5150ee3c13fb5342,/V2/SN/P/PLC.mp3
6f16775de78509f0394db5e9fbaae5ba,/V2/SN/P/PLD.mp3
a532556eae6968207faf5d8da6b79fae,/V2/SN/P/PLE.mp3
97feaf3f5d0d64924471804c1d6a98c2,/V2/SN/P/PLG.mp3
8d58d520474ca09eb62789cab1e988b6,/V2/SN/P/PLK.mp3
a682ee61e65142200009c15b5f8b04e2,/V2/SN/P/PLM.mp3
96bceec17166db4aebc3098674729c04,/V2/SN/P/PLN.mp3
6f316143f69289e2509f613ade56ef8a,/V2/SN/P/PLS.mp3
6711f54dfe9bbff5736b84a95de9c4c6,/V2/SN/P/PLT.mp3
752425e712849a172dc714e7276454d6,/V2/SN/P/PLU.mp3
4c4375f7609122c58447ce17cbb07f43,/V2/SN/P/PLW.mp3
9eb074014b5adc6f8bb8f8ae95442cb5,/V2/SN/P/PLY.mp3
b0d3c119213ebf15aa242d3634c6ba02,/V2/SN/P/PMA.mp3
1da6e9eb079dcc9f0fa7ae3bb7951720,/V2/SN/P/PMB.mp3
9ce4436aaa57918010c0cc56263362c4,/V2/SN/P/PMD.mp3
5dea71f34058bf33cf571bc489228148,/V2/SN/P/PMH.mp3
6f8f8cd866d0469db39f0beb3ea6c7d4,/V2/SN/P/PMP.mp3
470280c10112bacc03039c8beabdc647,/V2/SN/P/PMR.mp3
0d047aba2236b81950cc4a93d97b799b,/V2/SN/P/PMS.mp3
7806333223ac9058bda03be5f87366c6,/V2/SN/P/PMT.mp3
e88d76164cde0b41039f4a3dbbee8543,/V2/SN/P/PMW.mp3
454ae341c7841ddc0344063310e5acd2,/V2/SN/P/PNA.mp3
a053aace815d0deccf2a04c5c9b1fac6,/V2/SN/P/PNC.mp3
3697015dd9b5e92bfc24b7b497002be5,/V2/SN/P/PNE.mp3
6441d419b130952f914d064c33c38333,/V2/SN/P/PNF.mp3
3efdcfc53e116aed523ddf9cbee85db0,/V2/SN/P/PNL.mp3
bc8d4e793454ee78724115560013379a,/V2/SN/P/PNM.mp3
2b1ea742751dde19cc2e177f4ad163c5,/V2/SN/P/PNR.mp3
c5c36cf2943c514f19f9f0d284720cb5,/V2/SN/P/PNS.mp3
ad3f9a9c4a53d46141117bc148148892,/V2/SN/P/PNW.mp3
97cf204ee4366b5e39a96c46c8bc3a79,/V2/SN/P/PNY.mp3
e4a948fff63cbbf0327c45435b863b9c,/V2/SN/P/PNZ.mp3
fdda57b67b6831c8ee4166686bd75689,/V2/SN/P/POK.mp3
bced1eb8e90f749918c42846055dceb0,/V2/SN/P/POL.mp3
0396ce91285d475025a16311ff82d0b3,/V2/SN/P/PON.mp3
f7bfc7bed3906c28ef4b0f1dff5911ee,/V2/SN/P/POO.mp3
0c9e1fb78412ff9566430d07b28360d5,/V2/SN/P/POP.mp3
dcbdfac0a32ac0949590b5a19ca7cd27,/V2/SN/P/POR.mp3
409673f002497a528234b95d6a2fca24,/V2/SN/P/POT.mp3
a6c939277d5f3ec5d564d63549c5b642,/V2/SN/P/PPD.mp3
e8e4e28bd0c4dbfda613c313c2625290,/V2/SN/P/PPK.mp3
48b0b91ec78c367669f56943030e14b1,/V2/SN/P/PPL.mp3
68e9e3dcf29f0e422ad94402badd4707,/V2/SN/P/PRA.mp3
d2c42521f71653aee98f66ae28d872a5,/V2/SN/P/PRB.mp3
3fad2625ef9815e35e9b378f7bfc09e6,/V2/SN/P/PRE.mp3
2d4182f2732a91e1586a254bd6b6ae11,/V2/SN/P/PRH.mp3
b3b25433699c1b0d7feeb0422a27fdfd,/V2/SN/P/PRI.mp3
1d7f916c37fc246250e524b76c497d1e,/V2/SN/P/PRL.mp3
2f15f21062af8b02bc4c05ae943dac40,/V2/SN/P/PRN.mp3
bb6a9a55d90176a4b685c2c0035596cd,/V2/SN/P/PRP.mp3
b0fbb49a8f4f1a8b78ae3807e1d8c79c,/V2/SN/P/PRR.mp3
f9ffdfc4f4eb10b96ccf3f866c614fb5,/V2/SN/P/PRS.mp3
4690fb26724603f032513f4cf32708af,/V2/SN/P/PRT.mp3
123a1d72c6fbdc3fda97b5610b23d2ef,/V2/SN/P/PRU.mp3
13ecd33cbbb6a08b68fccd66a61ce527,/V2/SN/P/PRW.mp3
032c0dd454f415f504ff62b970f50caa,/V2/SN/P/PRY.mp3
d006ae2cc96510e2914ad9410b620b59,/V2/SN/P/PSC.mp3
5ba128f29f6bc2823dee888ca71aa9b1,/V2/SN/P/PSE.mp3
a149ec71f20651540a8d3f2ba31d3f3a,/V2/SN/P/PSH.mp3
d721811d5ff6d75029b6b6b1b95bde87,/V2/SN/P/PSL.mp3
451b1452349b586742fb8d568b5ead47,/V2/SN/P/PSN.mp3
3cf8ea61528fc7bc341b8f5c8d36fac9,/V2/SN/P/PST.mp3
343751086fa032325d41edc62f333ce9,/V2/SN/P/PSW.mp3
66b9444134ee121f329e841c85f1819a,/V2/SN/P/PTA.mp3
522d2f191b8fbd0871e00d713e6f2381,/V2/SN/P/PTB.mp3
f363bfb538f3be676933363ec5ae71be,/V2/SN/P/PTC.mp3
e6f0e85291a895d2481c5f1718df09c1,/V2/SN/P/PTD.mp3
1a4041430cf2c01e1a83d541fd0a1fad,/V2/SN/P/PTF.mp3
519b153ef055d4a7bbfc818863cd8f98,/V2/SN/P/PTG.mp3
976395c6ae641919dd971cdd80363368,/V2/SN/P/PTH.mp3
dbe04c4252417ce18ebaf1a6cfefb76a,/V2/SN/P/PTK.mp3
921e89083365e0cd58b2059c43c3dd2e,/V2/SN/P/PTL.mp3
01b654bdcdebd7ca5ad5b0bf430a329b,/V2/SN/P/PTM.mp3
6524d8c9a31e29654016cbab7908e23c,/V2/SN/P/PTR.mp3
af326a13fb59dda446ea9027b6c18382,/V2/SN/P/PTT.mp3
bd95c7a64c311fcf878ce6759e7814a1,/V2/SN/P/PTW.mp3
d16b04c51615bb6dc677ea63419c8a2c,/V2/SN/P/PUL.mp3
db577baa4f3608243ad2eff2c3303b73,/V2/SN/P/PUO.mp3
e90f7c2564dbcf8d7b32bd0a288a9bbb,/V2/SN/P/PUR.mp3
8d7ed58ac9f018bcbd7fd7f88fab365e,/V2/SN/P/PUT.mp3
7717020ef79080b545300bf61c779d39,/V2/SN/P/PWE.mp3
ed93696463b271bb3fb3fe0ecb546810,/V2/SN/P/PWL.mp3
690cf54e84faeaeb309a49eed411c865,/V2/SN/P/PWW.mp3
9b2039d568b8909eac1e6455585ea92a,/V2/SN/P/PWY.mp3
153a8deb4107d7e122b14bffde492f90,/V2/SN/P/PYC.mp3
9b80a4ad865399ef7d79e90e1228a159,/V2/SN/P/PYE.mp3
ee26124bd0114cbd0497d6a35e1b2d31,/V2/SN/P/PYG.mp3
4958d94cb726ec5b6a3e88edc495cab3,/V2/SN/P/PYJ.mp3
92ff03660e97878dff1a28a529344e99,/V2/SN/P/PYL.mp3
e8c4b035395d6f179ee1bd818dd59e6c,/V2/SN/P/PYN.mp3
debb789677a04e03483172d637c18ee6,/V2/SN/P/PYP.mp3
eb33c874dd29a0bd985535813c269e22,/V2/SN/P/PYT.mp3
05e785eeca0448c3a3354b685ad58f47,/V2/SN/Q/QBR.mp3
7e0f6ec986a1a612a0670325f181e47c,/V2/SN/Q/QPK.mp3
4278d5b344fa62ecf872929bc3a3898c,/V2/SN/Q/QPW.mp3
d97281a5a0181a5ae6587363292f8db7,/V2/SN/Q/QRB.mp3
219d37f19efce216f56b7791b10e369a,/V2/SN/Q/QRP.mp3
06b3b52b0dfe36d41d06f0af43d13568,/V2/SN/Q/QUI.mp3
72795cb862dd0284af462354101c4077,/V2/SN/Q/QYD.mp3
b2390ba7d154d5450a8dbdc5af7e0e93,/V2/SN/R/RAD.mp3
847670084af3f212fdc8275c992e9b68,/V2/SN/R/RAI.mp3
633f8c8051dcfe2d298f30331c5f87e2,/V2/SN/R/RAM.mp3
3d57c40b268191bfb5870d517476e13b,/V2/SN/R/RAN.mp3
6b830f985f05473959d477d77e5a98bb,/V2/SN/R/RAU.mp3
fa8eb7dca0000a3ffda9790bed7b2ede,/V2/SN/R/RAV.mp3
23e92c6dc45897263c2f7be02062870f,/V2/SN/R/RAY.mp3
33fade78cd194d4bd5507b06b7645268,/V2/SN/R/RBR.mp3
815160a8b7f3db26b092fd4a603706bd,/V2/SN/R/RCA.mp3
57ca7b747956a1d39f6ca097e87d0976,/V2/SN/R/RCC.mp3
b69a9d0cd7028a2e0a280c906bc70723,/V2/SN/R/RCD.mp3
14280c87300d92429f1353133c2d910d,/V2/SN/R/RCE.mp3
7c89d5407af60c60911bc78f6aaa45ce,/V2/SN/R/RDA.mp3
88ac82425491bfa765dc149661de8313,/V2/SN/R/RDB.mp3
5715a73c700b84acf419d01a6dac5f27,/V2/SN/R/RDC.mp3
af781b7cf1f359c0caff46c0ee4d642e,/V2/SN/R/RDD.mp3
e59c98bd851e429cb28eb3a1155357b3,/V2/SN/R/RDF.mp3
595c2c29ecdc688d0d4f0ba5df7d1ebb,/V2/SN/R/RDG.mp3
e9c1b55b370b2ec5fd1f51b4f1ca40c5,/V2/SN/R/RDH.mp3
f4504f84d6bac277f9f1c4acfdc0b969,/V2/SN/R/RDM.mp3
32cdf47c13ceb4df19124ad1bc4cebe2,/V2/SN/R/RDN.mp3
819d841e01fbcea915a72110f5fb995d,/V2/SN/R/RDR.mp3
2b2f326e88d7cd99e5cddb21058b3ebb,/V2/SN/R/RDS.mp3
746c6b74efa80c93be9c59f46545782d,/V2/SN/R/RDT.mp3
031d9437959b73bb3ed0dba2bb564e4f,/V2/SN/R/RDW.mp3
30acabeeff0d038671a7a56329a792a4,/V2/SN/R/REC.mp3
1c287235c4b75be2c23552fa9c89939b,/V2/SN/R/RED.mp3
cdeee4b51c2518344f8ea13395d5a409,/V2/SN/R/REE.mp3
f45925cbe5c263b577bb89513b2fbac7,/V2/SN/R/REI.mp3
1c1f2947932a468cc3ae42db01b82a6f,/V2/SN/R/RET.mp3
50267923d37be3e81b39b66da399f8ed,/V2/SN/R/RFD.mp3
244ffe455c38e150566fbd981c42bed4,/V2/SN/R/RFY.mp3
43fd066a3daff20e75f243df78e5566d,/V2/SN/R/RGL.mp3
1b3e63efdbd5c62208157a4d408d01ca,/V2/SN/R/RGP.mp3
ab535c34345a525df06cf170fd2ee66d,/V2/SN/R/RGT.mp3
336460870168d84cf7fbd3a86e436aab,/V2/SN/R/RGW.mp3
493bedd7e5308c197f41696ef0e357d8,/V2/SN/R/RHD.mp3
5d1f50576f510a586480dddcc1248a77,/V2/SN/R/RHI.mp3
5763633a74ed3a3f667d5beee025da30,/V2/SN/R/RHL.mp3
a44780528a125c53258a10b9da6d68e7,/V2/SN/R/RHM.mp3
b5f1c9b817c761bfae306426c0926289,/V2/SN/R/RHO.mp3
c2d7152a6395520447af446049034955,/V2/SN/R/RHY.mp3
30a33d97fc2432a847ff00d4d637ab11,/V2/SN/R/RIA.mp3
c10deb6dc37f595f184a79b6f4ffe7b1,/V2/SN/R/RIC.mp3
2156c21be300d9bd26f86bd193924126,/V2/SN/R/RID.mp3
7b8f259f13e7ddb6b1060eaf9c0931b6,/V2/SN/R/RIL.mp3
6601d808f1908a04473d89216ec1c5c5,/V2/SN/R/RIS.mp3
6f21ccb83e81c90f3d38237354e51b07,/V2/SN/R/RKT.mp3
e42418f05502d849c8aad3312d5e9eea,/V2/SN/R/RLG.mp3
87053dc68a362717f372ec5d58f67a7c,/V2/SN/R/RLN.mp3
1d05bbf73e8b5d8692befa4b1c485d1e,/V2/SN/R/RMB.mp3
8b6ffeab3a8fa2b498bd174a5a979b3e,/V2/SN/R/RMC.mp3
fe7d9952cecad57b601ce16d25b08dd1,/V2/SN/R/RMD.mp3
7e1c13365eb99243d7ca8f06722960ed,/V2/SN/R/RMF.mp3
0e2b7a01e7cc2f0b1ebcd98d3c9e050a,/V2/SN/R/RML.mp3
92f61623a45add4190a8f3b3b6899557,/V2/SN/R/RNF.mp3
b19c990cd8b2e4f3d2e7ddcdbbe62045,/V2/SN/R/RNH.mp3
0452fa9b154183ba296a410c27606f4d,/V2/SN/R/RNM.mp3
60b53a1c843e94c382f1a9f0b2748339,/V2/SN/R/RNR.mp3
27771f0fa504ec68af2f411246bf7ab6,/V2/SN/R/ROB.mp3
435fc2dd8aeb27a2cfa1e1b3de288933,/V2/SN/R/ROC.mp3
1d827a4e068796f6fa9a06b70c44505b,/V2/SN/R/ROE.mp3
55b02689215f4b1130d5a3b941b0323f,/V2/SN/R/ROG.mp3
6c6ba5303e7fcc774349cda06f76d75d,/V2/SN/R/ROL.mp3
697bd77e88193f959252b425a51a89c3,/V2/SN/R/ROM.mp3
6e049e42a4c6beb3f3c9c09f35837c69,/V2/SN/R/ROO.mp3
ccc83b1e168a178b253c3ff73c94e756,/V2/SN/R/ROR.mp3
813404555e3f11eea60e79a3337bb490,/V2/SN/R/ROS.mp3
c598f1733eada744b451c8132eb01db8,/V2/SN/R/ROW.mp3
a52d76828df0f7b3722e7e43f1b4b609,/V2/SN/R/RRB.mp3
49ea7446578b75c523ce05dcda034891,/V2/SN/R/RRN.mp3
5436e60b0e67fa920ef7202d736814be,/V2/SN/R/RSG.mp3
3d029d96076073517d098f86904765a0,/V2/SN/R/RSH.mp3
602561ad058173220aa94b6daeace3be,/V2/SN/R/RSN.mp3
f2201463944fdacd145a84efb5d00fec,/V2/SN/R/RTN.mp3
a35c59e959ee0485c838b181b3db30b8,/V2/SN/R/RTR.mp3
fb6de5810d9afa38936275022e70a518,/V2/SN/R/RUA.mp3
8d93285ee81722c2b7947a8316786c8d,/V2/SN/R/RUE.mp3
d7a549566031df7abe76f1dd1020a524,/V2/SN/R/RUF.mp3
80cda8ae9c98b3be2b4f1f3ce6fbd237,/V2/SN/R/RUG.mp3
4ef0f6b87943ffa976647fb604a7b19d,/V2/SN/R/RUN.mp3
62ce0791735f2aab091144e187bac1b5,/V2/SN/R/RUS.mp3
61c07bb1928bed0852015fc9e07ad1a8,/V2/SN/R/RUT.mp3
011986e9a60a13fab301628a4997c952,/V2/SN/R/RVB.mp3
626d7ee916785e5d5a3f9bfe83cabc00,/V2/SN/R/RVN.mp3
eb6a16ae9f20d09f87e7f204438d09d0,/V2/SN/R/RWC.mp3
87c2d20f2580261d686ba34f2deb1699,/V2/SN/R/RYB.mp3
2970ee33740e62377b88d29ddc19cfc3,/V2/SN/R/RYD.mp3
afb86bd44e1e236560c17f90b9f5c52f,/V2/SN/R/RYE.mp3
9ecf28755656b757073850aca35f2f19,/V2/SN/R/RYH.mp3
d2fbc87d18dfab8813a7f930be401218,/V2/SN/R/RYN.mp3
9e4e1013c5b9866ea090d12a6a272cb1,/V2/SN/R/RYP.mp3
2e10eae2e96e54ead2144395e4378592,/V2/SN/R/RYR.mp3
6be20a0a87fee0ce20f097a16e67718d,/V2/SN/R/RYS.mp3
ca5214865608355e738fd7a42ad6055d,/V2/SN/S/SAA.mp3
5f3c27fe50175884b121ed93bf273bc7,/V2/SN/S/SAB.mp3
e4fbaaaa7f2fed2138fbef03d8e8376c,/V2/SN/S/SAC.mp3
dbc049e902ece37c9fbdb668ae1a6c30,/V2/SN/S/SAD.mp3
6ae24cefdff8d48077f3227addf0898e,/V2/SN/S/SAE.mp3
44c9d3166a6fbfa1611ab37b8162e169,/V2/SN/S/SAF.mp3
475eebdd5e68a501935b70b1e5d53090,/V2/SN/S/SAH.mp3
a442280c39109db48bf97cb1a7cf439a,/V2/SN/S/SAJ.mp3
e6007e4a0945b388dce34136af42b9df,/V2/SN/S/SAL.mp3
373024fe9e8d0480f52d526c8e5fc457,/V2/SN/S/SAM.mp3
13ebeea7d61f3218bd1df3ab047f9301,/V2/SN/S/SAN.mp3
d105246701e3dd98901a93de009ee785,/V2/SN/S/SAR.mp3
ca27d1f72c228af33988c8a7e6742766,/V2/SN/S/SAS.mp3
e4ac46b22aa4dc60cd876265c2c12f41,/V2/SN/S/SAT.mp3
a8e10e0fe71b1f70dd3f289328d2241b,/V2/SN/S/SAU.mp3
11d64e168836a74902a6e84364d28d45,/V2/SN/S/SAV.mp3
a8a76ed0b4f3eca8f61a5ff882138d03,/V2/SN/S/SAW.mp3
3b75e650e8e5744785cee613ac0bace3,/V2/SN/S/SAX.mp3
3a7763294c96377238a9fbec26f702ff,/V2/SN/S/SAY.mp3
00eccb72850de5102b5cd27a28600512,/V2/SN/S/SBE.mp3
2ff8212a00cb399d5353704bb0cf0baf,/V2/SN/S/SBF.mp3
93098128b667c1623ad9df9dc4ed5ce8,/V2/SN/S/SBJ.mp3
4fa8943bdaec937bab69c7428287591a,/V2/SN/S/SBK.mp3
1143dae0add17d098733d32310cae782,/V2/SN/S/SBM.mp3
2eaf5c6ef4635b9f05cb1977f99a96ab,/V2/SN/S/SBP.mp3
0826521f50c510ca03510f5939877524,/V2/SN/S/SBR.mp3
00138d9184a5efef948c548a703b6be9,/V2/SN/S/SBS.mp3
6a751f076f145a0d79354ae6e99efd44,/V2/SN/S/SBT.mp3
2c24a8f7e54a485f7ea7bfb29b5ae87a,/V2/SN/S/SBU.mp3
11fc52f40e35664929abe9d03c614973,/V2/SN/S/SBV.mp3
97ef1ac81d6c365432bcdbb98777f90a,/V2/SN/S/SBY.mp3
e96e77c1e4a3b061c4e50ab3c79d1ff3,/V2/SN/S/SCA.mp3
df89336cac6dee1cb45f44f9bd63cdb6,/V2/SN/S/SCF.mp3
540aa22463877cbf4355debee28a09fb,/V2/SN/S/SCG.mp3
eceaeb51de14235185ded204bd3e1a2b,/V2/SN/S/SCH.mp3
5c655408cd420e063476af3d2fe41b8b,/V2/SN/S/SCR.mp3
17e08896e99b92b7713febd6e8512228,/V2/SN/S/SCS.mp3
ace28baf9b0c963aafd86eaafc017162,/V2/SN/S/SCT.mp3
9caecd229a7e23a5c8daed699f27e51f,/V2/SN/S/SCU.mp3
ea0af48a8439acc670d9f0f655dc82d8,/V2/SN/S/SCY.mp3
b95ea977be159d1f794141e77cec45ed,/V2/SN/S/SDA.mp3
4c7b5aff844578392b545cbe0460277f,/V2/SN/S/SDB.mp3
04984d16cab871192cbfc7a25853f7ff,/V2/SN/S/SDC.mp3
616aac7119137df9335d37e6f0bebde2,/V2/SN/S/SDE.mp3
937b1ffbe72e34d00ffbb1dc56b776e8,/V2/SN/S/SDF.mp3
70077e6a922f42aa8c8834d1ceb065e2,/V2/SN/S/SDG.mp3
4b82b11e48dd5b5b5c06aa86db470b39,/V2/SN/S/SDH.mp3
ff86e25b945aaaa118cbd798f2672e8f,/V2/SN/S/SDL.mp3
b12b6bffa40548bb02ffe5b1d577c519,/V2/SN/S/SDM.mp3
dfd7cb9cf1206e488353024ca223c9f9,/V2/SN/S/SDN.mp3
b163bf4256740fa7baf269be8eb79142,/V2/SN/S/SDP.mp3
fb147795cd4da2226413d992e6264595,/V2/SN/S/SDR.mp3
b11b35a9e9dbf52e102f48ab51837866,/V2/SN/S/SDW.mp3
bd128a94c8d1bbf95229377726383e22,/V2/SN/S/SDY.mp3
4df67066fb4608fe14364a9ae25fffd6,/V2/SN/S/SEA.mp3
125ab90898b0450be139d0a4b07707a0,/V2/SN/S/SEB.mp3
006f479d298dd3b798a468738adc132b,/V2/SN/S/SEC.mp3
d9caa51a896a78a41808e46b372c1bcb,/V2/SN/S/SED.mp3
edf41c4f476ccadf76853200b94eb819,/V2/SN/S/SEE.mp3
38eecd2f558889b043f07b574c672b46,/V2/SN/S/SEF.mp3
351cd2fd6d6bcb612fa187805dc0ccc9,/V2/SN/S/SEG.mp3
7ef9fd2004abb0a4428f96c285b12971,/V2/SN/S/SEH.mp3
8f3c96c3d06339dbf5d930b2b9625b0f,/V2/SN/S/SEJ.mp3
426aaefb85530ba924e60d6746771ef6,/V2/SN/S/SEL.mp3
23997625b354f38d34776b1e9ef21728,/V2/SN/S/SEM.mp3
21c1e2e0aa154acd96c8603cac2834d9,/V2/SN/S/SEN.mp3
bc7af17f60cc39011ed4197ea23206c1,/V2/SN/S/SER.mp3
ec7814459616aa5b61a11e42927606e6,/V2/SN/S/SES.mp3
fb4137c92b5bdb3633af96bb27b0937f,/V2/SN/S/SET.mp3
1889e8e7ce62729386cbd6212ac945c2,/V2/SN/S/SEV.mp3
34563b28ccb2e09b2399e431da52038c,/V2/SN/S/SFA.mp3
b4e85c5d49ce4ddb93cc1a7f4cc401dc,/V2/SN/S/SFD.mp3
432943558b6fdf80a19aa160da711a7b,/V2/SN/S/SFI.mp3
f826adc9c695adfffca1076df538125a,/V2/SN/S/SFL.mp3
733a89edaa09a5bbc38238a373f63a37,/V2/SN/S/SFN.mp3
409f27068b7b61efc7210f7b957e3d4b,/V2/SN/S/SFO.mp3
36007ca12a641826f7d85b9fc7f9117f,/V2/SN/S/SFR.mp3
9f5b4ab484e4d8fd7d2aa67efd679aba,/V2/SN/S/SGB.mp3
e52ec75618c73fbe856e5b4fe6871e9f,/V2/SN/S/SGL.mp3
edbd03fa8e58931cd91992ef8a2a7a37,/V2/SN/S/SGM.mp3
9c906ca9a8b2595b20f5574259c9d0c3,/V2/SN/S/SGN.mp3
4ba0eccc500f9c3b4b2b6cdbca704b35,/V2/SN/S/SGR.mp3
c3db342d16e735791940516f38512cff,/V2/SN/S/SHB.mp3
dfe3c843c110020d42facf015b9edd80,/V2/SN/S/SHC.mp3
8a43dfed01f28be09742bd4acb04a310,/V2/SN/S/SHD.mp3
6ed61ef69d59c7e4662a608f608fd23f,/V2/SN/S/SHE.mp3
37dd8ed37730cc8d576c51a707235109,/V2/SN/S/SHF.mp3
0cf45950b38e453824c25f065bea047d,/V2/SN/S/SHH.mp3
6a13cad9df4e4ca1b057ffdece70c5a8,/V2/SN/S/SHI.mp3
74af655bd22e05c59eb4b4d66e2e6d21,/V2/SN/S/SHJ.mp3
ebc8b34d907ab8352878d483e887601e,/V2/SN/S/SHL.mp3
01e3e2f1d268d817b891672e67a40c45,/V2/SN/S/SHM.mp3
7b6beb8169bdc0666b1375600aa0b53e,/V2/SN/S/SHN.mp3
d640678b261e528a05f5b16d84c80831,/V2/SN/S/SHO.mp3
812dc83951d791afa1076f403538ec3d,/V2/SN/S/SHP.mp3
1a2a0fa2cb6a83f75abf461da2d566fc,/V2/SN/S/SHR.mp3
263812723f1d86566bcc8c1703a3cd49,/V2/SN/S/SHS.mp3
77ba015890b55f1d7f273c6e28c02e8e,/V2/SN/S/SHT.mp3
cd605423cd90b8f3392e4764d4b6d5d8,/V2/SN/S/SHU.mp3
3331f56cbf0ba237394adcbdaa2c98f5,/V2/SN/S/SHW.mp3
43597ed9669d7ae2e4c61c7d8183db1f,/V2/SN/S/SHY.mp3
36e118568058b6fbe73cbf8a477417d9,/V2/SN/S/SIA.mp3
fa2f4d80091af88ae408b1516fd1ab52,/V2/SN/S/SIC.mp3
f2ae7abca299fdf26bded06f230d4d1f,/V2/SN/S/SID.mp3
160ab1fb2975c3d4cff9aa80d299de81,/V2/SN/S/SIE.mp3
c8d097571c4b3e13f76781db713ef560,/V2/SN/S/SIH.mp3
47de532b3b60f563fcdc20f5b1e05b50,/V2/SN/S/SIL.mp3
9fb2ca3d75e60dad5becb8154b2450ae,/V2/SN/S/SIN.mp3
1c4359c537f60d8128e9d6c6f35b2a75,/V2/SN/S/SIP.mp3
64bdde8882674bf66cbb3b65f434f520,/V2/SN/S/SIT.mp3
5b8c1960cf7dfdc8a187a5af9bb7aa9e,/V2/SN/S/SIV.mp3
1003a074d41243371136097f84a21800,/V2/SN/S/SJP.mp3
db4f10d3f082e4e684edad3993c92a55,/V2/SN/S/SJS.mp3
54d8b8fe05378e4520fc30f1c06c1bca,/V2/SN/S/SKE.mp3
4452a90f72bd0298e43f0c1c36eaa4dd,/V2/SN/S/SKG.mp3
352abfb7a47e24403a71b49268afef60,/V2/SN/S/SKI.mp3
0c2e76840e02195ab520a824cbe9d7f9,/V2/SN/S/SKM.mp3
c0fcff5916e998549beb35264c9d909d,/V2/SN/S/SKN.mp3
55be2f26f177154bd1807d73d7468725,/V2/SN/S/SKS.mp3
622c7de1f7fc20d6cca55c14377a02ec,/V2/SN/S/SKW.mp3
6224e7730501937334eaab4698c5aecb,/V2/SN/S/SLA.mp3
419010e911c5dbf1cc8b45ada7791c44,/V2/SN/S/SLB.mp3
222ca049dae6e695ba91e0f048704458,/V2/SN/S/SLD.mp3
bf27d83d27ca8ca27f7d4319f17678f6,/V2/SN/S/SLH.mp3
8ec32630db68bcdfb7c826ab867658ce,/V2/SN/S/SLK.mp3
935b513f7f0f6639731b7dc09162e4c3,/V2/SN/S/SLL.mp3
08ac6353a77978969f5d495bf374c3f0,/V2/SN/S/SLO.mp3
9c1c14ec741fdfafbb41d9295ec4c4b4,/V2/SN/S/SLQ.mp3
97bce919b30c8f54fb8386dda6a1c0e6,/V2/SN/S/SLR.mp3
8c203dbeefe5381a7e0fdd821dee7279,/V2/SN/S/SLS.mp3
8830f3abbce0416ccb033c910a46509f,/V2/SN/S/SLT.mp3
b1b9bf3544e0ed1b067481e229bf01da,/V2/SN/S/SLV.mp3
eeaa9b16efc540eb069774da326c0f0c,/V2/SN/S/SLW.mp3
4185cb7fbe3e37edcb94988693682f25,/V2/SN/S/SLY.mp3
89c5ab5069203009cef74edded5ebbfc,/V2/SN/S/SMA.mp3
5b08a4e65a2415fad1458a1ef72f3f51,/V2/SN/S/SMB.mp3
2886177594f016257ff4006e60400cf3,/V2/SN/S/SMD.mp3
c1c4bd638faba64824c183591d33ffcb,/V2/SN/S/SMG.mp3
2f0934fdd6a56245edd9dfadb1c0bb47,/V2/SN/S/SMH.mp3
726e2f7643ca80058b91ba637d85a9e2,/V2/SN/S/SMK.mp3
3a93234b125296f712b746d1c7660f1e,/V2/SN/S/SML.mp3
d30e84d3dada644eaabc2582af4095d7,/V2/SN/S/SMN.mp3
849a6b8db7f07026153d9e7fdd7fe867,/V2/SN/S/SMO.mp3
bdf84a3557b6a395b7e87fbe26b62f65,/V2/SN/S/SMR.mp3
b74f4c7c87466e20598b2eda1666ea01,/V2/SN/S/SMT.mp3
5845c5431df03529e0203fef85ec0a0b,/V2/SN/S/SMY.mp3
88619a2d4ffbc9238574a555d72af0d5,/V2/SN/S/SNA.mp3
c87827bc41a5ffbcf1a105f3691c24cd,/V2/SN/S/SND.mp3
3c4be9efe8758d24930ae34ccf6820e4,/V2/SN/S/SNE.mp3
a9be1b20c2f5660e4167be4b81a56490,/V2/SN/S/SNF.mp3
6882631822e766325eecd85de2ccfb21,/V2/SN/S/SNG.mp3
4851c4f9fbf2ce02be63ff2b49b5ecf1,/V2/SN/S/SNH.mp3
8dd95af90db73c6723a07742202f2925,/V2/SN/S/SNI.mp3
346b7c3d19982c746aa28c7c4b0b84d7,/V2/SN/S/SNK.mp3
4a4e7b7ae8028feba21987473f996b66,/V2/SN/S/SNL.mp3
6c56930156e34381605ebe4d23323ef0,/V2/SN/S/SNN.mp3
58f8fbcf1360a12c4b4d0bd85f05229e,/V2/SN/S/SNO.mp3
6ba62a6b4c06502a06d9f8b1fd7a835a,/V2/SN/S/SNR.mp3
94aa1625e421b0815728e0ae7e63aa15,/V2/SN/S/SNS.mp3
d0baddb47be58fefd679d4051c5820f2,/V2/SN/S/SNT.mp3
241c051b05d11e155e44da2574ca26f2,/V2/SN/S/SNW.mp3
bcef4fa2db75974f45a4186149c0d62f,/V2/SN/S/SNY.mp3
29268d926becbe2246e5fb37f0f54143,/V2/SN/S/SOA.mp3
77c9d368631f13e5d50ed98ec754c4ad,/V2/SN/S/SOB.mp3
a8d5bd5700be2f142e3e39663a2efd4a,/V2/SN/S/SOC.mp3
4f4fc0dc7726b98713598aa0dd4fff4b,/V2/SN/S/SOE.mp3
3232c4957a1f3583c7987fa8af4f07e0,/V2/SN/S/SOF.mp3
2647e8a41b36c6e77380f86657742ce7,/V2/SN/S/SOG.mp3
a15e891194ab1748a5239b5fae97a070,/V2/SN/S/SOH.mp3
fef400a2cb269c49e2feb7d8d02ef19b,/V2/SN/S/SOI.mp3
3e43ddd20254c5f00157212b82de0662,/V2/SN/S/SOJ.mp3
1c2f02bf17f651920f5e55ab786c935e,/V2/SN/S/SOK.mp3
d1f477866e771cc1bf1b7c7886dac6e4,/V2/SN/S/SOL.mp3
3cc33b72332bceb91f0a07c8bf9d4e6e,/V2/SN/S/SOM.mp3
9d82a2dd2180f577c5cbe89b96570a06,/V2/SN/S/SON.mp3
f9c1e3f442a0feaff4e1de66befc1558,/V2/SN/S/SOO.mp3
f5cbbfd59fb50c8e0c3d9735e0e4afb6,/V2/SN/S/SOP.mp3
67b8f375db096e8b91df32da9c009d6b,/V2/SN/S/SOR.mp3
d9f6f5e8606c94f417f2a9840f8c4439,/V2/SN/S/SOT.mp3
d617396790d5a1d2d007b28eb38f0631,/V2/SN/S/SOU.mp3
08e8d2baff74c2c4e3e022052dfcc08f,/V2/SN/S/SOV.mp3
463104e70840e3b20e24c11f8cb97b5d,/V2/SN/S/SOW.mp3
c827ddab49c640102e5cb431721dea1f,/V2/SN/S/SPA.mp3
85ab4b74872b59a98bea50b3ffefaced,/V2/SN/S/SPB.mp3
01dc8f72d5264c2e5da637e9a7d19b18,/V2/SN/S/SPF.mp3
017d7161827a6659a97dadca04835af5,/V2/SN/S/SPH.mp3
2457fb50e8e549696a079d52fad3b06d,/V2/SN/S/SPI.mp3
3b51d1ec56dbbca3521c1aea136376bf,/V2/SN/S/SPK.mp3
86a2257cd5d28d90b22c4ff89f4168f3,/V2/SN/S/SPN.mp3
251fe58b9bf12186953a857d5a0a4d40,/V2/SN/S/SPO.mp3
16381ba1b143c94048a417f66fb1aebc,/V2/SN/S/SPP.mp3
ecb8b7e269436536b92098870ce25587,/V2/SN/S/SPR.mp3
64f7159133d81e51e0b4260970924497,/V2/SN/S/SPS.mp3
22a21ea7e522943d75c048e231450447,/V2/SN/S/SPT.mp3
650137a37d17e2ed6e29db7701144923,/V2/SN/S/SPU.mp3
f4f5736f236b366e7b94ce983bd1095d,/V2/SN/S/SPY.mp3
0c5954e4457f1e90ddf904700ada6106,/V2/SN/S/SQE.mp3
d586cbf7c37f9d8e61bad94f172491c9,/V2/SN/S/SQH.mp3
fa7caf7a61439cbb43d4c5b2c235a94b,/V2/SN/S/SQU.mp3
8e340f78730c857f36d29dac010f0267,/V2/SN/S/SRA.mp3
8a4ead1ec79b6a9e364041c783e59f64,/V2/SN/S/SRC.mp3
ab251d6341e2af26fa5b2ecfd83e595a,/V2/SN/S/SRD.mp3
88fc3b821a4c61c994cbe286343a6429,/V2/SN/S/SRG.mp3
85fbc5ee2c9b45bdf5a1a99be1c3c28d,/V2/SN/S/SRH.mp3
d09ce4c603caa92556075094f492b14e,/V2/SN/S/SRI.mp3
cb0b471faaad95c74907db19ad74ca27,/V2/SN/S/SRL.mp3
477b1a19373d090421578ab60aa915da,/V2/SN/S/SRN.mp3
8106986c1c9db65099ff7e7490c8bc9a,/V2/SN/S/SRO.mp3
2ede5b48864dedc276f346f974321b3f,/V2/SN/S/SRR.mp3
9d31c148225dfb234cc4f6d0d2366766,/V2/SN/S/SRS.mp3
072aefdb608b70edf2899b473925d928,/V2/SN/S/SRT.mp3
3438812603a029cf01d790d8f4e2d05e,/V2/SN/S/SRU.mp3
f071072e13300bd2d362f737fe1ff5c9,/V2/SN/S/SRY.mp3
af340984bd27a4385ae29f5bf3c17688,/V2/SN/S/SSC.mp3
c7edf6150b9fe97e2f79bac1e0fd8e91,/V2/SN/S/SSD.mp3
2c67110a4f34cdfdd37533a59bc14dc1,/V2/SN/S/SSE.mp3
9354c4ab4ef363332f3b63fae5477df2,/V2/SN/S/SSM.mp3
60c4547e2323541281d725a9745b595d,/V2/SN/S/SSS.mp3
0d8aa60acf5569e7900827dbc2a414ba,/V2/SN/S/SST.mp3
f974fe85557097ec6da50956cb65a82b,/V2/SN/S/STA.mp3
3c678109df1792af50ac9f911f14284d,/V2/SN/S/STC.mp3
8e281f1343651601ff4d143ee872a989,/V2/SN/S/STD.mp3
b191e1103570bb6c8374e005e29fc5ce,/V2/SN/S/STE.mp3
8a9e88649b7dfcf8b38192323bcde6e7,/V2/SN/S/STF.mp3
5afb01418d6cef072bdaf0a89a5008ce,/V2/SN/S/STG.mp3
9609bf11272c484849db959e4ea8da0e,/V2/SN/S/STH.mp3
9e7d89f8bb34e1f479bcdf3a591d8ff2,/V2/SN/S/STI.mp3
294872692c9e5ca4606f33a090d93699,/V2/SN/S/STJ.mp3
939d55905bf3409191d390d74a414efe,/V2/SN/S/STK.mp3
439a5d4cf330aaee6d342e29dc649bda,/V2/SN/S/STL.mp3
d98d07c751b7f940ef0859485f03799b,/V2/SN/S/STM.mp3
efc7f7a6c65241b079682ee2ca14ad26,/V2/SN/S/STN.mp3
73b6b65f9d67b1ba0344a1af678d21fe,/V2/SN/S/STO.mp3
f6e84e5c1cc058e86b006b9e7e136ef3,/V2/SN/S/STP.mp3
54aa686f20ddc090884b257647a096f0,/V2/SN/S/STQ.mp3
46581b154444e09c7d3d73441b762822,/V2/SN/S/STR.mp3
0ee37ae1abf91fd09ccfd983688bd8df,/V2/SN/S/STS.mp3
de8ddb42ae6ce80a08afd4c03f03bdd8,/V2/SN/S/STT.mp3
ccaedc978caf8889ec962b457186499b,/V2/SN/S/STU.mp3
e0ad813ab70d0e9b87a5338648fa8cdf,/V2/SN/S/STV.mp3
22586107db68ffe1051d464c7b15ad81,/V2/SN/S/STW.mp3
6918d504d2d9cce801099cfeabe59b90,/V2/SN/S/STY.mp3
5621ce9fbabcd332425692aa309ccf11,/V2/SN/S/STZ.mp3
d2d2dea8807e125431b5ca1c80f530db,/V2/SN/S/SUC.mp3
e2c6dd359ec550553f339c9612d45f02,/V2/SN/S/SUD.mp3
b781a6fa13f104c5ac7172a00fbd5cb2,/V2/SN/S/SUG.mp3
8e4a7c0344d294f8ea3b4c5bd4d2ca60,/V2/SN/S/SUM.mp3
08978532bbea849f35ed7dda6fbdb40e,/V2/SN/S/SUN.mp3
6311e0ae54639d751910dce200a8bfa3,/V2/SN/S/SUO.mp3
ffad85cece5a5ac5ad104b2f06799ea3,/V2/SN/S/SUP.mp3
d3c2cae503905d412c27fe4c2b311d96,/V2/SN/S/SUR.mp3
9d55f22938cdbd34468d61d4f7f5d7c0,/V2/SN/S/SUT.mp3
2f5bf12d7ec5d60c513eb196128466d6,/V2/SN/S/SUU.mp3
b68ec8b61bf07098b165bfa10fcb603e,/V2/SN/S/SUY.mp3
b3b354b9fafc6a55e363f870d89c5eee,/V2/SN/S/SVB.mp3
c9331b07f112d8ee5796f44f8870e25c,/V2/SN/S/SVG.mp3
9f8e7964fef26b1ff322c959fdb2ff9f,/V2/SN/S/SVK.mp3
869c4db18978c7364c491486d86ace59,/V2/SN/S/SVL.mp3
51ac5e90b910623aa4c490a4f61a50ba,/V2/SN/S/SVR.mp3
ccdecc55b729b8d52e0538fff8350beb,/V2/SN/S/SVS.mp3
71aabb4fac77c4fd0c56c14af1954050,/V2/SN/S/SWA.mp3
274c3372e1b369946edf7ba091d838d7,/V2/SN/S/SWD.mp3
2e92db5b28689348d82dc271331026a6,/V2/SN/S/SWE.mp3
3af9e2b8589c79bc0d8ac6e6bc2f7273,/V2/SN/S/SWG.mp3
5e1496265f229448aa6c68c27794b342,/V2/SN/S/SWI.mp3
c3774c8a1f420671127883c1ac1fc849,/V2/SN/S/SWK.mp3
7952bb2f68eb4fcc64a8a705c9ccd7b4,/V2/SN/S/SWL.mp3
291470eb5a2c2a959c2f429eb9abadce,/V2/SN/S/SWM.mp3
9a27be1348c0e74f13d0663c60bc372c,/V2/SN/S/SWN.mp3
139e0feb9d98f9abcdbf4c582133f1ca,/V2/SN/S/SWO.mp3
c8812c617ec96e7ab69c355f7530bbb2,/V2/SN/S/SWR.mp3
03318c61d9fa4f4c076ed9cd48196a07,/V2/SN/S/SWS.mp3
0636cca5eddacb40e3aabee3d4fb69d9,/V2/SN/S/SWT.mp3
4c4fb9b3699c5d0565a87b17177d80a0,/V2/SN/S/SWY.mp3
b6569abe3be5d0ae16f849c51fd91f10,/V2/SN/S/SXY.mp3
7d8943dbbb340c6dcea9f3bebb91e48a,/V2/SN/S/SYA.mp3
735995a50a957c7f95faf64997b38c14,/V2/SN/S/SYB.mp3
1afc66b1a3eb76351c039cc13f64b1df,/V2/SN/S/SYD.mp3
5d91dcec9cfbca71ffbc0b5ee19afb55,/V2/SN/S/SYH.mp3
43fde9bd04bc66a2c1e96392acc4a209,/V2/SN/S/SYL.mp3
03b7c5f7d935a2b8d041b4718b0e8f4b,/V2/SN/S/SYS.mp3
f3cee9583e3abd4b722f0ff66602dea5,/V2/SN/S/SYT.mp3
0ff154d6a8f29777da5ffaa501b82231,/V2/SN/T/TAB.mp3
76d93684c7f5b27bd6906b41d49aa8e5,/V2/SN/T/TAC.mp3
f1ada5802b1ada0c401a2761eff90ab5,/V2/SN/T/TAD.mp3
bc13812b85217e6ff4392a4d05473786,/V2/SN/T/TAF.mp3
6b081dc1486985a777486c168715e6e9,/V2/SN/T/TAI.mp3
f6d3c379632b1f5bf25d30a60b8f411e,/V2/SN/T/TAL.mp3
cc5537fdf391c0301bd58831738f5c3a,/V2/SN/T/TAM.mp3
41285b8d51e4ecfc0d3ecef28e6796d3,/V2/SN/T/TAP.mp3
bfae58fc432ec1fd474b5ada43314793,/V2/SN/T/TAT.mp3
d1cf76d514605d2a74e4f5fff74860b8,/V2/SN/T/TAU.mp3
5807eb0b5bc9cd8f243403b1ab8f48e3,/V2/SN/T/TAY.mp3
45ca48e2d2f16dba212f3aa40e4399c7,/V2/SN/T/TBD.mp3
56bf4ad81bbe0e9692d21f5f2a106fef,/V2/SN/T/TBW.mp3
5299a2d399f833d21a74b198314ae7e3,/V2/SN/T/TBY.mp3
6c2ae0d6e76d8556570e1120e4dbf84b,/V2/SN/T/TCR.mp3
a6a04f1a1fd48439c966d191498e0ba9,/V2/SN/T/TDU.mp3
aa6b40fb5355cb374822bb2d41c7a814,/V2/SN/T/TEA.mp3
ff202f54e69d271e4c78a6fb2675130c,/V2/SN/T/TED.mp3
5e038996aff9aead872ac5acceb6dba6,/V2/SN/T/TEN.mp3
7a7879e4efe851855d8ebd9857b82fb0,/V2/SN/T/TEO.mp3
f21297b21b6e678c58657d843514d263,/V2/SN/T/TEY.mp3
f0667db129856f9f91d889de8e941d64,/V2/SN/T/TFC.mp3
86b9ce02eca061d4b27b9ef4c6ca69a5,/V2/SN/T/TGM.mp3
6c266bbfe7826d654e34c7a6c22e321d,/V2/SN/T/TGS.mp3
3a82935071c8b3b646de5c65366d4374,/V2/SN/T/THA.mp3
5bf9fd4592f6e19938e19099a75efc3f,/V2/SN/T/THB.mp3
859f8b0ec137fce74a5982b528a9892c,/V2/SN/T/THC.mp3
25af42e508923823dde89cc75985a397,/V2/SN/T/THD.mp3
d760fce90d6e6d7c8ee3ef205f4f9d96,/V2/SN/T/THE.mp3
98c3a54c27d84027575b28a834f283d6,/V2/SN/T/THH.mp3
87ea3e38bd78a03a6b27b022e4760735,/V2/SN/T/THI.mp3
3414ca88758a9a9bb4e085c380880bfb,/V2/SN/T/THL.mp3
9c6693f23ae72662ca3e8189505ed89a,/V2/SN/T/THO.mp3
c562c2dcc567352b6b11ac66094f1d4e,/V2/SN/T/THP.mp3
dfd06d737a5c1b5f21e12ff923d68c6a,/V2/SN/T/THS.mp3
a19f04c1747bfbc93c34621ae5d2baba,/V2/SN/T/THT.mp3
5378f800466f14e0cd102186ebccd910,/V2/SN/T/THU.mp3
ba5bc60d909edaf1bac5f3066bd200f6,/V2/SN/T/THW.mp3
f385bb74c4f53358408dd0267aa17f40,/V2/SN/T/TIL.mp3
2623c097f5dcc9831b8b1f387f580d0a,/V2/SN/T/TIP.mp3
3e7cdbf2d0dac221c6a16bafc5ac4943,/V2/SN/T/TIR.mp3
c094df05c6bb460d2a65f6f3ee366bca,/V2/SN/T/TIS.mp3
a2b6c2c750c2c5cfa37fbcd5e51ba18e,/V2/SN/T/TLB.mp3
ab65e11b91b932918518aaf3e8db8aee,/V2/SN/T/TLC.mp3
f55e668ab8dbbee9b102e091083c3a5a,/V2/SN/T/TLH.mp3
f57b7fc47d99fbd0b460ea26a3465226,/V2/SN/T/TLK.mp3
e0e53c05b957168619cbce1765fc148e,/V2/SN/T/TLS.mp3
0ec0c61a44a2c80a4e89ce081ab66765,/V2/SN/T/TMC.mp3
b838f4910a90ec6d5605ec31d55816cf,/V2/SN/T/TNA.mp3
186423123b1c0ed2bf4f3017990ee5ea,/V2/SN/T/TNF.mp3
3126e7fd796050632c1fa9b7658cf780,/V2/SN/T/TNN.mp3
271a89ba405bd88d494d08918432d8b9,/V2/SN/T/TNP.mp3
83267817083b67f75d6c9b8aa13d5a1f,/V2/SN/T/TNS.mp3
98870c95b9223c754e0037b768e26139,/V2/SN/T/TOD.mp3
5b5e66b26b4ea2ecc9f8bad150e9552d,/V2/SN/T/TOK.mp3
44a490fcaf5573ac28a69a58035dabf3,/V2/SN/T/TOL.mp3
33ee8488ae3d4a77343f5943c106600b,/V2/SN/T/TOM.mp3
1aa7874ae4583393915db96a1abd5523,/V2/SN/T/TON.mp3
f2eb6ec53f8bed3a395caeb2a6d59472,/V2/SN/T/TOO.mp3
19d4af5898b2bf2b4f6c1884be765130,/V2/SN/T/TOP.mp3
84556997ace0bf1097baf8d118507d71,/V2/SN/T/TOT.mp3
f18939099c20b16b8c23953af5ab6cb5,/V2/SN/T/TPB.mp3
b8165304e07160cc2924cedca7d8024f,/V2/SN/T/TPC.mp3
f3ac6d801bafe6c14b0214d967d4d8f6,/V2/SN/T/TPN.mp3
e640fe7719dcc00c7b5736f1e418093b,/V2/SN/T/TQY.mp3
936ab09e1f70f588ce160565282b03ec,/V2/SN/T/TRA.mp3
94a54205e12a9b0bd789bd6669bf3fa0,/V2/SN/T/TRB.mp3
d5d38d76995539e255f11de4caeb67c1,/V2/SN/T/TRD.mp3
8b73da71d6c2de2ecece41ed8316bc12,/V2/SN/T/TRE.mp3
440b65ead3f50fd07c5fda7361c52105,/V2/SN/T/TRF.mp3
407fd738fbd5d5dccfb5c43374e75ae3,/V2/SN/T/TRH.mp3
31926cc5302fc9f254543181bf3032dc,/V2/SN/T/TRI.mp3
29934aa5839606ae62f220012eb7f5ab,/V2/SN/T/TRM.mp3
c850baaa09475518928bb69a127c3fdf,/V2/SN/T/TRN.mp3
75da58bff31d1d8e2bfa5e82c6bdce2b,/V2/SN/T/TRO.mp3
de9e96c71d0e55881115b5453d5126a0,/V2/SN/T/TRR.mp3
b69218ab5f04f1b1a0d2487711e853a6,/V2/SN/T/TRS.mp3
2ee5714e4ff80292c0d2af54fe0e7b13,/V2/SN/T/TRU.mp3
5c1279366c3d5d7775101030c187f9bb,/V2/SN/T/TRY.mp3
ca431d1105752684a9c585b8cb9e8fa9,/V2/SN/T/TTF.mp3
ba3c9e458ac62c92dc0554d2407488de,/V2/SN/T/TTH.mp3
ce990a9c65f8e8ee6b04b22a4979b626,/V2/SN/T/TTN.mp3
0187cfdd0d084cbaf3571320f90ef401,/V2/SN/T/TUH.mp3
f7b11daeb9eb5f8b1236a49808191306,/V2/SN/T/TUL.mp3
c5a4e6d153c679b70aadcb827733c6c8,/V2/SN/T/TUR.mp3
2d249a65fe19b6b184732c13293610ed,/V2/SN/T/TUT.mp3
284f770a7fa27b256e12c968679d3852,/V2/SN/T/TVP.mp3
2a379b717cf241ca1e3e603aed39aa4b,/V2/SN/T/TWB.mp3
be0ff906293d97a93755eb015bf8e262,/V2/SN/T/TWI.mp3
dc557587493c6d4808ff58a9f55a47d2,/V2/SN/T/TWN.mp3
b0a057671d8df0ada925b3222b23f3a3,/V2/SN/T/TWY.mp3
0dcb98efc9ea86b6911d7bc43496a6d2,/V2/SN/T/TYC.mp3
c21847e2dbce366b5967668d5ea9fb34,/V2/SN/T/TYG.mp3
94cf971bc0c73fd56d1d5e12ac09cb71,/V2/SN/T/TYL.mp3
99cdf213ea36e608536a4c3c0478370b,/V2/SN/T/TYS.mp3
a1628dcf14b916fde874208226e0ed84,/V2/SN/T/TYW.mp3
0cbb917dce336504c9a562165c36d6a8,/V2/SN/U/UCK.mp3
2bd18ab507cd5f5c6b7e85bc521eb3a0,/V2/SN/U/UDD.mp3
134e6bfc53c88f230537c69c3143d6e0,/V2/SN/U/UHA.mp3
f0138f4bc39a4d7919a4c69a14fd9d90,/V2/SN/U/UHL.mp3
5658fc760ffa75255877247e23e177bf,/V2/SN/U/ULC.mp3
215376cbad5115f11074b49178f84a76,/V2/SN/U/ULL.mp3
ac67e14ef23a8d98905cc4e7bb27851c,/V2/SN/U/ULV.mp3
dab4eead73b3b0ddbeb335e01ecb207d,/V2/SN/U/UMB.mp3
d555e7d89408e9683781ed63078273af,/V2/SN/U/UNI.mp3
c2e6f596b833f2cff6651f99a88f9bef,/V2/SN/U/UPH.mp3
4878f3a99bb2b9a65e8e60262901cee0,/V2/SN/U/UPL.mp3
904991c781c75f48e3acb746548cdc15,/V2/SN/U/UPM.mp3
6ca6189ad0a0d671305026d42d1a4e08,/V2/SN/U/UPT.mp3
bcac8c1cd9a542d4f32fdba80facc9e8,/V2/SN/U/UPW.mp3
0f362db203384db6e2799c82bdbeae07,/V2/SN/U/URM.mp3
0513f191f465b56e957c24345e9921ef,/V2/SN/U/UTT.mp3
048fb6538b49ceeaa08651e20af32e99,/V2/SN/U/UTY.mp3
e0df077b1aad067b4a23ba3f771474c8,/V2/SN/U/UWL.mp3
8b424cff65dc2bb20f1b1069e94c6224,/V2/SN/V/VAL.mp3
e609685950974cc38c04a6d30d9f616c,/V2/SN/V/VIC.mp3
9530ae527a81cf0f65bc43b4a9116543,/V2/SN/V/VIR.mp3
8e1bae8ae9400bc0330b62cecfebff02,/V2/SN/V/VXH.mp3
896ff1621836b849711425b610ac91fa,/V2/SN/W/WAC.mp3
1d65f0385d779324e9ec4f9e34d00b44,/V2/SN/W/WAD.mp3
e01693a673168549b09a576b346ce6b7,/V2/SN/W/WAE.mp3
2004d6509de7b241a0c8ef3053556126,/V2/SN/W/WAF.mp3
25174494cb50a6d07ca29da162e1c4da,/V2/SN/W/WAL.mp3
f8ff2cd51844bc4395aec99a3eda6ef4,/V2/SN/W/WAM.mp3
3a9f3c6d02250a9ab6b3b26236ba429b,/V2/SN/W/WAN.mp3
06bc499a1968f1a9aa65d92325800fa3,/V2/SN/W/WAO.mp3
a7d5cf5d3a24c02a160d1f1c76d82845,/V2/SN/W/WAR.mp3
4a22d2d83425070f276952ff36887d81,/V2/SN/W/WAS.mp3
1a632ef06660d391a01ce53108d0fca9,/V2/SN/W/WAT.mp3
5e61401b5c8bc278db03f87299f102d4,/V2/SN/W/WAV.mp3
273b90a88bbd1d01b240ff7dda124e87,/V2/SN/W/WAW.mp3
99f6c0e01c7b3d17eb4dbfc37784bd6c,/V2/SN/W/WBC.mp3
6baa0019a8ffe165bfddfab8e4aa7b25,/V2/SN/W/WBD.mp3
5cb2e4fe2a235ad9359d217f2ddfce65,/V2/SN/W/WBL.mp3
9adc0e005e40bc1728f5dc5ee6166df7,/V2/SN/W/WBO.mp3
0910fc0b23653fbccc6a784603c10421,/V2/SN/W/WBP.mp3
f2f06218f6f38e304d07c5ef2cab3099,/V2/SN/W/WBQ.mp3
13b5eb51b9b7e34323142a1cd2e1ab33,/V2/SN/W/WBR.mp3
da4361b66eac49dbf5b847b46fa86abb,/V2/SN/W/WBY.mp3
b89bd69d76be296a3a077745150995fe,/V2/SN/W/WCB.mp3
5cff8e750a5874cbfdfee45d7c3391c5,/V2/SN/W/WCF.mp3
7543bbfd30765604b3a11c8c6694f8a9,/V2/SN/W/WCH.mp3
e5ec2cdf406b978d7246693894ee41b7,/V2/SN/W/WCK.mp3
6d72dd1945916ec864d19661ca717312,/V2/SN/W/WCL.mp3
b9002699edac86f5a8af14ff9b480217,/V2/SN/W/WCM.mp3
b0c116d83da98068fe2078cb0a0e30e1,/V2/SN/W/WCP.mp3
4c2da381f4a7429b239482ed1530795e,/V2/SN/W/WCR.mp3
bcb3fb1881d4843577a9e1d48d3a0419,/V2/SN/W/WCX.mp3
81be874bd13dd25d2084b9ad1d5a3765,/V2/SN/W/WCY.mp3
0996ae2c6c41cab23c768b8033be18ca,/V2/SN/W/WDB.mp3
2c4b1e94b75a922a5e5e6f740b2095e2,/V2/SN/W/WDD.mp3
ed55a0f72fe42f60865b55522cf2e69f,/V2/SN/W/WDE.mp3
5cf72a7da661c11c67c0cd357856987c,/V2/SN/W/WDH.mp3
04a125c0d09fc243247bceb8df48059a,/V2/SN/W/WDL.mp3
a42e54b93ee753704843da7033cd45c8,/V2/SN/W/WDM.mp3
39409f5ddb301de086ed3d2d0fec6633,/V2/SN/W/WDN.mp3
828a99a0cf96cbe5ee23a3f4ddd30c94,/V2/SN/W/WDO.mp3
b04d9ba9d2deb775191c7e251a6082ca,/V2/SN/W/WDS.mp3
e5a533b10ab2e655477f93d5334c5ff8,/V2/SN/W/WDT.mp3
91788aebb2c48731c6e063c660b27c7d,/V2/SN/W/WDU.mp3
fa1e91ef1b02fc5ccf634df2875a5f8b,/V2/SN/W/WEA.mp3
5df99ea725d4a33ea2f125feed0af3d3,/V2/SN/W/WED.mp3
cb9d4a1d9f3300dd607ba547e6269c18,/V2/SN/W/WEE.mp3
0e83b1d388713704a8dbd0443d1df619,/V2/SN/W/WEH.mp3
c08b6c63efa0e9a821f7444734e80c35,/V2/SN/W/WEL.mp3
f18bd258b7dcfe890b7aa5fa0b545ce8,/V2/SN/W/WEM.mp3
04009e846ed942e6df0c41c98cac67b9,/V2/SN/W/WES.mp3
3c6f9d42bffc9db37b28ea674bbd39f7,/V2/SN/W/WET.mp3
a2f2613da41efe9af387a28a2a5ec69f,/V2/SN/W/WEY.mp3
c7a04cc07080ac2f18f4aeb484bf0075,/V2/SN/W/WFF.mp3
0e6f7544cd693ccca25e04ca15a2ba79,/V2/SN/W/WFH.mp3
74b4a1f1742a639fafa79c3ec1b164e3,/V2/SN/W/WFI.mp3
0f2ae4a1b8dfd72bf320c660be12bae8,/V2/SN/W/WFJ.mp3
1665f6bed779373b78258213bd65cb49,/V2/SN/W/WFL.mp3
1c76af16c55651594750ad6125ff09b0,/V2/SN/W/WFN.mp3
48d1e2c03680b2dede6af5126a4befcf,/V2/SN/W/WGA.mp3
70edffcccbd3a7ec73e21746788c1bf2,/V2/SN/W/WGC.mp3
4b7f7eb928acc1c89e6e6681cfc93406,/V2/SN/W/WGN.mp3
9bf6724a070aa389c581582852a6fd18,/V2/SN/W/WGR.mp3
4d9ee0c906a51d04495cc2e4abc4ad2f,/V2/SN/W/WGT.mp3
e8db280562f64f99b6d76dccbc6f0c91,/V2/SN/W/WGV.mp3
efcb3784ca705b97d8c159eb222a4d01,/V2/SN/W/WGW.mp3
1804b245a6d9651416091c08c647b9e1,/V2/SN/W/WHA.mp3
1f99347d57e078eaf76f4762070a2a08,/V2/SN/W/WHC.mp3
cde71368dacef9df8fa0fb61c5972072,/V2/SN/W/WHD.mp3
765aed8ee48f1696192143c609134d40,/V2/SN/W/WHE.mp3
74a8e6135dbe4e820c4c87931e9402cc,/V2/SN/W/WHG.mp3
328916b71f977124324c8627ba5789f5,/V2/SN/W/WHI.mp3
421e371dcbad2861e3cb46d9d84e39b8,/V2/SN/W/WHL.mp3
5cd837ca2dea532c4439ed83f183af29,/V2/SN/W/WHM.mp3
8fb965ed881b1f6c317a6f73e2934299,/V2/SN/W/WHN.mp3
396a5200f7d2ae9687905e683c017b64,/V2/SN/W/WHP.mp3
425b4bcd186426463873b8c3d0ca1993,/V2/SN/W/WHR.mp3
5a526da6b679eacc2b8ecf38f0ab6fd4,/V2/SN/W/WHS.mp3
7ec049b343a5ed2916bfd608dd526406,/V2/SN/W/WHT.mp3
bf4f37b7e17be0304bf5abe2c839a10f,/V2/SN/W/WHY.mp3
0cfe1268c0769419eecbd05ed2071471,/V2/SN/W/WIA.mp3
b991a2aae34a2c2d0665637d48a6b693,/V2/SN/W/WIC.mp3
773319c45a6dcf35f1aaffbd6f397a8e,/V2/SN/W/WID.mp3
0ee60b0d3073765d4379a5debae9870c,/V2/SN/W/WIH.mp3
97236212d4037e182bf015d61d102a5e,/V2/SN/W/WIJ.mp3
e174f9a5afcfb1bbd74eb983becca89d,/V2/SN/W/WIL.mp3
2e016fa6c925265bdc4f26fbd52d6396,/V2/SN/W/WIM.mp3
3015584188428aa7615d383c02ed7eb5,/V2/SN/W/WIN.mp3
264d33f206e1c1b63e5076a3949a9778,/V2/SN/W/WIV.mp3
e4e3a4b39449607b4e74715aa802b13f,/V2/SN/W/WKB.mp3
3a1ef61f8fd5b6297a73806419125fdb,/V2/SN/W/WKD.mp3
4a1659ac2413908ccf5aeec2f2122c4c,/V2/SN/W/WKF.mp3
ac66cfbf827ae474f31b1d1c889610b5,/V2/SN/W/WKG.mp3
c6b3df6397c1e2ba4c3dddbce280e12b,/V2/SN/W/WKI.mp3
cfcc2de4cee7cff5d091fae913669d83,/V2/SN/W/WKK.mp3
aa5007924fbdd6fda0e438e64b5c9f2a,/V2/SN/W/WKM.mp3
baa6665d8631f6bf0672239ce1771256,/V2/SN/W/WLC.mp3
0e5fd16123d84cf1837493d50c57250d,/V2/SN/W/WLD.mp3
7094311245c60220dd9b5eec2651d845,/V2/SN/W/WLE.mp3
fb17bae47c05e0527cfb0eca204f5df9,/V2/SN/W/WLF.mp3
0de3f7424d4ec5bb2237048c38fb82c1,/V2/SN/W/WLG.mp3
9d99227cdbfa6ba49cb570496d07c173,/V2/SN/W/WLI.mp3
385a829bdc1e6fe371f9f8f2fba75f78,/V2/SN/W/WLM.mp3
8e442e50c59e700c0bdc8de703d9b5df,/V2/SN/W/WLN.mp3
c77e3d171763b79070cdae812f6cb410,/V2/SN/W/WLO.mp3
b9bc7549614ecd1389acf2e206c22392,/V2/SN/W/WLP.mp3
1f997efa38493c3f972f67888d3a8bbb,/V2/SN/W/WLS.mp3
41da0e5ecdceabd057fe5ede4a09d8e2,/V2/SN/W/WLT.mp3
c0cbebe17e171d1ed49e147eeebb6ac0,/V2/SN/W/WLV.mp3
3307d035c11be25094ea3a76c7350452,/V2/SN/W/WLW.mp3
bb91b88f3db73999f0a10f7dbdeb2bb2,/V2/SN/W/WLY.mp3
3685ce6a0f8073c49d512d13f81547a8,/V2/SN/W/WMA.mp3
101cdb34f43d9784482ba18e3c399b51,/V2/SN/W/WMB.mp3
dfd698568a2cba42466402e874c9ec5f,/V2/SN/W/WMC.mp3
472697fbea6b7384ca00b8a4f097274e,/V2/SN/W/WMD.mp3
bf07764d749d119cac928a22dbf1480d,/V2/SN/W/WME.mp3
70bab4c82d7ee1356417491e75fce256,/V2/SN/W/WMG.mp3
a864ba0ff3b322c9f0f8d600b450ceb4,/V2/SN/W/WMI.mp3
5dc999554f7c8ed7beedc392972195ee,/V2/SN/W/WML.mp3
fe1ccf69a8b7aaf1f47c1221f53845da,/V2/SN/W/WMN.mp3
329b194021dbcaa518c53346d6f2e276,/V2/SN/W/WMR.mp3
95a6f7cba63e618dbfec44a054e2167c,/V2/SN/W/WMS.mp3
761ed9b2116bf0e2c194fec414008f69,/V2/SN/W/WMW.mp3
6041e1930df2d993a93eb0b131bd0371,/V2/SN/W/WNC.mp3
33c0b2e415febd8818f453bfa64eb33e,/V2/SN/W/WND.mp3
b5119cb79f442cb30d70cbd002c54eed,/V2/SN/W/WNE.mp3
56da7504e8d3e9a3bd5e3243921424c9,/V2/SN/W/WNF.mp3
b541cb09b6aa1654e9d88ed60f753962,/V2/SN/W/WNG.mp3
7cb34f44066938f6e0bd6a4785cd4d7f,/V2/SN/W/WNH.mp3
f295d37c6c47a6cc6d9b51a836923c74,/V2/SN/W/WNL.mp3
c399b83bb84b98044b06ad43444e0270,/V2/SN/W/WNM.mp3
6da8a926cf7b80b9ec0bc373b0eb237d,/V2/SN/W/WNN.mp3
306ac253f7cf6be3448138b3e0938acc,/V2/SN/W/WNO.mp3
be5f501867f603576008baa4bfa767e8,/V2/SN/W/WNP.mp3
062527191a0c31d6e029d38d2fb7e2cf,/V2/SN/W/WNR.mp3
d36ad4de968e99156582ae911e7ad730,/V2/SN/W/WNS.mp3
641adc10b7c082678af34b031b0fd8fe,/V2/SN/W/WNT.mp3
d2c1bf7e63a1ced169ee56259a8b73a2,/V2/SN/W/WNW.mp3
e35d04238084d22d8a91e4f58029e53a,/V2/SN/W/WNY.mp3
d3456f05526d4e26f319cb89746b3b28,/V2/SN/W/WOB.mp3
02b18ed362ff141a030e6b081c7ae1d7,/V2/SN/W/WOF.mp3
a08d411722c4d62935829939db8b202b,/V2/SN/W/WOH.mp3
c3d82d454983a6e80d7f556403321c67,/V2/SN/W/WOK.mp3
85dde72518845edcbb3bf0e1508a6663,/V2/SN/W/WOL.mp3
ff363e9519738dce42a8bc0512ba9cb7,/V2/SN/W/WOM.mp3
cb48389a5bb336faa7eb413c39ddedda,/V2/SN/W/WON.mp3
3abceaf475f4297b8ddd3b2f98afad83,/V2/SN/W/WOO.mp3
781a73430202915554ef67f7e2c8a93a,/V2/SN/W/WOP.mp3
ffc1dcc689b30578c857c73968b31718,/V2/SN/W/WOR.mp3
02b07180c430ef372fa545b66069cc75,/V2/SN/W/WOS.mp3
b9378ea693d96c216c03c5b69c66a0c5,/V2/SN/W/WPE.mp3
b7bdf5058aef883e488a44527b270a5f,/V2/SN/W/WPL.mp3
8bec44c4b589d5e59ebcfda026de5877,/V2/SN/W/WRB.mp3
2f0cd2b60e60d638f3c6acd613b5b0db,/V2/SN/W/WRE.mp3
7c64bab53a37265e44774c78564d08ae,/V2/SN/W/WRH.mp3
b9e59cf4c0ffd8c467233dd228936a10,/V2/SN/W/WRK.mp3
f8b50465125001c6b34f0a4c1e85fd15,/V2/SN/W/WRL.mp3
350222eb6a225957c2219f63f14770e1,/V2/SN/W/WRM.mp3
c2480fd5619afd242ef4f9d6b21e2960,/V2/SN/W/WRN.mp3
3d9f1da039497e5352e7ccc3278a8210,/V2/SN/W/WRP.mp3
2ca447783500f061a1f5b8acf90f0781,/V2/SN/W/WRS.mp3
ce8775061bffd44ee7d56cb3eb5353ab,/V2/SN/W/WRT.mp3
06c6c995499d543bc90da66ecbc60914,/V2/SN/W/WRU.mp3
bbee750e6816136bbdb1cf0956045f8a,/V2/SN/W/WRW.mp3
c071823827333068dd5f71a8ef73f7f9,/V2/SN/W/WRX.mp3
19344999aec86a7ae0da52591e2085ea,/V2/SN/W/WRY.mp3
cd1f87bc83d7bab550d8ecc66e9be71d,/V2/SN/W/WSA.mp3
b69b548b411ea332f631c919f5d586c3,/V2/SN/W/WSB.mp3
4c952f67c34f65b55a86cecfce5fa648,/V2/SN/W/WSE.mp3
0e6148bde7df015904117cda3671f053,/V2/SN/W/WSF.mp3
3b917b3b36d01953f07337e429968ad1,/V2/SN/W/WSH.mp3
13ec07a72a7fe021a8d2ad6c249ac684,/V2/SN/W/WSL.mp3
e0702c45f242b43ff3d6f4e7044449f2,/V2/SN/W/WSM.mp3
e2da61abb17e594fe2c1f60ec0ba8ddb,/V2/SN/W/WSR.mp3
9c75463255bf1d98ec54b94a69ce5420,/V2/SN/W/WST.mp3
40e32a1c12a12ce308695ff812163e8c,/V2/SN/W/WSU.mp3
8269da8f14422d4efac4b0c1eade4ec4,/V2/SN/W/WSW.mp3
37407044f1b8f0b8bf1a0fdb153eaa6e,/V2/SN/W/WTA.mp3
1667124ef08e06dd23783157cd53bb13,/V2/SN/W/WTB.mp3
a674cc3668edf26ab3bbb3b0e8915274,/V2/SN/W/WTC.mp3
86f5c37904e235589d9e765e2f08d266,/V2/SN/W/WTE.mp3
3e6f082a48c73e240229b1096598ac26,/V2/SN/W/WTG.mp3
01acacd8a414d457ca0fe5f79a83c829,/V2/SN/W/WTH.mp3
058fa95757defdee838613ff1e6b69db,/V2/SN/W/WTI.mp3
ef60a05ce0b38a218e08ade785bbe9f5,/V2/SN/W/WTL.mp3
da2d6363560cb727b0668ebdd3318d29,/V2/SN/W/WTM.mp3
dbf61618588f767f318c4d351240caee,/V2/SN/W/WTN.mp3
b9bf4ddf65ff9b5d53e01180ec90529d,/V2/SN/W/WTO.mp3
326a8c2b79bed6c2d08ccc6962bc6101,/V2/SN/W/WTR.mp3
b79b2008d5fd4fbbddfa6a06383a5b14,/V2/SN/W/WTS.mp3
1788c9a5eb9eed0eebc20d1dcc89d09b,/V2/SN/W/WTT.mp3
622c932e6b39e92c25fd5c4031b2f4e9,/V2/SN/W/WTY.mp3
a282f80b6a8a597b5d41aa1290594b8e,/V2/SN/W/WVF.mp3
63232d575c05774a1aa836b8328a6d67,/V2/SN/W/WVH.mp3
1e5b8d16da39a4cbc079038c209a820e,/V2/SN/W/WWA.mp3
32f352a2a7889694f7e877f18e8a071e,/V2/SN/W/WWC.mp3
e3a66d927c654ad5cdbfb9bd12443f8c,/V2/SN/W/WWD.mp3
3d82b1e753f2b2a160e861f5dfdf6d2e,/V2/SN/W/WWI.mp3
2dfcbf5994121a41c2e83d2cbdb6fb0b,/V2/SN/W/WWL.mp3
2231e48197465fd5aa17b5a9ad6b44cc,/V2/SN/W/WWO.mp3
ca80f75fa1be86e273b97dc381630d27,/V2/SN/W/WWR.mp3
01befa6c830969b788694509758226cc,/V2/SN/W/WWW.mp3
d47485d2297c01c860fd94fb8573487b,/V2/SN/W/WXC.mp3
1d0f3438df833d4f875f6b57108a3779,/V2/SN/W/WYB.mp3
898c68ed8b4a59e7933c4c6eaabe7a97,/V2/SN/W/WYE.mp3
0d02eaf360419a9fb7e9afb1f043cbd3,/V2/SN/W/WYL.mp3
7c47176b6d845c7f361c8a95e7f6dc5a,/V2/SN/W/WYM.mp3
a300d6b4c14cbfefc65a6c2fdfc18e1d,/V2/SN/W/WYT.mp3
4f7becfa89097ce72f07d2d099b7c996,/V2/SN/X/XFG.mp3
53aa0f84d5c7619f36ef59249297ea60,/V2/SN/X/XFI.mp3
2d87434c72111265fc5af2691fdb7219,/V2/SN/X/XGT.mp3
0146df9c1cdb4b5d227e28a62bebcb20,/V2/SN/X/XLB.mp3
aa0291c9271c2b02b03ed03fe1c89ef0,/V2/SN/X/XPB.mp3
389f93a201bc950bcd5c136b58e33bbf,/V2/SN/X/XQB.mp3
db627cf62a26af56d093175cf115d40b,/V2/SN/X/XTH.mp3
22381ccff1ef2b8fdc7885aeea507dfb,/V2/SN/X/XXT.mp3
2327e567d6de46480df261ff0b56c1b4,/V2/SN/Y/YAE.mp3
5f11226f513f25f37670959bbb4cc008,/V2/SN/Y/YAL.mp3
df20ef055f79cb580426a3b35117b21f,/V2/SN/Y/YAT.mp3
3fc9b4e8b4646bd0c2fc60850e3c6a2c,/V2/SN/Y/YEO.mp3
7de5110bdc2c94cd60e03374ff306066,/V2/SN/Y/YET.mp3
2c676d9ebc9a13437d9afd362d455a92,/V2/SN/Y/YNW.mp3
deb31aa832aea5daf6c00950c59bf0c1,/V2/SN/Y/YOK.mp3
89fa16adcddae1b8c5a4f47ded44bdde,/V2/SN/Y/YRD.mp3
1fc69367b9ec5427e28d8568a0fb39c5,/V2/SN/Y/YRK.mp3
370fa6f06e8c70fa3d3806768deb578b,/V2/SN/Y/YRM.mp3
11401afcc6fd2f6de6acdeabc0aa449d,/V2/SN/Y/YRT.mp3
3baf4393add406d50d3dfabb70ffd8c0,/V2/SN/Y/YSM.mp3
76c1c66e8a52920eeb0feed3541aa43a,/V2/SN/Y/YSR.mp3
791df745cf86321d242096d4d65467a1,/V2/SN/Y/YVJ.mp3
6139d6cddfb1f865badf3349924895e2,/V2/SN/Y/YVP.mp3
86a2dbea12d798b15a646dba7452d83b,/V2/SN/Z/ZCW.mp3
2faafaa9be025b9a9c7b7abf8e416971,/V2/SN/Z/ZFD.mp3
1bd9201cd508732bd819e67fde3de2f3,/V2/SN/Z/ZLW.mp3
d78077b84a71d5be403d32f896c65b56,/V2/TL/bakerloo.mp3
e6a917abfb59f712ee05b9ad6dcd84bb,/V2/TL/central.mp3
d10d13a777d84ae698b2d73d4148eeaf,/V2/TL/circle.mp3
8057b02cc09425a7a06046a71d94a139,/V2/TL/district.mp3
1d16a72925f410556fab4ca365bf81b1,/V2/TL/dlr.mp3
b9abe746823a20d44ff911626adc8841,/V2/TL/hammersm.mp3
3c5ac1a1a6989066f6cafae5ba83c3af,/V2/TL/jubilee.mp3
7d8f190b6579f70807df80fe4a6f72f0,/V2/TL/metropol.mp3
7432f042b42f69b8a95355bd0458bc5b,/V2/TL/northern.mp3
1a189ff0084016eed915642c414447e1,/V2/TL/piccadil.mp3
ce246b0c73d67a4effbb2875f18e4061,/V2/TL/victoria.mp3
5b00aa8971e66d8fcee54a3e26a312dc,/V2/TL/waterloo.mp3
afab0bb108e3be5d225436f04382c797,/V2/TN/ZBPSUS.mp3
54322aefa3de1793b5494ab8be54eb05,/V2/TN/ZDLABR.mp3
041fa06933202822d23ac11091ce89e9,/V2/TN/ZDLALL.mp3
2378fea75ee8226cb59caef0774b32ab,/V2/TN/ZDLBEC.mp3
18d3387ac1a7c43f84176fd2e9e39e90,/V2/TN/ZDLBLA.mp3
c570867898a54903f5cbbf8018d22214,/V2/TN/ZDLBNK.mp3
3fcb1eb8a503791ec46985e4332722c1,/V2/TN/ZDLBOW.mp3
c8aed084a72de48e0dde877650900ad9,/V2/TN/ZDLBPK.mp3
639959be3e91819c6962f7687e28468b,/V2/TN/ZDLCAN.mp3
287afc594e0d04c9ab76fff8196d23fa,/V2/TN/ZDLCGT.mp3
770ace9792d7187fd43aa18837df01d3,/V2/TN/ZDLCLA.mp3
efc337795207e5a8c722443513cdbd77,/V2/TN/ZDLCUS.mp3
7ffa60b414c5f1e943ae8043f899cca6,/V2/TN/ZDLCUT.mp3
38078f5fee1059998b93e4578c745e53,/V2/TN/ZDLCYP.mp3
399593ffe9d192b0d50fd690842fed37,/V2/TN/ZDLDEP.mp3
b23754538a96dfe2fde16047f04f5e3d,/V2/TN/ZDLDEV.mp3
7d6f1f1227f245c92e0483bb312c66fb,/V2/TN/ZDLEIN.mp3
4ed346ceb4769e81606c1b5fc3f20a1a,/V2/TN/ZDLELV.mp3
2e886b2d557d0f7d369b58632b371df5,/V2/TN/ZDLGAL.mp3
4ccecb841652587617458d2504c630f6,/V2/TN/ZDLGRE.mp3
55e5d38637ae26e3217e75dae2d38dd5,/V2/TN/ZDLHEQ.mp3
64cefd26fa917313e3b5b7edcbf33aab,/V2/TN/ZDLISL.mp3
680411bf0abe8eca2a3bb3ba4abc5f33,/V2/TN/ZDLKGV.mp3
e651e2a470a0ad3d26c0648cb1a0a2b6,/V2/TN/ZDLLCA.mp3
1980848392a99ebe0226ef35961fb91c,/V2/TN/ZDLLDP.mp3
c97821ada6594656157b1d1c869e1f29,/V2/TN/ZDLLEW.mp3
490725e41317e8fc9053ab3117063498,/V2/TN/ZDLLIM.mp3
b5aac817b3316aa066f6b00285159b50,/V2/TN/ZDLMUD.mp3
a2c1985a1f0f5cb93a996aa19ec2fcc2,/V2/TN/ZDLPDK.mp3
71d2f4defca6173a69ffc635535c03cc,/V2/TN/ZDLPOP.mp3
26064f6c937c6bef5aacfc13ecded289,/V2/TN/ZDLPRE.mp3
22d0e3710d564b6041e0aad45395f074,/V2/TN/ZDLPUD.mp3
f5ad74371b2635c27afd3dbfaf6799b2,/V2/TN/ZDLRAL.mp3
375f9e9e66fe4ceff27129371a27803f,/V2/TN/ZDLRVC.mp3
3a272d85d9e78799851d43ce186e8377,/V2/TN/ZDLSHA.mp3
6b78c1de59f569c1e2a7f5fa17de432d,/V2/TN/ZDLSHS.mp3
c5354a3c012c56ab213ed9f758d45a71,/V2/TN/ZDLSIT.mp3
29601004d2d0459fb067ec2274dff155,/V2/TN/ZDLSOQ.mp3
c7d631ab25d18d519edbaf9c30403b3d,/V2/TN/ZDLSTD.mp3
637363dc4bf2153a7a08726531c97f87,/V2/TN/ZDLSTL.mp3
0326bbf589073612c77eb0e8050a7ea3,/V2/TN/ZDLTWG.mp3
1b4d25823b9b76f5add4a5d13f7145c9,/V2/TN/ZDLWFE.mp3
8c5d0dc2e7b7dd1a656d10cc223eb973,/V2/TN/ZDLWHM.mp3
946e97f4774033dae6cc405e9ce34f10,/V2/TN/ZDLWIQ.mp3
18c7336f60564263f73ce5d4ff339a91,/V2/TN/ZDLWLA.mp3
5263a99d11b0f2b8065fac3ef8011569,/V2/TN/ZDLWSV.mp3
281a04a3b7a4ad4580cba85a88c2a42d,/V2/TN/ZLUACT.mp3
44e4d7e818caa6983dcfbdfe13d05a91,/V2/TN/ZLUACY.mp3
2fa4dcc52565df6c801499ff47542263,/V2/TN/ZLUADE.mp3
84dc0865df7fe7b60b63f736b02d6ae4,/V2/TN/ZLUAGL.mp3
b9bec78bb49b1955a52fe0844c90c58f,/V2/TN/ZLUALD.mp3
38ee20026f88ca9b388ca2e163457d06,/V2/TN/ZLUALP.mp3
0387395c7c6989d70c13204b9a359fac,/V2/TN/ZLUAMS.mp3
8628a86e9adb73741a09ec6fa16ac390,/V2/TN/ZLUASG.mp3
1e1ea27305649278ae7ed32d8bce82a3,/V2/TN/ZLUASL.mp3
5d46f0bbdd53a0e9f7f825d9de3019c0,/V2/TN/ZLUBBB.mp3
359775fa08198cacba2486668c03c713,/V2/TN/ZLUBBN.mp3
66e840bdab0928616039fe54b13e88f0,/V2/TN/ZLUBDS.mp3
088f4195223003f420c0cc2ee1bc7adf,/V2/TN/ZLUBEC.mp3
2b184dc0bfcfe7bdcda81cd9ffb69cf1,/V2/TN/ZLUBKE.mp3
1908012a42ef58d31421bd091d853268,/V2/TN/ZLUBKF.mp3
923201ae41ed81f7e0358137003a2c08,/V2/TN/ZLUBKG.mp3
c1ab7c3b6b149beff5ed464b7675294c,/V2/TN/ZLUBKH.mp3
79576a73bd91af037b3ad22256a7af98,/V2/TN/ZLUBLG.mp3
a1399350784fa62132a64d0e1963bdfa,/V2/TN/ZLUBLM.mp3
13bc6aacc236ee6f11c9ec8071c0f55c,/V2/TN/ZLUBLR.mp3
d971f5dfa8649e84c5b5ee0d5c12cb36,/V2/TN/ZLUBMY.mp3
39fefcf828c4311e3620436c50e22206,/V2/TN/ZLUBND.mp3
2382ca6256be198c9d7878ba58f5e4f1,/V2/TN/ZLUBNK.mp3
eecab34ffbd78f86009d41831160951c,/V2/TN/ZLUBOR.mp3
54cca090b76d9466ecd1d9e796bdb679,/V2/TN/ZLUBOS.mp3
dda115392c6d9d99c4c94ee43a9c9bdc,/V2/TN/ZLUBSC.mp3
c764637df5a84f0bc50e8d5af5900dfd,/V2/TN/ZLUBST.mp3
6ba7b3f003951a231eb4451b507641b0,/V2/TN/ZLUBTK.mp3
fe062bea2721672d2bb5b973f4ad163e,/V2/TN/ZLUBTX.mp3
f5c76875c5a9e04378077636d166b699,/V2/TN/ZLUBWR.mp3
71ae9e742c823309c459d9af4917e386,/V2/TN/ZLUBWT.mp3
1b0a1b74497ee840e59d81859a6e688e,/V2/TN/ZLUBXN.mp3
3754f0a01abd451a91b258970921ab23,/V2/TN/ZLUBZP.mp3
3f4eb804139b35c4835365d3cab0d0d4,/V2/TN/ZLUCAL.mp3
d15592fb7c29b7a3d842924dc2d06878,/V2/TN/ZLUCAR.mp3
76d78faa887c1ad7fc6d44e3fe331415,/V2/TN/ZLUCFM.mp3
77ab82d45521a887f7e1cb18c6e56a38,/V2/TN/ZLUCGN.mp3
3d2262e6e67193ff40b58e03694a1627,/V2/TN/ZLUCGT.mp3
39710d27fb036e0028b18a049a4da71e,/V2/TN/ZLUCHL.mp3
58cb55c7a4ffe811b28b32c2ed9277f4,/V2/TN/ZLUCHX.mp3
5b42b931500ede0bfb6db109af2d6b27,/V2/TN/ZLUCKS.mp3
c3c3e57af0e042d562e24153f0a8871e,/V2/TN/ZLUCND.mp3
348199ee3f60fa2dd4663f4ba3a63366,/V2/TN/ZLUCPC.mp3
d3281b006765f4330697d8a741a6a216,/V2/TN/ZLUCPK.mp3
bcfa78365a24e7e5af79ae4b42c941d6,/V2/TN/ZLUCPN.mp3
51cbf6c5acfd459852e1d4b9049fac6a,/V2/TN/ZLUCPS.mp3
5d74ed486deb1c16f657f6f279af14dc,/V2/TN/ZLUCSD.mp3
cfa36626e1a6db9ea90903c530da5a8a,/V2/TN/ZLUCSM.mp3
c38b373645a405029cfa6eb35738b2f3,/V2/TN/ZLUCST.mp3
74a7e5981e389cfca20d35bdabfc9f75,/V2/TN/ZLUCTN.mp3
8b18ca15c859be0fb3eafcf8f6d116e0,/V2/TN/ZLUCWL.mp3
de112770ea1390f5e511c7aa653af5a4,/V2/TN/ZLUCWP.mp3
00475d5f7ddb1c2f4b2c5e1082a54dfd,/V2/TN/ZLUCWR.mp3
337fd0f2397f7f5724246ff3b6685099,/V2/TN/ZLUCXY.mp3
764dd141db2f531ab1ba6818ac514949,/V2/TN/ZLUCYD.mp3
31a65ebbd40306d0544f143a1891e260,/V2/TN/ZLUCYF.mp3
a547fc0350bf282afe5ed6d67a5d09a5,/V2/TN/ZLUDBN.mp3
8d3df336b960d48939027b70b38b9901,/V2/TN/ZLUDGE.mp3
892e0ec6dbc56e08674dbbf6f36c5fb9,/V2/TN/ZLUDGY.mp3
5221f80062bace47bd4f86a0221e82a9,/V2/TN/ZLUDOH.mp3
10d2ba8241e92c65e6d0847caa0b8a0a,/V2/TN/ZLUEAC.mp3
8923c0df8bfcf3ee00e9e5e0bea6319e,/V2/TN/ZLUEAE.mp3
68fa9d494d27881e6f33b958d5362f9e,/V2/TN/ZLUEAN.mp3
f694f8e29568dfe38baff2ca242dc081,/V2/TN/ZLUEBY.mp3
496449db66b4334eadff673e1b7cc962,/V2/TN/ZLUECM.mp3
4df4f0a724e9b3b9de2d61f576e11f94,/V2/TN/ZLUECT.mp3
bfd30178f2d82f2bf8d850c9f96a987b,/V2/TN/ZLUEFY.mp3
0ac20df02f9d257ff163b0b36e9a7afd,/V2/TN/ZLUEGW.mp3
10ba675cde858f1edcce718ba6ab8a38,/V2/TN/ZLUEHM.mp3
89e821f6b64d9091f11825a5990da6ca,/V2/TN/ZLUEMB.mp3
6e8d1a3d00d0275116fbbfd72667e516,/V2/TN/ZLUEPG.mp3
0691782adef490b66e28c85128ba2fac,/V2/TN/ZLUEPK.mp3
7044b746eb4ac480d7e838a88a6cc0ba,/V2/TN/ZLUEPY.mp3
529d4e465bfef4e2d55829572fc79098,/V2/TN/ZLUERB.mp3
a6ac5f51c6d692b702e2b5a2a68c0d44,/V2/TN/ZLUERC.mp3
634c4eeca5264b5c6f2c9ef05b9dbc14,/V2/TN/ZLUESQ.mp3
d483b2cbad3249c6405a2ec371ad0985,/V2/TN/ZLUEUS.mp3
b294d54cfe6e879f3c1fdde3d4d05faf,/V2/TN/ZLUFBY.mp3
f66b57cd3cb6f4466943aee207f1dea5,/V2/TN/ZLUFCN.mp3
050e26025768f0bdd99d6f158a4c1da0,/V2/TN/ZLUFLP.mp3
43908f980dcc031a74b8b7e71a196349,/V2/TN/ZLUFPK.mp3
ddc57379287d4c029f2485fcadfe0385,/V2/TN/ZLUFYC.mp3
d4693c3398ce6b82f71e236d911df3b0,/V2/TN/ZLUFYR.mp3
91ca2e456e2cea61c845f40d9b4ec41e,/V2/TN/ZLUGBY.mp3
74fde9c42e0ad728bb25b5499608514e,/V2/TN/ZLUGDG.mp3
8e6d1bc49a54b509533135fcc6ac435d,/V2/TN/ZLUGFD.mp3
b5c912a0b42017d819b39e9c2f01c2ee,/V2/TN/ZLUGGH.mp3
085f8bc58425733c1bc5362d6c217cf3,/V2/TN/ZLUGGN.mp3
c512617f0047e7d0d8f054e82ad6425c,/V2/TN/ZLUGHK.mp3
1293f0c6a616a872a028c2125b4de63d,/V2/TN/ZLUGPK.mp3
abaa1a9e9293f1f84e69ebceb97640a4,/V2/TN/ZLUGPS.mp3
f044a693b5c00f8466483a7afe9dde16,/V2/TN/ZLUGTH.mp3
7680c339f3785dd728c04f7bf68e936f,/V2/TN/ZLUGTR.mp3
1ea297cb97618b4dc6c64511fd3b19b2,/V2/TN/ZLUHAI.mp3
b033bb3c3c56e0ce88fce1bec42c7a6c,/V2/TN/ZLUHAW.mp3
6dcd13e95975fa479925f406cd61511a,/V2/TN/ZLUHBN.mp3
52678eb2b6bfeca7f1a8f05d5ee8fb21,/V2/TN/ZLUHBT.mp3
02f7d5133842d2f387dd90c3f883803a,/V2/TN/ZLUHCH.mp3
8c3b635121bac5f077bcf98d92ed4af6,/V2/TN/ZLUHCL.mp3
c6b378678f0d283716b1b0127f485e3a,/V2/TN/ZLUHGD.mp3
d4dc8cc4ad8cb4eef8008efab67f5be0,/V2/TN/ZLUHGR.mp3
ec5232dbe416767e34f3c4970386acaa,/V2/TN/ZLUHGT.mp3
9923b87dfea9f5d04d2c500cb07d2f4e,/V2/TN/ZLUHLT.mp3
b40ed0fdf84e3b0fd1b1ddb322966e10,/V2/TN/ZLUHNX.mp3
77319e24bb2037f94b5d8caa97772a86,/V2/TN/ZLUHOH.mp3
99ff37230e0ddfe724791adb9df6b13c,/V2/TN/ZLUHPC.mp3
9c6f208b3a5f6205d5d8a4b15beb4bde,/V2/TN/ZLUHPK.mp3
adb6b8c88fdc5296dac9422890a1fd73,/V2/TN/ZLUHR4.mp3
12d86bcddad9f7eba6ee4241493358b3,/V2/TN/ZLUHR5.mp3
dbe23cde47a5ccfcd26856f3a7a11bd6,/V2/TN/ZLUHRC.mp3
65459b9e2b1adb1318ec35126af8ab62,/V2/TN/ZLUHSC.mp3
befbf6c12ff5af536f56521e607e210d,/V2/TN/ZLUHSD.mp3
d2e686428cee2193d5778c9b559a28b4,/V2/TN/ZLUHSK.mp3
365e0558fa33fc39376233b03b011b91,/V2/TN/ZLUHSN.mp3
82fea5872f1e2472b8147cbffe976784,/V2/TN/ZLUHTD.mp3
d69b09ff6e1a4a22109e65328b529d2c,/V2/TN/ZLUHWC.mp3
e1517a610d3581c03946147918ca4ff2,/V2/TN/ZLUHWE.mp3
92024ccc6bc6b333933feb583a9521a8,/V2/TN/ZLUHWT.mp3
5534a16636fbe3702d1fcb9bb1c94066,/V2/TN/ZLUHWY.mp3
10752dd992a6de471722898e11b8100d,/V2/TN/ZLUICK.mp3
3ceb753651b1c090d021574d9b5f65b8,/V2/TN/ZLUKBN.mp3
d070e70418e2c6afe040ef0dfe603401,/V2/TN/ZLUKBY.mp3
aefe4c6516924e715a0dd30aa8ad3b05,/V2/TN/ZLUKEN.mp3
7e1b921f3f98541c2b271a34ecd7019d,/V2/TN/ZLUKNB.mp3
35e60c37a52ca62f994970b5a9846c59,/V2/TN/ZLUKNG.mp3
cc3b0b965ba86190973ee61c929f763c,/V2/TN/ZLUKOY.mp3
5a282fbdf8ca040df2a4b6b19f7924c2,/V2/TN/ZLUKPK.mp3
a755b13e0456e18155a4b11b0170a6a9,/V2/TN/ZLUKSH.mp3
a0c7007c096f558557fc92d0b2ab2c53,/V2/TN/ZLUKSL.mp3
5a5af97d7ec1ec45f390fbc75037a545,/V2/TN/ZLUKSX.mp3
1a50a73500f69b1fa7f29fa45f33328b,/V2/TN/ZLUKWG.mp3
83ccd00fca74e33086056514ffb7b2e8,/V2/TN/ZLULAD.mp3
14861037ead78ae9f0fd58dcae0dc003,/V2/TN/ZLULBN.mp3
fa237e6baef41241bd51ff858d348906,/V2/TN/ZLULGN.mp3
b7f9c609659db153a72fc7830bdc71ba,/V2/TN/ZLULGT.mp3
e12569d2df2d225ab35e9e8fc24fffda,/V2/TN/ZLULNB.mp3
59ae11ba9ffd27c2f039bbf0a0d87fd9,/V2/TN/ZLULRD.mp3
d857df5b94c5a595c931bdf095025417,/V2/TN/ZLULSQ.mp3
a7291563eedf326e48770698ae8c7b10,/V2/TN/ZLULVT.mp3
d61e36b576b0ab1bb8a195eaed1e2a53,/V2/TN/ZLULYN.mp3
9ea38ec39c49fefe2beb76ce9e80174d,/V2/TN/ZLULYS.mp3
c4804552758c91ad4dedc6f34cb3c281,/V2/TN/ZLUMBA.mp3
4f3ab40cef592b5db868f7bd29b59d73,/V2/TN/ZLUMDN.mp3
637aceed38d08af58d34f758e2c25ab5,/V2/TN/ZLUMED.mp3
b8704e409a617786a772b68a0adb9a0f,/V2/TN/ZLUMGT.mp3
3274d1087fae7ce81b571ef63e1ca0e1,/V2/TN/ZLUMHL.mp3
deea8ba54910a957428ec749fc9deed1,/V2/TN/ZLUMMT.mp3
c3dc1111531820c116ad91af061e72e0,/V2/TN/ZLUMPK.mp3
102a0399dddbb5cfd3342c44da616632,/V2/TN/ZLUMRH.mp3
e7598adbaf31e6b599baa057dd9e6bd7,/V2/TN/ZLUMSH.mp3
7d54f9ce1232bd240fca9cb209a41444,/V2/TN/ZLUMTC.mp3
c6157275d69714ee9780d0e5cae4a11d,/V2/TN/ZLUMVL.mp3
9dad0e1a91bd52a444500ec8b1b43e60,/V2/TN/ZLUMYB.mp3
80c3622e91db85af1f42a84b97e9fdfc,/V2/TN/ZLUNAN.mp3
78df84f515bdb00211f2b501299b1f12,/V2/TN/ZLUNBP.mp3
f2f2005712fb78a95e6a41cf2960dfe4,/V2/TN/ZLUNDN.mp3
30afc004f773df5c76fe4cff9d9b2e4d,/V2/TN/ZLUNEN.mp3
beda0f2085bf366d015b4c6402038b0e,/V2/TN/ZLUNFD.mp3
4702264c577194f47ff1d6016afa65c2,/V2/TN/ZLUNGW.mp3
e27966556757f7dc86ec73cbabe35981,/V2/TN/ZLUNHA.mp3
7bbc9a13507bc6f4de96a9948d1ecce2,/V2/TN/ZLUNHG.mp3
69c3515110869aa24eac6a53e622df2e,/V2/TN/ZLUNHT.mp3
25ff7d88aa63884cab43dedd4bd9b5d8,/V2/TN/ZLUNKP.mp3
426b1722fc603e01e9a33ae4b4b367c7,/V2/TN/ZLUNOW.mp3
2a9e981079e23e56e1035ba4ac4b1fa2,/V2/TN/ZLUNWH.mp3
2da2431b208bbe629a888841d30d9154,/V2/TN/ZLUNWY.mp3
c713eb8ee7678e435e2c64f188146f70,/V2/TN/ZLUOAK.mp3
a6656a89c45034b330d683c9b294fcd6,/V2/TN/ZLUODS.mp3
aff4a0d852fa61f274256b64c21352a9,/V2/TN/ZLUOSY.mp3
e4e276249ea5e1bffedc2cd659bb7d39,/V2/TN/ZLUOVL.mp3
aba84767efe51121c0f31f1b9734adee,/V2/TN/ZLUOXC.mp3
e05df507c77702e41c7d046e6b4aca9e,/V2/TN/ZLUPAC.mp3
dcbc55df034d9d3f8ed446e90d5e864e,/V2/TN/ZLUPAH.mp3
2e0b2ba30a5fe61468ada93a5c98db38,/V2/TN/ZLUPCC.mp3
e676fa1d5818ea1d411ba3aa652dbb0a,/V2/TN/ZLUPCO.mp3
bf805160f8990dd2c6a4ecb734617f89,/V2/TN/ZLUPKR.mp3
5fd75a26b2b33566eaf08f54078cf1af,/V2/TN/ZLUPLW.mp3
7cc16c00a2941d7273f37a0cd31cdd2a,/V2/TN/ZLUPNR.mp3
068babeeff5125fb2f147bd9b52921c3,/V2/TN/ZLUPRD.mp3
b44e8b13d657b9dc243548ce44333235,/V2/TN/ZLUPSG.mp3
d3a733cbdc871b564f319e1773b8a675,/V2/TN/ZLUPVL.mp3
134cf256af6cf928d33f50868712dbff,/V2/TN/ZLUPYB.mp3
2f402e8d134bd69b2db7882183d8b4d3,/V2/TN/ZLUQBY.mp3
de866a128e681a33ab1222d81bd26b8e,/V2/TN/ZLUQPS.mp3
72aebbcd1f28e8a4536efd24d1152537,/V2/TN/ZLUQWY.mp3
01e9f3c6224b523128bf453334d8bc13,/V2/TN/ZLURBG.mp3
c9b19f38dd9fe1cd0b17b13e6befaadd,/V2/TN/ZLURGP.mp3
eb37f3a05b51f0620623cfaa4ea8230e,/V2/TN/ZLURKW.mp3
cf3d366b844dad07f7d8edc76587112d,/V2/TN/ZLURMD.mp3
0a05b757175745259109134b970bed95,/V2/TN/ZLURSG.mp3
d5a76389a47644aa5148b9e8ec14686b,/V2/TN/ZLURSM.mp3
c41d18ff866735281c53681d59b16048,/V2/TN/ZLURSP.mp3
d99caf0ffb435e492621e73460b499da,/V2/TN/ZLURSQ.mp3
65a6f55669251b402e797c0e641bb8e1,/V2/TN/ZLURVP.mp3
f90cce2efed07c35ce280dd773bacc55,/V2/TN/ZLURVY.mp3
270de8ee4a4ae4055308e04329b5d5cf,/V2/TN/ZLURYL.mp3
5217d3e45bf724f9a324a3334cafc198,/V2/TN/ZLURYO.mp3
f057b5004ba7b1185b26d7e644338613,/V2/TN/ZLUSBC.mp3
efb93ae7f0d243e30cd0dbd9d9912045,/V2/TN/ZLUSBM.mp3
13d05fb8e903e0b1a8db15d1cce9900c,/V2/TN/ZLUSEA.mp3
ad363c8ce44c96dec8f4bd96965f9fd9,/V2/TN/ZLUSFB.mp3
33043a27bc8fcdf0d9c490899ac97f23,/V2/TN/ZLUSFS.mp3
67149f01a3913c49d2e3c82c182f1091,/V2/TN/ZLUSGN.mp3
3dcf88714866b8fe2351afeb7c40b5ee,/V2/TN/ZLUSGP.mp3
577d1799d044f458757e4af00e74ca6c,/V2/TN/ZLUSGT.mp3
5c6109d95f5f7f55d362786bd3a12c52,/V2/TN/ZLUSHH.mp3
57a84a83d8f7f5768fc484a600aa95ee,/V2/TN/ZLUSJP.mp3
18d0c5c803812721ca3e225f16137de5,/V2/TN/ZLUSJW.mp3
6be58561dc068997ec83a854151d9613,/V2/TN/ZLUSKS.mp3
0421f2c67d411347de6831442c53f4fa,/V2/TN/ZLUSKT.mp3
78be65ade9fc9d286fa8ff4174a96dae,/V2/TN/ZLUSKW.mp3
6f50d1df054cb0e16f64e2f8139e58ef,/V2/TN/ZLUSNB.mp3
2940b8362043f79289e1d46d9580cb79,/V2/TN/ZLUSPU.mp3
dad5c15a0e91e68ac7b9e7a2a7ff4e64,/V2/TN/ZLUSRP.mp3
5ac7b0bf00abb9257ee713b79ab9d7b2,/V2/TN/ZLUSSQ.mp3
a4defde3ba33fcf0efaecdfb1df8e6a8,/V2/TN/ZLUSTD.mp3
71708938d61f7c0396a182306c48b696,/V2/TN/ZLUSTM.mp3
e5c174b75d77189518bc96b2e2e4b08e,/V2/TN/ZLUSUH.mp3
89d272f37db760a5fa0d8a0e04e3361b,/V2/TN/ZLUSUT.mp3
b4fec3889eed845762a1b876ff731bee,/V2/TN/ZLUSVS.mp3
286bcdb99cc6b3c66dfd724159e6335b,/V2/TN/ZLUSWC.mp3
f5bd06c9debfa37a3c2762ad6b541098,/V2/TN/ZLUSWF.mp3
01a1a2cfe4482142d97dc7e2caa4448c,/V2/TN/ZLUSWK.mp3
1c372d72236ea46f29ec5486a981336b,/V2/TN/ZLUSWN.mp3
858d2de1c1241c0445f2be491472f5b4,/V2/TN/ZLUTAW.mp3
10efe9ce42d919ecb2732e57c806917f,/V2/TN/ZLUTBC.mp3
7d503b28d3439202aacb12b343d3606e,/V2/TN/ZLUTBY.mp3
768a95da85143a46b17f88e68e26ebc3,/V2/TN/ZLUTCR.mp3
6de2fcd653739195269212de5d72809f,/V2/TN/ZLUTFP.mp3
fb85ed787fc3c783cce16b87ca5ede62,/V2/TN/ZLUTHB.mp3
69ca995259244f191a7733cbe94a2676,/V2/TN/ZLUTMH.mp3
a07a07a2a71b3b30107aff54292c6237,/V2/TN/ZLUTMP.mp3
d8890ed8a56ae6747c57854fcaf3dcbb,/V2/TN/ZLUTNG.mp3
31a76d46278f087ba85b5a2af62a3f22,/V2/TN/ZLUTPN.mp3
7ae9d2dca015ecf473db4f0d391ef6e6,/V2/TN/ZLUTWH.mp3
f62bbb06bccad53dd30fc8e328695f43,/V2/TN/ZLUUPB.mp3
1764fed19855476b333328489aa7ff95,/V2/TN/ZLUUPK.mp3
0eb9236de65d4693f718cac1e004f8a0,/V2/TN/ZLUUPM.mp3
5ff136ad30605982b6f3b7bac3fdddbd,/V2/TN/ZLUUPY.mp3
09114335ad427a95da7788b0929d10ba,/V2/TN/ZLUUXB.mp3
6c3bae09a97c070937078d045d325959,/V2/TN/ZLUVIC.mp3
104d15caf79e1baf111b4242162b8b17,/V2/TN/ZLUVXL.mp3
bf9b48d26a1627311721990f3ebc41ae,/V2/TN/ZLUWAF.mp3
0408bd0e80cee7b41d9e06e60ce48c7a,/V2/TN/ZLUWBN.mp3
3e1c4c11bb231907b381045496f586f0,/V2/TN/ZLUWCY.mp3
309f785e668bfe9a6c093af83c2e029d,/V2/TN/ZLUWFN.mp3
335232ea6836dc7f336925620cae59c7,/V2/TN/ZLUWHM.mp3
bc10b3e14cdb2e549f7aace74d07531c,/V2/TN/ZLUWHP.mp3
fac00f39a7df1276ccc9f0ec353eea9b,/V2/TN/ZLUWHW.mp3
9adbe87936669cc1217ceb665e977138,/V2/TN/ZLUWIG.mp3
8ea6c3c9d809535f8e8bbaf715bc080c,/V2/TN/ZLUWIM.mp3
f98976809351c7f970876e364068763f,/V2/TN/ZLUWIP.mp3
b5ebf2affb0f286703a2cfca91faadc8,/V2/TN/ZLUWJN.mp3
647055a73448cacb5f15436b15d3d2e4,/V2/TN/ZLUWKA.mp3
30deacc1cbab08b4e4e858863c774e22,/V2/TN/ZLUWKN.mp3
b3d263eb3293f35203d163e5a7226078,/V2/TN/ZLUWLA.mp3
b5f595643349b7ae414419316bfef69c,/V2/TN/ZLUWLO.mp3
9682a24da18144a8df27df5513a9a8b6,/V2/TN/ZLUWOF.mp3
5f4c457c29d1a119093e2daa9738b70c,/V2/TN/ZLUWOG.mp3
16bb321b4f443ac782f3aac89cade0b0,/V2/TN/ZLUWOP.mp3
60eba81cf4834d88d4b600341bdf7f21,/V2/TN/ZLUWPL.mp3
7d202fd177c01c221bcf12196bd61d0a,/V2/TN/ZLUWRP.mp3
2e88fb38b0d627e5cb7f9ab7c88cad02,/V2/TN/ZLUWRR.mp3
ba7c43ab4442310f7e392e5170b858bf,/V2/TN/ZLUWSD.mp3
85bd3ab4d99471fbe9a3f0eb1afdb60e,/V2/TN/ZLUWSM.mp3
114c8440e6a17a39171217f676607a5a,/V2/TN/ZLUWSP.mp3
f75c44bd6ed593932a2ad19929560650,/V2/TN/ZLUWTA.mp3
03ec06cf79bdd4d46b8b134131980870,/V2/TN/ZLUWWL.mp3
009e6a1268d28ab7477d433dead6f92d,/V2/TN/ZLUWYC.mp3
8af0de94ac1e51e1934eaecd7ed7315d,/V2/TN/ZLUWYP.mp3
466514416f576d8e1b21aa99ca27a1c9,/V2/TN/ZNEUGS.mp3
5a9a97e56227a05ca51a2433a617a901,/V2/voice.json
